user_id,signup_date,last_active_date,plan_type,acquisition_channel,country,sessions_30d,active_days_30d,ai_feature_usage,export_feature_usage,collaboration_feature_usage,avg_session_minutes,support_tickets,onboarding_completed,trial_to_paid,subscription_status,churned,monthly_revenue
USR-000001,2026-07-14,2026-09-28,Free,Social,United Kingdom,6,6,4,1,3,18.1,0,1,0,Free,0,0.0
USR-000002,2025-03-11,2026-09-26,Free,Content,Other,7,3,4,1,0,15.0,1,1,0,Free,0,0.0
USR-000003,2025-06-04,2026-09-24,Free,Organic Search,Other,15,7,9,2,1,10.8,0,1,0,Free,0,0.0
USR-000004,2025-11-06,2026-09-24,Pro,Organic Search,United States,14,14,10,4,1,14.3,0,1,1,Active Paid,0,29.0
USR-000005,2025-11-10,2026-09-20,Free,Social,United States,0,0,0,0,0,0.0,0,0,0,Free,0,0.0
USR-000006,2025-01-10,2026-09-22,Free,Organic Search,Germany,7,7,6,0,3,19.1,0,1,0,Free,0,0.0
USR-000007,2026-07-16,2026-09-25,Free,Organic Search,Canada,5,5,1,0,1,14.5,0,0,0,Free,0,0.0
USR-000008,2025-05-05,2026-09-15,Free,Paid Search,United States,2,2,0,1,0,13.5,1,1,0,Free,0,0.0
USR-000009,2026-04-24,2026-07-20,Team,Social,United States,10,10,7,7,5,18.8,0,0,1,Churned,1,0.0
USR-000010,2026-07-10,2026-09-25,Free,Paid Search,United States,5,5,5,1,1,15.1,0,1,1,Free,0,0.0
USR-000011,2025-09-04,2026-09-23,Team,Social,Canada,9,9,6,6,3,16.4,0,1,1,Active Paid,0,89.0
USR-000012,2024-10-18,2026-09-21,Free,Content,United States,12,12,14,2,3,13.1,0,1,1,Free,0,0.0
USR-000013,2025-04-07,2026-09-19,Free,Social,France,7,5,1,0,1,12.0,1,1,0,Free,0,0.0
USR-000014,2025-03-20,2026-09-24,Free,Paid Search,United States,8,8,5,0,0,14.4,0,1,1,Free,0,0.0
USR-000015,2025-04-21,2026-07-31,Free,Organic Search,United Kingdom,2,2,2,0,0,16.4,0,1,0,Churned,1,0.0
USR-000016,2025-03-02,2026-09-18,Pro,Organic Search,Canada,5,5,2,3,1,9.7,0,0,1,Active Paid,0,29.0
USR-000017,2025-09-14,2026-07-07,Free,Social,United States,0,0,1,0,0,0.0,0,0,0,Churned,1,0.0
USR-000018,2026-06-16,2026-09-20,Free,Referral,Other,0,0,0,0,0,0.0,0,1,0,Free,0,0.0
USR-000019,2025-01-23,2026-09-19,Pro,Organic Search,France,4,4,3,0,0,13.5,2,0,1,Active Paid,0,29.0
USR-000020,2025-10-28,2026-09-24,Pro,Organic Search,Other,18,18,15,6,7,23.2,0,1,1,Active Paid,0,29.0
USR-000021,2025-09-23,2026-09-27,Team,Paid Search,Canada,12,11,11,1,3,18.0,0,1,1,Active Paid,0,89.0
USR-000022,2025-12-24,2026-09-24,Team,Paid Search,United Kingdom,12,12,13,8,13,28.9,0,1,1,Active Paid,0,89.0
USR-000023,2026-05-08,2026-09-27,Pro,Partnership,United States,14,13,9,11,4,21.5,1,1,1,Active Paid,0,29.0
USR-000024,2024-11-22,2026-09-22,Pro,Organic Search,Canada,6,6,2,1,2,10.9,0,0,1,Active Paid,0,29.0
USR-000025,2025-03-06,2026-09-26,Pro,Organic Search,Germany,8,8,5,0,1,19.1,0,0,1,Active Paid,0,29.0
USR-000026,2025-06-12,2026-09-24,Free,Paid Search,United Kingdom,1,1,1,0,0,23.1,1,0,0,Free,0,0.0
USR-000027,2025-12-02,2026-09-26,Pro,Organic Search,United States,17,16,16,12,7,23.7,1,1,1,Active Paid,0,29.0
USR-000028,2025-02-04,2026-09-25,Free,Organic Search,United States,7,7,5,0,0,10.5,0,1,0,Free,0,0.0
USR-000029,2025-08-22,2026-09-09,Pro,Paid Search,United States,5,5,3,1,0,14.7,0,0,1,Churned,1,0.0
USR-000030,2025-11-02,2026-09-26,Team,Paid Search,United Kingdom,6,6,4,4,1,20.5,0,1,1,Active Paid,0,89.0
USR-000031,2025-10-28,2026-08-04,Free,Organic Search,Germany,5,5,3,0,0,13.1,0,0,1,Churned,1,0.0
USR-000032,2026-04-06,2026-09-22,Pro,Social,Other,7,7,5,2,1,20.2,0,1,1,Active Paid,0,29.0
USR-000033,2026-07-12,2026-09-25,Team,Social,United States,7,5,3,1,2,12.5,1,0,1,Active Paid,0,89.0
USR-000034,2025-08-15,2026-09-26,Free,Organic Search,United States,1,1,0,0,0,13.5,0,0,0,Free,0,0.0
USR-000035,2024-12-20,2026-09-23,Free,Content,United States,2,2,0,0,1,14.5,0,1,0,Free,0,0.0
USR-000036,2026-08-01,2026-09-28,Team,Paid Search,United States,15,15,12,16,6,15.3,0,1,1,Active Paid,0,89.0
USR-000037,2025-01-10,2026-09-20,Team,Partnership,France,11,11,14,5,6,17.2,0,1,1,Active Paid,0,89.0
USR-000038,2025-02-01,2026-09-22,Free,Partnership,United States,4,3,1,0,0,15.8,0,1,0,Free,0,0.0
USR-000039,2026-03-02,2026-09-24,Free,Paid Search,Other,5,5,1,0,0,13.0,0,0,0,Free,0,0.0
USR-000040,2025-06-21,2026-09-25,Pro,Organic Search,Other,14,11,7,4,2,17.1,0,1,1,Active Paid,0,29.0
USR-000041,2026-05-20,2026-09-23,Free,Content,Canada,5,5,2,3,0,13.7,0,1,0,Free,0,0.0
USR-000042,2025-03-22,2026-09-24,Free,Paid Search,Other,8,8,9,4,1,14.2,0,1,1,Free,0,0.0
USR-000043,2025-05-03,2026-09-21,Free,Organic Search,Germany,8,4,5,0,0,18.3,0,1,0,Free,0,0.0
USR-000044,2026-01-05,2026-07-28,Free,Social,Other,5,5,4,0,1,10.5,0,1,0,Churned,1,0.0
USR-000045,2026-07-29,2026-08-31,Pro,Social,United States,4,4,2,0,0,8.9,1,0,1,Churned,1,0.0
USR-000046,2024-10-21,2026-09-28,Pro,Content,Other,7,7,7,5,0,19.7,0,1,1,Active Paid,0,29.0
USR-000047,2025-11-01,2026-09-18,Pro,Referral,United States,7,5,3,2,0,10.6,2,0,1,Active Paid,0,29.0
USR-000048,2024-12-16,2026-09-23,Pro,Content,United Kingdom,11,6,6,2,2,17.4,2,1,1,Active Paid,0,29.0
USR-000049,2025-05-19,2026-09-23,Free,Referral,Other,8,8,3,1,0,14.8,0,1,1,Free,0,0.0
USR-000050,2025-03-08,2026-09-22,Free,Referral,United Kingdom,13,8,6,1,1,20.2,0,1,0,Free,0,0.0
USR-000051,2025-03-21,2026-09-22,Free,Social,United States,4,4,3,0,0,4.5,1,1,1,Free,0,0.0
USR-000052,2026-04-29,2026-09-19,Free,Partnership,United States,7,7,5,2,0,12.7,0,1,0,Free,0,0.0
USR-000053,2025-12-29,2026-09-18,Free,Partnership,United States,2,1,1,1,0,11.0,0,1,0,Free,0,0.0
USR-000054,2025-10-17,2026-09-27,Free,Content,United Kingdom,13,13,13,4,1,17.1,0,1,1,Free,0,0.0
USR-000055,2025-09-25,2026-09-25,Free,Referral,United Kingdom,6,6,8,1,2,19.5,0,1,0,Free,0,0.0
USR-000056,2026-08-15,2026-09-20,Free,Social,Canada,1,1,0,0,0,17.5,0,1,0,Free,0,0.0
USR-000057,2025-08-21,2026-09-23,Pro,Paid Search,Australia,0,0,0,0,0,0.0,0,1,1,Active Paid,0,29.0
USR-000058,2026-05-28,2026-09-03,Pro,Content,United States,6,6,0,1,1,10.1,1,1,1,Churned,1,0.0
USR-000059,2025-04-02,2026-09-28,Team,Organic Search,Other,12,12,7,7,6,20.9,1,1,1,Active Paid,0,89.0
USR-000060,2025-05-15,2026-09-26,Pro,Organic Search,Germany,12,12,11,9,4,20.9,1,1,1,Active Paid,0,29.0
USR-000061,2024-11-25,2026-09-25,Pro,Paid Search,France,12,12,10,5,7,19.2,1,1,1,Active Paid,0,29.0
USR-000062,2025-04-01,2026-09-16,Free,Social,France,2,2,1,1,1,17.0,1,1,0,Free,0,0.0
USR-000063,2025-12-27,2026-09-25,Pro,Social,Other,7,7,1,2,1,14.6,0,1,1,Active Paid,0,29.0
USR-000064,2024-10-24,2026-09-22,Free,Organic Search,United States,11,9,9,3,5,13.7,1,1,0,Free,0,0.0
USR-000065,2025-11-26,2026-09-22,Free,Organic Search,Germany,6,6,3,0,0,14.6,0,1,0,Free,0,0.0
USR-000066,2026-01-26,2026-09-06,Free,Organic Search,Other,5,5,2,1,0,16.1,2,0,0,Churned,1,0.0
USR-000067,2024-12-07,2026-09-21,Free,Paid Search,France,3,2,0,1,0,16.5,0,0,0,Free,0,0.0
USR-000068,2025-12-25,2026-09-16,Free,Organic Search,United States,7,7,0,1,0,17.1,0,1,0,Free,0,0.0
USR-000069,2026-07-23,2026-09-27,Pro,Referral,Germany,9,9,10,3,6,20.0,0,1,1,Active Paid,0,29.0
USR-000070,2025-10-15,2026-07-09,Pro,Organic Search,Australia,10,10,5,4,2,12.1,0,1,1,Churned,1,0.0
USR-000071,2025-02-24,2026-09-22,Pro,Paid Search,United States,4,4,1,1,1,16.5,0,0,1,Active Paid,0,29.0
USR-000072,2026-05-03,2026-09-25,Pro,Paid Search,Germany,4,4,1,0,0,11.0,0,1,1,Active Paid,0,29.0
USR-000073,2025-10-19,2026-08-07,Free,Social,Other,10,10,6,2,1,18.9,1,1,0,Churned,1,0.0
USR-000074,2026-06-15,2026-09-26,Free,Content,Canada,5,5,1,0,1,12.3,1,1,0,Free,0,0.0
USR-000075,2025-05-13,2026-09-19,Pro,Organic Search,United States,8,6,3,2,1,13.2,0,0,1,Active Paid,0,29.0
USR-000076,2025-10-10,2026-09-23,Free,Paid Search,Canada,6,6,0,3,0,16.4,1,1,0,Free,0,0.0
USR-000077,2026-01-22,2026-09-17,Free,Referral,Germany,12,4,8,5,1,15.2,0,1,0,Free,0,0.0
USR-000078,2026-04-06,2026-07-06,Free,Organic Search,United Kingdom,4,4,1,0,1,13.3,0,1,0,Churned,1,0.0
USR-000079,2025-08-08,2026-09-23,Team,Content,France,9,9,10,5,6,16.9,2,1,1,Active Paid,0,89.0
USR-000080,2025-05-25,2026-09-25,Pro,Partnership,United Kingdom,13,13,5,6,3,15.1,1,1,1,Active Paid,0,29.0
USR-000081,2024-11-12,2026-09-25,Free,Social,Other,8,5,7,0,3,15.2,0,0,0,Free,0,0.0
USR-000082,2025-11-07,2026-09-22,Pro,Partnership,Australia,7,7,5,2,0,15.0,1,0,1,Active Paid,0,29.0
USR-000083,2026-05-24,2026-09-24,Free,Paid Search,Australia,10,10,5,2,2,13.0,0,1,0,Free,0,0.0
USR-000084,2025-01-28,2026-07-26,Free,Paid Search,Canada,1,1,1,0,0,19.3,0,0,0,Churned,1,0.0
USR-000085,2025-06-22,2026-08-22,Free,Organic Search,United States,7,3,1,0,0,9.7,0,0,0,Churned,1,0.0
USR-000086,2025-05-03,2026-09-25,Free,Organic Search,France,5,5,3,1,0,12.8,0,1,0,Free,0,0.0
USR-000087,2026-07-08,2026-09-24,Pro,Organic Search,United States,12,12,7,7,2,9.9,0,1,1,Active Paid,0,29.0
USR-000088,2026-02-04,2026-09-19,Free,Social,Canada,0,0,0,0,1,0.0,1,1,0,Free,0,0.0
USR-000089,2025-03-15,2026-09-23,Pro,Social,United States,15,15,14,4,1,21.6,0,1,1,Active Paid,0,29.0
USR-000090,2025-01-28,2026-08-16,Free,Organic Search,Canada,2,2,2,0,0,8.5,0,1,1,Churned,1,0.0
USR-000091,2025-11-08,2026-07-03,Pro,Social,France,6,6,4,2,0,10.7,0,0,1,Churned,1,0.0
USR-000092,2025-02-17,2026-09-24,Pro,Organic Search,United Kingdom,0,0,0,0,0,0.0,0,0,1,Active Paid,0,29.0
USR-000093,2025-01-22,2026-09-27,Pro,Paid Search,United Kingdom,13,13,14,6,7,18.0,1,1,1,Active Paid,0,29.0
USR-000094,2025-12-12,2026-09-25,Pro,Organic Search,United States,12,12,11,7,2,14.5,0,1,1,Active Paid,0,29.0
USR-000095,2024-12-12,2026-09-26,Team,Referral,United States,19,15,26,9,10,20.9,1,1,1,Active Paid,0,89.0
USR-000096,2026-02-21,2026-09-20,Free,Social,United Kingdom,5,5,1,0,1,14.8,1,0,0,Free,0,0.0
USR-000097,2026-03-28,2026-09-27,Pro,Referral,Other,6,6,4,2,0,14.1,0,1,1,Active Paid,0,29.0
USR-000098,2025-05-16,2026-09-26,Pro,Organic Search,Other,7,7,4,5,1,25.7,0,1,1,Active Paid,0,29.0
USR-000099,2025-06-17,2026-09-27,Free,Paid Search,Other,11,11,3,6,1,17.8,0,1,0,Free,0,0.0
USR-000100,2026-06-08,2026-07-15,Free,Partnership,United States,7,6,7,0,0,12.9,0,1,1,Churned,1,0.0
USR-000101,2025-01-28,2026-09-23,Free,Organic Search,United States,6,6,4,0,0,17.0,0,1,0,Free,0,0.0
USR-000102,2026-04-26,2026-09-24,Free,Paid Search,Canada,6,6,1,1,2,5.9,0,1,0,Free,0,0.0
USR-000103,2025-02-17,2026-09-22,Free,Organic Search,Germany,4,4,1,0,3,12.3,0,1,1,Free,0,0.0
USR-000104,2026-09-10,2026-09-16,Free,Organic Search,France,3,3,0,0,1,8.6,0,0,0,Free,0,0.0
USR-000105,2025-02-23,2026-09-23,Pro,Social,Australia,3,3,3,1,0,20.9,1,1,1,Active Paid,0,29.0
USR-000106,2025-03-02,2026-09-26,Free,Organic Search,Canada,11,11,5,4,1,25.2,0,1,0,Free,0,0.0
USR-000107,2025-03-07,2026-08-05,Pro,Social,Canada,9,9,5,2,0,18.0,0,0,1,Churned,1,0.0
USR-000108,2025-05-28,2026-09-17,Free,Partnership,Other,5,5,0,1,1,12.5,1,1,1,Free,0,0.0
USR-000109,2025-10-13,2026-08-24,Pro,Organic Search,United States,5,5,2,2,2,13.5,0,1,1,Churned,1,0.0
USR-000110,2025-04-29,2026-09-23,Free,Organic Search,Australia,7,7,5,1,3,15.2,0,0,0,Free,0,0.0
USR-000111,2026-03-01,2026-09-22,Free,Content,France,5,5,5,1,0,11.7,0,1,0,Free,0,0.0
USR-000112,2025-03-06,2026-09-08,Free,Social,United States,6,6,0,0,0,16.2,0,1,0,Churned,1,0.0
USR-000113,2025-08-14,2026-09-25,Pro,Content,Other,19,14,18,12,2,25.5,0,1,1,Active Paid,0,29.0
USR-000114,2025-10-22,2026-09-16,Free,Paid Search,Other,6,6,4,2,1,20.9,0,1,0,Free,0,0.0
USR-000115,2025-09-19,2026-09-26,Team,Referral,Australia,10,10,10,6,7,25.6,0,1,1,Active Paid,0,89.0
USR-000116,2025-08-05,2026-08-25,Free,Partnership,United States,4,4,0,0,0,12.4,0,1,0,Churned,1,0.0
USR-000117,2026-08-20,2026-09-22,Pro,Organic Search,United States,7,7,5,1,0,17.2,0,1,1,Active Paid,0,29.0
USR-000118,2026-06-08,2026-09-04,Free,Content,France,8,8,8,0,4,19.5,1,1,1,Churned,1,0.0
USR-000119,2026-03-24,2026-09-25,Pro,Referral,United States,16,13,15,7,3,12.3,0,1,1,Active Paid,0,29.0
USR-000120,2026-06-26,2026-09-28,Free,Content,United States,7,7,6,0,1,11.7,0,1,1,Free,0,0.0
USR-000121,2025-11-05,2026-09-24,Free,Organic Search,United Kingdom,8,8,0,2,0,11.0,1,1,1,Free,0,0.0
USR-000122,2025-05-26,2026-09-27,Free,Paid Search,United States,9,8,3,0,1,15.2,0,1,1,Free,0,0.0
USR-000123,2025-06-05,2026-09-29,Free,Organic Search,France,10,10,3,1,2,14.8,1,0,0,Free,0,0.0
USR-000124,2025-10-14,2026-09-14,Free,Partnership,Canada,6,6,1,2,0,14.6,0,0,1,Churned,1,0.0
USR-000125,2025-01-12,2026-09-19,Team,Organic Search,United States,4,4,6,2,5,14.5,0,1,1,Active Paid,0,89.0
USR-000126,2025-08-07,2026-09-10,Free,Organic Search,Canada,0,0,0,0,0,0.0,1,1,1,Churned,1,0.0
USR-000127,2026-07-21,2026-09-24,Free,Content,United States,9,9,10,4,0,18.4,1,1,0,Free,0,0.0
USR-000128,2025-03-18,2026-09-27,Team,Paid Search,United States,14,13,15,11,12,18.6,0,1,1,Active Paid,0,89.0
USR-000129,2025-08-01,2026-07-25,Free,Social,Canada,3,3,1,0,0,13.5,0,0,0,Churned,1,0.0
USR-000130,2025-06-19,2026-07-13,Free,Paid Search,Canada,1,1,0,0,0,5.8,0,0,0,Churned,1,0.0
USR-000131,2025-08-07,2026-08-30,Pro,Referral,United Kingdom,1,1,0,0,0,21.5,1,1,1,Churned,1,0.0
USR-000132,2025-08-16,2026-09-26,Team,Organic Search,Germany,16,16,14,11,18,17.6,0,1,1,Active Paid,0,89.0
USR-000133,2026-07-13,2026-08-21,Pro,Social,United Kingdom,9,7,1,2,1,6.0,0,1,1,Churned,1,0.0
USR-000134,2025-08-12,2026-09-19,Free,Social,Germany,3,3,0,0,0,9.3,0,0,0,Free,0,0.0
USR-000135,2025-02-24,2026-09-20,Team,Paid Search,United Kingdom,11,11,12,6,9,12.3,1,1,1,Active Paid,0,89.0
USR-000136,2026-02-10,2026-07-23,Free,Paid Search,France,3,3,1,1,0,9.0,0,0,0,Churned,1,0.0
USR-000137,2025-07-11,2026-09-24,Team,Organic Search,Germany,9,9,2,2,8,17.1,0,1,1,Active Paid,0,89.0
USR-000138,2026-08-24,2026-08-27,Pro,Referral,United States,6,6,5,0,1,10.6,1,0,1,Churned,1,0.0
USR-000139,2026-01-10,2026-09-23,Team,Organic Search,France,6,6,5,5,4,19.6,1,1,1,Active Paid,0,89.0
USR-000140,2025-11-07,2026-09-22,Free,Paid Search,Australia,2,2,0,0,0,3.7,0,0,0,Free,0,0.0
USR-000141,2024-10-13,2026-07-03,Free,Paid Search,United States,0,0,0,0,0,0.0,0,0,0,Churned,1,0.0
USR-000142,2026-04-15,2026-07-15,Pro,Social,Germany,5,5,2,1,4,10.3,1,0,1,Churned,1,0.0
USR-000143,2026-03-02,2026-09-21,Free,Referral,Australia,0,0,0,0,1,0.0,0,0,0,Free,0,0.0
USR-000144,2025-11-27,2026-09-22,Free,Paid Search,United States,2,2,0,0,0,12.5,0,1,0,Free,0,0.0
USR-000145,2024-10-06,2026-09-26,Team,Content,Other,8,8,5,4,1,14.9,0,1,1,Active Paid,0,89.0
USR-000146,2025-01-13,2026-09-25,Pro,Referral,United Kingdom,13,9,11,3,0,6.8,0,1,1,Active Paid,0,29.0
USR-000147,2026-08-22,2026-08-22,Free,Content,France,4,4,3,0,1,13.9,0,0,0,Churned,1,0.0
USR-000148,2026-04-01,2026-09-22,Free,Referral,Other,2,2,1,0,0,8.0,1,1,0,Free,0,0.0
USR-000149,2025-02-05,2026-09-26,Free,Organic Search,Other,0,0,0,0,1,0.0,0,0,0,Free,0,0.0
USR-000150,2026-08-05,2026-09-22,Free,Partnership,Germany,9,9,5,2,0,15.6,0,1,1,Free,0,0.0
USR-000151,2025-01-12,2026-09-27,Free,Content,France,1,1,0,0,0,7.6,0,0,0,Free,0,0.0
USR-000152,2026-02-26,2026-08-30,Pro,Social,United States,12,7,10,5,4,16.8,0,0,1,Churned,1,0.0
USR-000153,2024-11-28,2026-09-21,Pro,Organic Search,United States,4,4,2,1,3,12.7,1,1,1,Active Paid,0,29.0
USR-000154,2026-02-18,2026-09-22,Free,Organic Search,Other,9,4,5,0,1,16.2,0,1,1,Free,0,0.0
USR-000155,2025-11-09,2026-07-10,Free,Social,United Kingdom,0,0,1,0,0,0.0,0,0,0,Churned,1,0.0
USR-000156,2025-05-30,2026-09-13,Pro,Paid Search,Australia,1,1,1,0,0,18.8,0,0,1,Churned,1,0.0
USR-000157,2026-06-17,2026-09-25,Pro,Referral,United States,14,11,10,8,4,23.9,0,1,1,Active Paid,0,29.0
USR-000158,2025-08-13,2026-09-25,Team,Paid Search,United States,11,11,8,3,9,13.5,1,1,1,Active Paid,0,89.0
USR-000159,2025-09-19,2026-08-19,Free,Social,United States,2,2,1,1,0,18.7,0,0,0,Churned,1,0.0
USR-000160,2025-03-04,2026-09-22,Pro,Organic Search,Canada,5,5,6,2,0,6.3,0,1,1,Active Paid,0,29.0
USR-000161,2024-10-03,2026-09-25,Free,Organic Search,United States,7,7,5,0,0,11.9,0,1,1,Free,0,0.0
USR-000162,2025-05-29,2026-09-29,Free,Organic Search,United Kingdom,8,8,4,0,1,12.6,0,1,1,Free,0,0.0
USR-000163,2025-11-27,2026-09-19,Pro,Content,Other,3,3,0,1,0,6.6,1,0,1,Active Paid,0,29.0
USR-000164,2025-11-29,2026-09-22,Free,Social,Australia,7,6,2,2,0,12.1,1,0,0,Free,0,0.0
USR-000165,2025-11-21,2026-07-21,Free,Partnership,Australia,5,5,2,1,1,17.7,0,1,1,Churned,1,0.0
USR-000166,2025-02-10,2026-09-27,Free,Referral,United States,3,3,2,0,0,14.6,0,0,0,Free,0,0.0
USR-000167,2026-01-29,2026-09-25,Free,Referral,United Kingdom,6,6,5,1,1,9.3,0,1,1,Free,0,0.0
USR-000168,2026-05-19,2026-09-20,Free,Social,France,0,0,0,0,0,0.0,1,1,0,Free,0,0.0
USR-000169,2026-01-19,2026-09-27,Pro,Content,United States,1,1,0,0,1,18.6,0,1,1,Active Paid,0,29.0
USR-000170,2026-08-30,2026-09-22,Free,Partnership,United Kingdom,0,0,1,0,0,0.0,0,1,0,Free,0,0.0
USR-000171,2026-07-02,2026-09-29,Free,Referral,Other,6,6,5,3,4,17.9,0,1,1,Free,0,0.0
USR-000172,2026-07-13,2026-09-25,Pro,Organic Search,United States,14,10,9,3,3,19.9,0,0,1,Active Paid,0,29.0
USR-000173,2025-03-13,2026-09-22,Free,Referral,Other,13,9,15,2,3,18.3,0,1,1,Free,0,0.0
USR-000174,2025-04-17,2026-09-23,Team,Organic Search,United States,15,13,10,9,11,19.5,0,1,1,Active Paid,0,89.0
USR-000175,2025-05-05,2026-07-14,Free,Organic Search,United States,2,2,1,1,0,8.1,0,1,1,Churned,1,0.0
USR-000176,2025-10-20,2026-09-22,Pro,Referral,United States,11,11,11,3,6,9.8,0,1,1,Active Paid,0,29.0
USR-000177,2025-04-21,2026-09-28,Free,Content,Other,7,7,2,1,0,15.2,0,1,0,Free,0,0.0
USR-000178,2026-05-23,2026-09-23,Pro,Organic Search,Germany,5,5,3,4,2,10.0,0,1,1,Active Paid,0,29.0
USR-000179,2024-12-11,2026-09-24,Free,Organic Search,France,5,5,3,0,0,13.0,0,1,0,Free,0,0.0
USR-000180,2025-09-22,2026-09-27,Team,Content,United Kingdom,7,7,3,7,3,15.8,1,1,1,Active Paid,0,89.0
USR-000181,2024-11-14,2026-09-24,Free,Organic Search,Other,5,5,5,1,1,11.2,0,1,1,Free,0,0.0
USR-000182,2026-05-30,2026-08-20,Pro,Organic Search,Germany,3,3,1,2,1,20.4,0,0,1,Churned,1,0.0
USR-000183,2025-09-25,2026-09-21,Free,Referral,Germany,5,5,0,2,1,15.7,0,1,0,Free,0,0.0
USR-000184,2025-05-06,2026-08-22,Free,Content,France,6,4,2,2,0,15.1,1,0,0,Churned,1,0.0
USR-000185,2025-09-26,2026-09-24,Free,Social,Australia,7,7,5,2,1,11.5,0,0,0,Free,0,0.0
USR-000186,2025-10-31,2026-09-26,Free,Social,France,7,7,4,2,3,15.7,0,1,0,Free,0,0.0
USR-000187,2026-05-20,2026-08-10,Free,Paid Search,United States,0,0,0,0,0,0.0,0,1,1,Churned,1,0.0
USR-000188,2025-12-17,2026-09-25,Pro,Organic Search,Other,16,13,20,8,7,16.8,0,1,1,Active Paid,0,29.0
USR-000189,2026-03-29,2026-07-18,Free,Referral,United States,4,4,1,0,0,12.2,0,0,0,Churned,1,0.0
USR-000190,2026-02-12,2026-09-22,Free,Content,Other,12,8,7,1,1,5.1,0,1,1,Free,0,0.0
USR-000191,2025-05-15,2026-09-27,Free,Paid Search,United Kingdom,6,6,5,1,1,15.4,0,1,0,Free,0,0.0
USR-000192,2025-06-22,2026-09-21,Free,Paid Search,United States,4,4,2,1,0,14.2,1,0,0,Free,0,0.0
USR-000193,2025-07-08,2026-07-30,Free,Paid Search,United Kingdom,2,2,1,0,0,10.2,1,0,0,Churned,1,0.0
USR-000194,2025-12-31,2026-09-26,Pro,Organic Search,Germany,11,11,10,5,3,21.9,0,1,1,Active Paid,0,29.0
USR-000195,2024-10-29,2026-09-27,Free,Paid Search,United Kingdom,10,8,7,0,1,14.1,2,1,0,Free,0,0.0
USR-000196,2026-07-15,2026-09-27,Team,Organic Search,Australia,14,14,14,2,6,11.4,0,1,1,Active Paid,0,89.0
USR-000197,2026-01-14,2026-07-15,Free,Content,France,5,4,2,0,3,15.6,0,0,0,Churned,1,0.0
USR-000198,2026-06-23,2026-09-25,Free,Paid Search,United States,3,3,0,0,0,8.3,0,0,1,Free,0,0.0
USR-000199,2026-01-16,2026-09-23,Team,Referral,Canada,10,10,6,9,10,16.4,0,1,1,Active Paid,0,89.0
USR-000200,2024-10-28,2026-09-15,Free,Social,Australia,3,3,1,0,0,10.7,0,0,0,Free,0,0.0
USR-000201,2025-12-28,2026-09-19,Free,Content,Other,5,5,4,0,1,18.4,1,1,1,Free,0,0.0
USR-000202,2024-12-05,2026-09-25,Team,Partnership,United Kingdom,14,14,8,9,3,15.0,0,0,1,Active Paid,0,89.0
USR-000203,2025-09-27,2026-09-25,Team,Paid Search,Other,8,8,6,0,1,15.6,0,1,1,Active Paid,0,89.0
USR-000204,2025-05-03,2026-09-23,Pro,Organic Search,United States,4,4,1,0,0,18.6,0,1,1,Active Paid,0,29.0
USR-000205,2025-10-23,2026-08-26,Free,Referral,France,3,3,4,0,1,17.6,0,1,0,Churned,1,0.0
USR-000206,2026-03-09,2026-09-22,Pro,Organic Search,Australia,11,5,9,2,4,15.7,1,1,1,Active Paid,0,29.0
USR-000207,2025-03-18,2026-09-21,Team,Organic Search,United Kingdom,5,5,1,2,2,13.8,0,0,1,Active Paid,0,89.0
USR-000208,2024-10-23,2026-09-25,Team,Organic Search,United States,5,5,2,0,1,14.3,0,1,1,Active Paid,0,89.0
USR-000209,2026-03-11,2026-09-25,Free,Content,France,7,7,3,0,1,14.8,0,1,0,Free,0,0.0
USR-000210,2025-03-08,2026-09-23,Free,Organic Search,United Kingdom,9,9,6,4,0,15.3,0,0,0,Free,0,0.0
USR-000211,2026-03-13,2026-09-25,Free,Social,United States,3,3,2,1,0,10.4,0,1,0,Free,0,0.0
USR-000212,2025-04-21,2026-09-28,Free,Paid Search,United States,10,9,10,2,0,14.0,0,1,0,Free,0,0.0
USR-000213,2025-02-28,2026-09-27,Pro,Referral,Australia,12,12,10,5,3,13.2,0,1,1,Active Paid,0,29.0
USR-000214,2025-10-29,2026-08-22,Free,Paid Search,United States,5,5,1,0,1,15.3,0,0,0,Churned,1,0.0
USR-000215,2025-04-07,2026-09-23,Free,Content,Canada,4,4,5,1,2,18.0,1,1,0,Free,0,0.0
USR-000216,2026-03-05,2026-08-07,Free,Referral,Other,0,0,0,0,0,0.0,0,0,0,Churned,1,0.0
USR-000217,2026-07-21,2026-09-20,Free,Paid Search,France,5,4,1,0,0,8.9,0,0,0,Free,0,0.0
USR-000218,2026-07-09,2026-09-21,Free,Paid Search,Canada,7,4,3,0,0,14.9,1,1,1,Free,0,0.0
USR-000219,2025-10-31,2026-08-07,Free,Content,Canada,9,9,6,2,2,12.9,0,1,1,Churned,1,0.0
USR-000220,2024-12-09,2026-09-23,Free,Referral,United States,11,11,9,3,4,13.9,0,1,0,Free,0,0.0
USR-000221,2026-06-16,2026-09-29,Team,Paid Search,United Kingdom,8,8,5,2,3,20.5,1,1,1,Active Paid,0,89.0
USR-000222,2025-10-25,2026-08-03,Free,Paid Search,United States,3,3,0,0,0,9.4,0,0,0,Churned,1,0.0
USR-000223,2025-04-30,2026-08-31,Free,Organic Search,United States,4,4,0,0,1,12.0,0,1,0,Churned,1,0.0
USR-000224,2026-04-24,2026-09-21,Free,Organic Search,United States,1,1,0,0,0,11.8,1,1,0,Free,0,0.0
USR-000225,2025-04-18,2026-09-25,Free,Organic Search,Germany,5,5,3,0,4,12.7,0,1,1,Free,0,0.0
USR-000226,2026-02-09,2026-09-28,Free,Organic Search,United States,5,5,5,2,1,14.3,0,1,0,Free,0,0.0
USR-000227,2025-02-14,2026-09-20,Free,Organic Search,United States,3,3,0,0,0,18.4,0,1,0,Free,0,0.0
USR-000228,2025-07-28,2026-09-09,Free,Content,Other,3,3,2,0,0,17.2,0,0,0,Churned,1,0.0
USR-000229,2025-08-20,2026-07-12,Free,Content,United States,0,0,0,0,0,0.0,0,0,0,Churned,1,0.0
USR-000230,2026-05-12,2026-09-15,Pro,Content,France,4,4,4,0,2,13.9,0,0,1,Active Paid,0,29.0
USR-000231,2025-10-19,2026-09-24,Free,Referral,United Kingdom,8,5,4,0,0,16.6,0,1,1,Free,0,0.0
USR-000232,2025-01-11,2026-09-23,Free,Referral,Germany,4,4,5,0,0,20.1,0,1,0,Free,0,0.0
USR-000233,2026-09-02,2026-09-22,Pro,Organic Search,United States,9,9,3,3,3,19.2,2,0,1,Active Paid,0,29.0
USR-000234,2025-03-22,2026-09-24,Free,Referral,United States,7,7,0,0,1,8.6,0,1,0,Free,0,0.0
USR-000235,2025-09-28,2026-09-20,Free,Paid Search,Australia,0,0,0,0,0,0.0,0,1,1,Free,0,0.0
USR-000236,2025-04-19,2026-09-20,Free,Social,Canada,6,6,5,0,0,19.1,0,1,0,Free,0,0.0
USR-000237,2025-05-29,2026-07-18,Free,Partnership,United States,5,4,1,0,2,8.8,0,0,0,Churned,1,0.0
USR-000238,2025-11-11,2026-09-23,Free,Content,United Kingdom,4,4,1,0,0,17.9,1,1,0,Free,0,0.0
USR-000239,2026-02-07,2026-09-23,Team,Organic Search,Canada,7,6,3,3,1,16.9,1,1,1,Active Paid,0,89.0
USR-000240,2025-06-24,2026-09-19,Team,Referral,United States,0,0,0,0,0,0.0,0,1,1,Active Paid,0,89.0
USR-000241,2026-06-07,2026-09-27,Team,Organic Search,Canada,11,11,9,9,9,17.8,0,1,1,Active Paid,0,89.0
USR-000242,2025-07-25,2026-07-18,Free,Organic Search,Canada,11,11,9,2,4,12.2,0,1,0,Churned,1,0.0
USR-000243,2026-07-10,2026-09-19,Free,Organic Search,Germany,5,2,0,1,1,16.6,0,1,1,Free,0,0.0
USR-000244,2025-06-08,2026-08-02,Free,Organic Search,Australia,5,5,2,1,0,8.6,0,0,0,Churned,1,0.0
USR-000245,2025-06-23,2026-09-18,Free,Referral,United Kingdom,7,7,2,1,3,22.2,0,0,0,Free,0,0.0
USR-000246,2026-07-17,2026-07-17,Free,Paid Search,Other,0,0,0,0,0,0.0,0,0,0,Churned,1,0.0
USR-000247,2025-03-23,2026-09-11,Free,Organic Search,Canada,4,4,0,1,0,11.1,0,0,0,Churned,1,0.0
USR-000248,2025-11-22,2026-09-08,Free,Partnership,United Kingdom,2,2,0,0,0,12.1,0,0,0,Churned,1,0.0
USR-000249,2025-03-02,2026-09-23,Free,Social,Germany,5,5,7,0,2,12.4,0,0,1,Free,0,0.0
USR-000250,2026-08-17,2026-08-31,Free,Paid Search,Germany,7,7,3,1,0,13.5,1,1,0,Churned,1,0.0
USR-000251,2026-05-10,2026-09-26,Pro,Social,United States,5,4,0,2,0,6.0,0,0,1,Active Paid,0,29.0
USR-000252,2025-09-27,2026-09-23,Free,Social,Other,4,4,3,1,1,8.0,1,1,0,Free,0,0.0
USR-000253,2026-05-04,2026-09-25,Pro,Social,Other,5,5,5,2,0,9.5,3,1,1,Active Paid,0,29.0
USR-000254,2026-01-23,2026-09-24,Free,Social,United States,5,4,3,0,0,15.1,0,1,0,Free,0,0.0
USR-000255,2025-05-31,2026-09-22,Free,Content,Canada,7,7,6,4,1,13.9,0,1,1,Free,0,0.0
USR-000256,2026-06-04,2026-09-16,Free,Paid Search,Australia,0,0,0,0,0,0.0,0,0,0,Free,0,0.0
USR-000257,2025-05-19,2026-09-23,Free,Social,Other,7,7,2,2,0,14.6,1,0,0,Free,0,0.0
USR-000258,2026-07-04,2026-09-24,Free,Organic Search,Germany,12,9,8,0,0,20.7,0,1,1,Free,0,0.0
USR-000259,2026-05-13,2026-09-22,Free,Content,United States,7,5,1,0,2,7.4,1,1,0,Free,0,0.0
USR-000260,2025-07-22,2026-09-25,Pro,Paid Search,France,6,6,3,2,0,19.6,0,0,1,Active Paid,0,29.0
USR-000261,2025-02-25,2026-09-20,Free,Paid Search,United States,0,0,0,0,0,0.0,0,0,0,Free,0,0.0
USR-000262,2026-05-17,2026-09-22,Free,Partnership,France,6,6,1,2,1,14.3,0,1,0,Free,0,0.0
USR-000263,2026-02-13,2026-09-26,Team,Social,Germany,3,3,1,0,0,14.5,1,1,1,Active Paid,0,89.0
USR-000264,2024-11-23,2026-09-22,Free,Organic Search,Germany,5,5,2,0,2,15.8,0,1,1,Free,0,0.0
USR-000265,2024-10-08,2026-09-18,Pro,Paid Search,United States,6,6,3,0,1,18.8,0,0,1,Active Paid,0,29.0
USR-000266,2025-07-27,2026-09-13,Free,Paid Search,Canada,0,0,0,0,0,0.0,0,1,0,Churned,1,0.0
USR-000267,2025-10-31,2026-09-21,Free,Partnership,Germany,3,3,0,0,0,5.8,0,0,0,Free,0,0.0
USR-000268,2026-01-10,2026-09-24,Free,Paid Search,United States,9,9,6,2,5,10.0,0,1,1,Free,0,0.0
USR-000269,2025-07-05,2026-07-04,Free,Organic Search,United States,11,6,3,1,2,16.2,0,0,0,Churned,1,0.0
USR-000270,2025-07-20,2026-09-23,Pro,Social,United States,11,11,9,9,7,22.0,0,1,1,Active Paid,0,29.0
USR-000271,2026-02-17,2026-09-17,Free,Paid Search,Other,1,1,0,0,0,17.6,0,0,0,Free,0,0.0
USR-000272,2026-08-30,2026-09-24,Free,Organic Search,Canada,9,7,3,0,3,6.9,0,0,0,Free,0,0.0
USR-000273,2026-05-30,2026-07-08,Free,Content,Germany,5,5,2,3,1,15.1,0,0,0,Churned,1,0.0
USR-000274,2024-10-30,2026-09-26,Team,Organic Search,Canada,11,11,17,5,4,23.0,1,1,1,Active Paid,0,89.0
USR-000275,2025-11-21,2026-09-01,Pro,Content,Australia,15,15,11,10,5,21.0,0,1,1,Churned,1,0.0
USR-000276,2025-10-06,2026-09-25,Team,Content,Canada,14,13,13,7,9,17.5,0,1,1,Active Paid,0,89.0
USR-000277,2025-10-17,2026-07-30,Pro,Organic Search,United States,6,6,6,1,2,13.2,0,1,1,Churned,1,0.0
USR-000278,2025-03-05,2026-09-20,Pro,Referral,United States,11,11,7,4,1,14.9,0,1,1,Active Paid,0,29.0
USR-000279,2026-07-31,2026-09-22,Free,Referral,United States,11,7,9,2,0,16.2,0,1,1,Free,0,0.0
USR-000280,2026-07-18,2026-09-23,Team,Social,Australia,5,5,5,7,1,23.7,0,1,1,Active Paid,0,89.0
USR-000281,2026-03-02,2026-07-10,Free,Social,Germany,0,0,0,0,0,0.0,2,0,0,Churned,1,0.0
USR-000282,2025-10-03,2026-09-18,Free,Organic Search,France,3,3,1,0,0,10.2,0,1,1,Free,0,0.0
USR-000283,2025-05-24,2026-09-22,Pro,Organic Search,France,12,12,8,10,2,24.3,0,1,1,Active Paid,0,29.0
USR-000284,2025-09-30,2026-07-03,Free,Referral,Australia,0,0,0,0,0,0.0,0,1,0,Churned,1,0.0
USR-000285,2025-11-04,2026-09-25,Free,Organic Search,Other,0,0,0,0,0,0.0,0,0,0,Free,0,0.0
USR-000286,2024-11-14,2026-09-25,Free,Organic Search,Germany,6,6,9,3,1,5.6,0,1,0,Free,0,0.0
USR-000287,2026-05-23,2026-09-24,Free,Social,United States,1,1,0,0,0,8.8,0,0,1,Free,0,0.0
USR-000288,2025-08-03,2026-09-28,Pro,Organic Search,United States,4,4,2,1,0,12.4,0,1,1,Active Paid,0,29.0
USR-000289,2025-08-24,2026-09-27,Free,Content,Germany,10,10,11,2,0,21.7,0,1,0,Free,0,0.0
USR-000290,2025-10-12,2026-09-22,Pro,Content,Australia,6,6,1,3,1,10.2,0,1,1,Active Paid,0,29.0
USR-000291,2025-02-15,2026-09-06,Free,Content,Canada,1,1,1,0,0,5.6,0,0,0,Churned,1,0.0
USR-000292,2026-03-09,2026-09-01,Pro,Organic Search,United States,11,11,7,10,5,14.7,0,0,1,Churned,1,0.0
USR-000293,2024-11-03,2026-09-21,Free,Paid Search,France,6,6,3,0,1,11.7,0,1,0,Free,0,0.0
USR-000294,2026-01-21,2026-09-22,Team,Content,United Kingdom,13,13,15,10,11,17.6,0,1,1,Active Paid,0,89.0
USR-000295,2025-08-22,2026-09-21,Free,Paid Search,United States,6,6,1,0,1,10.3,0,1,0,Free,0,0.0
USR-000296,2025-09-08,2026-09-20,Free,Referral,Other,2,2,1,0,1,15.8,0,1,1,Free,0,0.0
USR-000297,2025-01-16,2026-08-10,Free,Social,Germany,5,5,3,0,1,7.2,0,1,0,Churned,1,0.0
USR-000298,2025-11-06,2026-09-22,Free,Paid Search,United States,5,5,0,0,0,14.0,0,0,0,Free,0,0.0
USR-000299,2026-02-24,2026-09-25,Free,Paid Search,United Kingdom,6,6,3,0,1,12.0,1,1,1,Free,0,0.0
USR-000300,2026-08-31,2026-09-26,Pro,Referral,Germany,11,10,10,4,2,9.5,0,1,1,Active Paid,0,29.0
USR-000301,2025-12-29,2026-09-24,Team,Organic Search,United Kingdom,12,12,9,9,4,19.2,0,1,1,Active Paid,0,89.0
USR-000302,2025-02-02,2026-08-08,Pro,Content,United States,11,11,13,5,6,20.2,0,1,1,Churned,1,0.0
USR-000303,2026-09-08,2026-09-18,Free,Social,Germany,0,0,0,0,0,0.0,0,0,1,Free,0,0.0
USR-000304,2024-12-14,2026-09-16,Free,Organic Search,France,12,12,3,2,2,14.1,1,1,0,Free,0,0.0
USR-000305,2025-08-23,2026-09-24,Pro,Referral,United States,10,10,12,2,2,14.7,0,1,1,Active Paid,0,29.0
USR-000306,2026-06-07,2026-09-10,Pro,Paid Search,Canada,7,7,6,1,1,15.2,0,1,1,Churned,1,0.0
USR-000307,2026-02-11,2026-09-18,Free,Organic Search,Germany,7,7,5,3,1,17.4,0,1,1,Free,0,0.0
USR-000308,2025-08-15,2026-09-19,Team,Partnership,United Kingdom,8,8,9,3,7,20.4,0,1,1,Active Paid,0,89.0
USR-000309,2026-02-02,2026-09-24,Free,Referral,United Kingdom,5,5,2,2,1,10.5,0,0,0,Free,0,0.0
USR-000310,2026-06-30,2026-07-14,Pro,Social,United Kingdom,0,0,1,0,0,0.0,0,0,1,Churned,1,0.0
USR-000311,2025-05-27,2026-09-27,Team,Content,United Kingdom,6,6,3,1,3,17.8,0,0,1,Active Paid,0,89.0
USR-000312,2025-05-23,2026-09-18,Pro,Social,Australia,6,6,2,3,1,10.3,1,1,1,Active Paid,0,29.0
USR-000313,2026-06-23,2026-08-30,Free,Paid Search,Canada,6,5,4,1,1,10.2,1,1,0,Churned,1,0.0
USR-000314,2026-02-26,2026-09-23,Pro,Organic Search,Other,13,13,14,11,5,16.6,0,1,1,Active Paid,0,29.0
USR-000315,2026-03-25,2026-09-25,Free,Organic Search,United Kingdom,5,5,2,1,1,11.6,2,1,0,Free,0,0.0
USR-000316,2025-06-01,2026-09-24,Pro,Paid Search,France,7,7,3,2,1,11.2,0,1,1,Active Paid,0,29.0
USR-000317,2025-04-11,2026-09-09,Free,Social,Canada,6,6,4,1,0,12.7,1,1,0,Churned,1,0.0
USR-000318,2025-04-14,2026-09-22,Pro,Referral,Australia,8,8,3,3,2,15.0,1,0,1,Active Paid,0,29.0
USR-000319,2024-11-13,2026-09-22,Team,Paid Search,Other,8,8,5,2,3,14.8,0,1,1,Active Paid,0,89.0
USR-000320,2025-03-15,2026-07-02,Free,Social,Canada,4,4,4,0,1,12.7,2,1,1,Churned,1,0.0
USR-000321,2026-01-29,2026-09-20,Free,Content,Canada,3,3,3,0,1,22.0,0,1,0,Free,0,0.0
USR-000322,2026-06-30,2026-08-20,Pro,Partnership,Other,9,9,3,3,4,22.4,0,1,1,Churned,1,0.0
USR-000323,2025-07-03,2026-09-24,Free,Paid Search,Other,11,8,2,1,2,10.8,0,1,1,Free,0,0.0
USR-000324,2024-11-30,2026-09-14,Free,Content,Other,8,8,6,2,1,22.5,0,1,0,Churned,1,0.0
USR-000325,2024-10-18,2026-09-21,Free,Content,United States,6,6,4,0,0,8.6,0,1,1,Free,0,0.0
USR-000326,2026-04-04,2026-09-25,Free,Organic Search,United States,3,3,0,0,0,17.4,0,0,0,Free,0,0.0
USR-000327,2026-03-30,2026-09-23,Pro,Paid Search,United Kingdom,11,8,5,0,1,23.7,0,1,1,Active Paid,0,29.0
USR-000328,2026-08-20,2026-09-23,Pro,Organic Search,France,9,9,11,6,4,21.4,1,1,1,Active Paid,0,29.0
USR-000329,2026-06-06,2026-09-22,Free,Referral,United States,4,4,1,0,1,14.5,0,1,1,Free,0,0.0
USR-000330,2025-08-15,2026-09-24,Free,Social,United Kingdom,4,4,1,0,1,14.4,0,0,0,Free,0,0.0
USR-000331,2025-08-21,2026-09-24,Free,Social,Germany,3,3,1,0,0,17.0,0,0,0,Free,0,0.0
USR-000332,2025-12-24,2026-09-22,Free,Referral,United States,9,9,9,1,0,11.2,0,1,0,Free,0,0.0
USR-000333,2026-02-06,2026-09-22,Pro,Paid Search,France,8,8,3,3,1,19.4,0,1,1,Active Paid,0,29.0
USR-000334,2025-01-30,2026-09-05,Free,Paid Search,United States,3,3,1,0,0,11.8,0,1,1,Churned,1,0.0
USR-000335,2025-10-22,2026-09-22,Free,Content,Other,10,5,2,1,0,9.0,0,1,1,Free,0,0.0
USR-000336,2025-02-15,2026-08-04,Team,Partnership,United Kingdom,11,11,11,6,9,20.5,0,0,1,Churned,1,0.0
USR-000337,2024-10-27,2026-09-24,Free,Referral,Germany,8,8,6,4,4,18.1,0,1,0,Free,0,0.0
USR-000338,2026-02-01,2026-09-23,Pro,Organic Search,Canada,18,18,16,12,3,14.6,1,1,1,Active Paid,0,29.0
USR-000339,2026-04-24,2026-09-23,Free,Organic Search,United States,8,8,2,1,1,18.6,0,1,0,Free,0,0.0
USR-000340,2024-11-03,2026-08-03,Free,Organic Search,United Kingdom,0,0,0,0,0,0.0,1,0,0,Churned,1,0.0
USR-000341,2025-06-19,2026-09-22,Free,Paid Search,Other,5,5,2,1,1,15.8,0,1,1,Free,0,0.0
USR-000342,2026-02-19,2026-08-06,Pro,Organic Search,Canada,9,9,5,6,1,22.6,1,1,1,Churned,1,0.0
USR-000343,2025-06-28,2026-09-25,Pro,Content,United States,6,6,6,1,0,12.5,0,0,1,Active Paid,0,29.0
USR-000344,2025-09-12,2026-09-18,Free,Referral,France,7,7,1,2,0,22.5,0,1,0,Free,0,0.0
USR-000345,2024-12-07,2026-09-27,Free,Paid Search,United States,2,2,1,1,0,22.5,0,1,0,Free,0,0.0
USR-000346,2026-03-16,2026-09-24,Free,Paid Search,Canada,0,0,1,0,0,0.0,0,1,1,Free,0,0.0
USR-000347,2024-10-07,2026-08-15,Pro,Paid Search,Canada,5,4,0,0,0,13.4,1,1,1,Churned,1,0.0
USR-000348,2024-11-15,2026-09-24,Pro,Social,Canada,4,4,1,0,0,16.7,0,1,1,Active Paid,0,29.0
USR-000349,2026-05-09,2026-09-20,Pro,Referral,United States,10,9,7,1,3,12.2,1,0,1,Active Paid,0,29.0
USR-000350,2026-05-21,2026-09-25,Team,Organic Search,United States,6,6,4,4,3,16.2,0,1,1,Active Paid,0,89.0
USR-000351,2025-08-30,2026-08-15,Free,Content,United States,1,1,0,0,0,18.6,0,1,0,Churned,1,0.0
USR-000352,2026-08-14,2026-09-26,Pro,Organic Search,United Kingdom,6,6,7,0,1,13.0,1,1,1,Active Paid,0,29.0
USR-000353,2026-02-14,2026-08-14,Free,Paid Search,Germany,4,4,2,0,0,19.3,0,0,0,Churned,1,0.0
USR-000354,2025-11-08,2026-09-26,Free,Partnership,Germany,8,6,1,2,1,15.8,2,1,1,Free,0,0.0
USR-000355,2024-10-22,2026-09-17,Team,Organic Search,United States,5,5,2,2,3,16.6,2,1,1,Active Paid,0,89.0
USR-000356,2024-10-06,2026-08-16,Free,Organic Search,United States,5,5,0,0,1,17.8,0,0,1,Churned,1,0.0
USR-000357,2026-05-30,2026-09-25,Pro,Referral,Germany,17,10,28,10,5,22.8,1,1,1,Active Paid,0,29.0
USR-000358,2024-12-17,2026-09-25,Pro,Paid Search,Canada,5,5,1,1,1,16.7,1,1,1,Active Paid,0,29.0
USR-000359,2026-07-12,2026-09-20,Team,Organic Search,Australia,3,3,3,1,0,21.4,0,1,1,Active Paid,0,89.0
USR-000360,2025-03-29,2026-09-22,Free,Organic Search,United States,7,7,3,0,0,11.7,1,1,0,Free,0,0.0
USR-000361,2025-01-19,2026-09-23,Free,Organic Search,United States,5,5,1,0,1,10.3,0,1,1,Free,0,0.0
USR-000362,2024-12-18,2026-09-25,Pro,Social,United Kingdom,15,10,11,3,2,10.8,2,0,1,Active Paid,0,29.0
USR-000363,2026-04-09,2026-09-24,Pro,Organic Search,Germany,9,9,5,5,3,19.4,0,1,1,Active Paid,0,29.0
USR-000364,2024-12-16,2026-07-14,Free,Referral,Canada,3,3,0,2,1,12.2,0,1,0,Churned,1,0.0
USR-000365,2026-06-25,2026-09-24,Pro,Content,United States,8,8,3,5,2,12.0,0,1,1,Active Paid,0,29.0
USR-000366,2025-09-10,2026-09-28,Free,Organic Search,United States,7,5,0,1,0,13.5,2,1,0,Free,0,0.0
USR-000367,2025-10-15,2026-09-20,Pro,Paid Search,France,15,12,10,7,8,17.0,0,1,1,Active Paid,0,29.0
USR-000368,2026-02-02,2026-09-20,Pro,Organic Search,United States,9,9,7,7,1,23.8,0,0,1,Active Paid,0,29.0
USR-000369,2026-08-31,2026-09-24,Free,Paid Search,Germany,4,4,3,0,3,15.5,0,0,1,Free,0,0.0
USR-000370,2025-03-13,2026-09-23,Free,Organic Search,United States,0,0,0,0,0,0.0,0,1,0,Free,0,0.0
USR-000371,2026-01-19,2026-09-25,Team,Content,United Kingdom,6,6,6,1,5,17.2,0,1,1,Active Paid,0,89.0
USR-000372,2025-05-30,2026-09-26,Pro,Paid Search,United States,1,1,3,0,0,17.4,0,0,1,Active Paid,0,29.0
USR-000373,2025-11-26,2026-09-21,Team,Social,Other,5,5,3,1,3,17.1,0,0,1,Active Paid,0,89.0
USR-000374,2025-12-22,2026-07-08,Free,Referral,United States,1,1,1,0,0,3.3,1,0,0,Churned,1,0.0
USR-000375,2024-12-21,2026-09-23,Team,Content,United States,10,10,8,8,12,11.9,2,1,1,Active Paid,0,89.0
USR-000376,2026-07-10,2026-09-19,Free,Paid Search,Australia,0,0,0,0,0,0.0,0,1,0,Free,0,0.0
USR-000377,2025-04-07,2026-09-28,Free,Organic Search,United States,12,9,11,2,2,9.7,0,1,1,Free,0,0.0
USR-000378,2025-03-31,2026-09-23,Free,Partnership,United States,12,12,6,7,1,15.4,0,1,0,Free,0,0.0
USR-000379,2025-12-18,2026-09-25,Pro,Paid Search,United States,6,6,9,0,0,18.3,1,1,1,Active Paid,0,29.0
USR-000380,2026-03-12,2026-09-24,Team,Referral,France,10,10,9,2,5,19.3,1,0,1,Active Paid,0,89.0
USR-000381,2026-09-12,2026-09-12,Pro,Referral,United Kingdom,9,9,4,4,3,18.8,1,1,1,Churned,1,0.0
USR-000382,2024-11-15,2026-09-28,Pro,Social,Other,10,10,9,3,3,13.5,2,1,1,Active Paid,0,29.0
USR-000383,2024-11-07,2026-09-16,Free,Organic Search,France,2,2,0,0,0,15.0,0,0,1,Free,0,0.0
USR-000384,2026-03-27,2026-09-12,Free,Organic Search,Canada,10,10,6,2,4,15.6,0,0,0,Churned,1,0.0
USR-000385,2026-08-24,2026-09-05,Free,Social,United States,1,1,1,0,0,12.0,0,1,0,Churned,1,0.0
USR-000386,2026-06-20,2026-09-22,Free,Social,Australia,5,5,4,0,2,20.4,0,1,0,Free,0,0.0
USR-000387,2026-07-29,2026-09-23,Free,Referral,Other,7,7,3,2,2,23.8,1,0,0,Free,0,0.0
USR-000388,2025-01-29,2026-09-17,Pro,Referral,Australia,9,8,4,1,4,20.6,1,0,1,Active Paid,0,29.0
USR-000389,2024-12-17,2026-09-24,Pro,Content,United States,19,19,15,11,6,24.8,1,1,1,Active Paid,0,29.0
USR-000390,2026-05-29,2026-09-22,Pro,Partnership,France,6,6,5,2,1,13.6,0,1,1,Active Paid,0,29.0
USR-000391,2025-03-31,2026-09-24,Free,Referral,France,5,4,4,0,1,15.0,0,1,1,Free,0,0.0
USR-000392,2026-05-10,2026-09-23,Free,Organic Search,Other,7,5,0,0,0,11.3,0,0,0,Free,0,0.0
USR-000393,2025-12-27,2026-09-19,Free,Paid Search,United States,4,4,1,0,0,10.8,0,1,1,Free,0,0.0
USR-000394,2025-07-14,2026-09-10,Free,Social,Australia,0,0,0,0,0,0.0,0,1,0,Churned,1,0.0
USR-000395,2025-04-19,2026-09-29,Free,Social,France,3,3,1,0,1,16.1,1,0,1,Free,0,0.0
USR-000396,2024-12-29,2026-07-04,Free,Organic Search,Other,9,9,7,2,2,20.5,0,0,0,Churned,1,0.0
USR-000397,2026-08-14,2026-09-22,Free,Social,France,2,2,2,0,0,7.7,1,1,0,Free,0,0.0
USR-000398,2026-04-28,2026-09-24,Pro,Paid Search,Other,5,5,1,0,0,8.6,0,0,1,Active Paid,0,29.0
USR-000399,2026-02-27,2026-09-23,Free,Paid Search,United Kingdom,7,7,3,0,0,16.9,0,0,0,Free,0,0.0
USR-000400,2026-02-06,2026-09-27,Free,Content,United States,3,3,2,0,0,16.5,0,1,1,Free,0,0.0
USR-000401,2024-10-02,2026-09-24,Free,Paid Search,United Kingdom,11,11,7,4,3,16.6,0,1,0,Free,0,0.0
USR-000402,2025-03-09,2026-07-10,Free,Social,Australia,4,4,1,1,0,12.9,1,1,1,Churned,1,0.0
USR-000403,2026-01-29,2026-08-06,Free,Social,United States,0,0,1,0,0,0.0,0,0,0,Churned,1,0.0
USR-000404,2024-10-21,2026-07-11,Free,Social,Germany,1,1,0,0,1,13.4,1,1,0,Churned,1,0.0
USR-000405,2025-09-23,2026-08-29,Pro,Organic Search,Other,7,7,8,3,1,9.7,1,0,1,Churned,1,0.0
USR-000406,2025-09-22,2026-09-22,Free,Social,Other,6,3,3,0,1,8.7,0,1,0,Free,0,0.0
USR-000407,2025-11-09,2026-09-24,Team,Paid Search,France,10,10,6,3,4,16.0,0,0,1,Active Paid,0,89.0
USR-000408,2026-06-05,2026-08-21,Free,Referral,Australia,3,3,2,1,0,15.0,0,0,1,Churned,1,0.0
USR-000409,2024-11-16,2026-09-21,Free,Organic Search,United States,8,8,1,1,1,21.1,0,0,0,Free,0,0.0
USR-000410,2026-09-06,2026-09-22,Free,Partnership,Canada,1,1,1,0,0,10.9,0,0,0,Free,0,0.0
USR-000411,2026-05-14,2026-09-16,Free,Referral,Canada,3,3,1,0,0,6.7,0,1,1,Free,0,0.0
USR-000412,2026-04-04,2026-09-26,Free,Paid Search,Australia,6,6,0,1,0,14.3,0,1,0,Free,0,0.0
USR-000413,2026-02-28,2026-07-14,Pro,Paid Search,United States,3,3,1,2,0,11.4,0,1,1,Churned,1,0.0
USR-000414,2026-06-13,2026-07-12,Free,Paid Search,United States,4,4,1,0,0,10.0,2,0,0,Churned,1,0.0
USR-000415,2026-09-03,2026-09-24,Pro,Referral,France,7,7,2,6,3,11.8,1,1,1,Active Paid,0,29.0
USR-000416,2025-05-19,2026-09-23,Free,Referral,Canada,3,3,0,0,0,11.3,0,1,0,Free,0,0.0
USR-000417,2024-10-22,2026-07-17,Free,Referral,Other,6,6,6,1,0,12.9,1,1,1,Churned,1,0.0
USR-000418,2026-06-20,2026-08-27,Free,Content,Canada,4,4,3,0,0,20.8,0,0,0,Churned,1,0.0
USR-000419,2026-02-15,2026-09-25,Free,Social,Other,5,4,0,1,1,12.5,0,1,0,Free,0,0.0
USR-000420,2025-09-18,2026-07-03,Free,Referral,Canada,11,11,14,7,3,13.1,0,1,1,Churned,1,0.0
USR-000421,2024-11-21,2026-09-26,Team,Paid Search,Australia,12,12,18,11,8,19.2,1,1,1,Active Paid,0,89.0
USR-000422,2025-05-07,2026-09-27,Pro,Referral,France,8,8,7,2,2,24.4,0,1,1,Active Paid,0,29.0
USR-000423,2025-03-17,2026-07-08,Team,Social,United States,12,12,8,6,7,20.3,0,0,1,Churned,1,0.0
USR-000424,2025-07-27,2026-09-17,Free,Referral,United States,7,7,6,1,1,12.2,0,1,0,Free,0,0.0
USR-000425,2025-11-21,2026-09-24,Pro,Organic Search,Other,6,6,6,6,2,13.9,1,0,1,Active Paid,0,29.0
USR-000426,2026-04-26,2026-09-20,Free,Organic Search,United States,9,7,5,1,6,15.7,0,1,0,Free,0,0.0
USR-000427,2025-01-06,2026-09-21,Pro,Paid Search,France,4,4,1,0,0,12.3,0,1,1,Active Paid,0,29.0
USR-000428,2025-02-18,2026-09-25,Team,Partnership,United States,17,17,13,9,5,26.4,1,1,1,Active Paid,0,89.0
USR-000429,2026-08-29,2026-09-22,Pro,Social,France,8,8,8,3,2,26.3,0,1,1,Active Paid,0,29.0
USR-000430,2025-04-22,2026-09-23,Team,Paid Search,United States,0,0,0,0,0,0.0,1,0,1,Active Paid,0,89.0
USR-000431,2026-07-17,2026-09-20,Pro,Paid Search,Germany,7,7,6,1,1,14.7,0,0,1,Active Paid,0,29.0
USR-000432,2025-04-05,2026-08-27,Free,Social,Canada,4,4,1,1,0,6.5,1,1,0,Churned,1,0.0
USR-000433,2025-02-02,2026-09-26,Pro,Content,United States,13,8,7,2,3,20.9,0,1,1,Active Paid,0,29.0
USR-000434,2026-06-14,2026-09-24,Free,Partnership,Canada,2,2,0,0,0,15.3,1,1,1,Free,0,0.0
USR-000435,2025-11-09,2026-09-26,Team,Content,Other,7,7,1,0,3,10.4,0,1,1,Active Paid,0,89.0
USR-000436,2026-06-19,2026-09-24,Pro,Content,France,5,5,6,2,0,16.9,0,1,1,Active Paid,0,29.0
USR-000437,2025-08-06,2026-09-23,Free,Organic Search,Other,16,13,13,3,4,16.6,1,1,0,Free,0,0.0
USR-000438,2024-11-21,2026-09-21,Free,Paid Search,Australia,3,3,0,0,0,10.6,0,0,0,Free,0,0.0
USR-000439,2026-07-20,2026-09-23,Free,Social,Germany,6,5,3,0,0,9.5,0,1,0,Free,0,0.0
USR-000440,2025-12-05,2026-09-27,Free,Referral,Canada,1,1,0,0,0,13.0,0,1,0,Free,0,0.0
USR-000441,2024-10-20,2026-08-25,Free,Organic Search,Other,4,1,0,0,1,7.2,0,1,0,Churned,1,0.0
USR-000442,2026-02-12,2026-09-26,Pro,Referral,Canada,14,14,16,6,8,20.1,0,1,1,Active Paid,0,29.0
USR-000443,2026-06-13,2026-08-24,Free,Organic Search,United Kingdom,0,0,0,0,0,0.0,0,1,1,Churned,1,0.0
USR-000444,2025-10-01,2026-08-31,Pro,Paid Search,Australia,13,8,6,6,2,14.9,1,0,1,Churned,1,0.0
USR-000445,2025-09-17,2026-09-09,Free,Paid Search,Other,6,6,5,1,1,10.9,0,0,0,Churned,1,0.0
USR-000446,2025-05-30,2026-09-22,Free,Content,Canada,4,4,1,0,0,17.7,0,0,0,Free,0,0.0
USR-000447,2026-02-03,2026-09-23,Free,Referral,United States,8,8,4,1,0,22.6,0,1,1,Free,0,0.0
USR-000448,2024-11-01,2026-07-02,Team,Social,Germany,4,4,1,1,4,11.3,1,1,1,Churned,1,0.0
USR-000449,2025-09-08,2026-09-26,Free,Content,France,0,0,0,0,0,0.0,0,1,0,Free,0,0.0
USR-000450,2026-02-23,2026-09-29,Free,Content,United Kingdom,4,4,3,1,0,13.6,1,0,1,Free,0,0.0
USR-000451,2024-10-29,2026-09-22,Free,Paid Search,France,11,6,5,1,2,14.9,0,1,0,Free,0,0.0
USR-000452,2024-11-23,2026-09-24,Pro,Content,Canada,7,7,3,5,3,19.9,1,1,1,Active Paid,0,29.0
USR-000453,2025-09-24,2026-08-08,Free,Organic Search,United States,7,6,4,0,0,13.3,2,0,0,Churned,1,0.0
USR-000454,2026-08-29,2026-09-27,Pro,Social,Germany,9,9,3,3,3,12.2,1,1,1,Active Paid,0,29.0
USR-000455,2025-07-16,2026-09-26,Pro,Organic Search,United Kingdom,7,7,5,4,0,18.5,0,1,1,Active Paid,0,29.0
USR-000456,2025-08-15,2026-08-21,Pro,Paid Search,Australia,6,6,3,2,2,14.1,1,0,1,Churned,1,0.0
USR-000457,2026-06-02,2026-09-17,Free,Social,United States,6,5,1,2,0,16.0,0,1,0,Free,0,0.0
USR-000458,2025-06-19,2026-07-16,Free,Organic Search,Australia,5,5,4,0,0,17.4,1,1,0,Churned,1,0.0
USR-000459,2025-01-22,2026-09-13,Free,Social,United States,4,4,0,0,0,15.6,0,0,0,Free,0,0.0
USR-000460,2026-07-02,2026-09-27,Free,Referral,Other,6,6,6,3,6,28.0,0,1,1,Free,0,0.0
USR-000461,2025-04-16,2026-09-21,Pro,Social,France,4,4,1,2,1,15.3,2,1,1,Active Paid,0,29.0
USR-000462,2026-06-07,2026-07-31,Free,Organic Search,United States,2,2,1,0,0,9.8,0,0,0,Churned,1,0.0
USR-000463,2025-03-29,2026-09-23,Free,Organic Search,Other,6,6,1,0,0,9.7,0,1,0,Free,0,0.0
USR-000464,2025-11-20,2026-09-23,Free,Paid Search,Canada,3,3,1,0,0,20.3,0,0,0,Free,0,0.0
USR-000465,2026-09-11,2026-09-11,Pro,Content,Canada,8,8,8,4,0,17.6,0,1,1,Churned,1,0.0
USR-000466,2024-10-25,2026-09-20,Free,Content,Other,12,8,9,6,1,12.3,0,1,0,Free,0,0.0
USR-000467,2026-05-20,2026-09-18,Pro,Paid Search,Other,6,6,3,2,0,13.8,0,0,1,Active Paid,0,29.0
USR-000468,2025-07-16,2026-09-24,Free,Referral,France,5,5,1,1,0,12.3,0,1,0,Free,0,0.0
USR-000469,2026-05-09,2026-09-02,Team,Social,Other,9,9,6,9,5,14.9,0,0,1,Churned,1,0.0
USR-000470,2024-11-17,2026-09-25,Pro,Partnership,United Kingdom,7,5,2,0,0,14.0,1,0,1,Active Paid,0,29.0
USR-000471,2025-04-06,2026-09-01,Free,Organic Search,United States,4,4,0,0,2,10.3,0,0,0,Churned,1,0.0
USR-000472,2025-02-17,2026-09-26,Free,Social,United States,5,5,1,0,1,9.6,0,1,0,Free,0,0.0
USR-000473,2025-11-11,2026-09-24,Free,Social,United Kingdom,6,6,4,1,1,24.5,0,1,1,Free,0,0.0
USR-000474,2025-10-16,2026-09-25,Free,Paid Search,Germany,6,6,0,0,0,10.1,0,1,0,Free,0,0.0
USR-000475,2025-06-19,2026-09-21,Free,Organic Search,United States,9,8,7,1,3,16.3,1,1,1,Free,0,0.0
USR-000476,2025-03-03,2026-09-23,Team,Organic Search,Germany,8,8,2,4,5,11.3,0,1,1,Active Paid,0,89.0
USR-000477,2025-01-18,2026-09-24,Pro,Social,United States,9,9,3,2,2,10.4,0,1,1,Active Paid,0,29.0
USR-000478,2026-09-03,2026-09-29,Free,Referral,United Kingdom,15,15,8,5,2,16.6,0,1,1,Free,0,0.0
USR-000479,2025-05-29,2026-09-27,Free,Referral,France,5,5,1,0,1,9.1,0,0,1,Free,0,0.0
USR-000480,2026-06-29,2026-09-22,Free,Organic Search,United States,3,3,0,1,1,5.0,1,1,0,Free,0,0.0
USR-000481,2026-02-22,2026-09-26,Team,Content,France,17,12,10,11,9,13.9,0,1,1,Active Paid,0,89.0
USR-000482,2025-01-30,2026-09-28,Free,Paid Search,Australia,5,5,2,1,0,14.5,1,0,0,Free,0,0.0
USR-000483,2026-03-20,2026-09-23,Pro,Partnership,Canada,8,8,8,4,1,13.2,0,1,1,Active Paid,0,29.0
USR-000484,2025-02-23,2026-09-24,Pro,Organic Search,Other,8,8,6,2,1,6.6,2,1,1,Active Paid,0,29.0
USR-000485,2025-10-19,2026-09-23,Free,Content,Other,4,4,4,0,0,12.2,0,1,1,Free,0,0.0
USR-000486,2026-04-02,2026-09-23,Free,Content,United States,13,13,24,7,3,16.9,0,1,1,Free,0,0.0
USR-000487,2026-01-20,2026-09-21,Free,Content,France,7,7,1,3,1,21.1,0,1,1,Free,0,0.0
USR-000488,2025-09-01,2026-09-20,Pro,Content,United States,9,9,10,1,2,14.6,0,0,1,Active Paid,0,29.0
USR-000489,2025-03-17,2026-09-22,Free,Paid Search,United Kingdom,11,7,4,5,1,21.0,0,0,0,Free,0,0.0
USR-000490,2025-07-09,2026-09-24,Pro,Referral,Germany,10,10,8,7,0,14.8,0,1,1,Active Paid,0,29.0
USR-000491,2024-11-17,2026-09-25,Pro,Social,France,12,12,11,6,4,14.5,0,1,1,Active Paid,0,29.0
USR-000492,2025-01-03,2026-08-31,Pro,Paid Search,Other,5,5,1,0,1,14.0,0,0,1,Churned,1,0.0
USR-000493,2025-03-26,2026-09-24,Free,Partnership,France,6,6,5,1,0,10.5,0,1,1,Free,0,0.0
USR-000494,2025-07-11,2026-09-17,Free,Paid Search,Australia,3,3,1,0,0,15.5,0,1,0,Free,0,0.0
USR-000495,2026-02-20,2026-09-25,Pro,Paid Search,Germany,8,8,5,3,1,15.4,0,1,1,Active Paid,0,29.0
USR-000496,2025-11-25,2026-09-26,Free,Content,United States,12,12,9,4,7,12.1,0,1,1,Free,0,0.0
USR-000497,2026-06-22,2026-09-26,Pro,Paid Search,United States,15,8,12,7,2,18.2,1,1,1,Active Paid,0,29.0
USR-000498,2025-12-22,2026-09-20,Free,Organic Search,Canada,0,0,0,0,0,0.0,0,0,0,Free,0,0.0
USR-000499,2024-11-22,2026-07-26,Free,Paid Search,France,4,4,0,0,2,8.6,0,1,0,Churned,1,0.0
USR-000500,2025-11-15,2026-09-24,Pro,Referral,United States,16,15,24,7,4,20.1,0,1,1,Active Paid,0,29.0
USR-000501,2026-06-26,2026-09-20,Free,Content,United Kingdom,14,10,9,3,3,12.4,0,0,0,Free,0,0.0
USR-000502,2025-06-06,2026-09-23,Free,Organic Search,United States,6,6,5,1,1,18.1,0,0,0,Free,0,0.0
USR-000503,2024-10-27,2026-09-26,Free,Referral,Canada,11,9,10,1,4,17.5,0,1,0,Free,0,0.0
USR-000504,2025-01-03,2026-09-24,Free,Social,United Kingdom,2,2,0,1,0,14.5,0,1,0,Free,0,0.0
USR-000505,2026-03-04,2026-09-26,Pro,Referral,United States,4,4,2,4,3,15.0,0,1,1,Active Paid,0,29.0
USR-000506,2025-10-26,2026-09-19,Free,Referral,United States,4,4,1,0,0,4.7,0,0,0,Free,0,0.0
USR-000507,2025-09-01,2026-09-24,Free,Partnership,United Kingdom,4,4,0,1,1,16.3,0,1,1,Free,0,0.0
USR-000508,2026-03-22,2026-08-26,Free,Paid Search,Canada,7,2,4,0,2,9.5,0,0,0,Churned,1,0.0
USR-000509,2026-03-07,2026-09-23,Team,Paid Search,Other,6,6,2,0,2,4.4,1,0,1,Active Paid,0,89.0
USR-000510,2026-03-30,2026-09-17,Free,Social,United States,0,0,0,1,0,0.0,0,1,0,Free,0,0.0
USR-000511,2024-10-04,2026-09-21,Team,Paid Search,Canada,5,5,6,2,1,15.3,0,1,1,Active Paid,0,89.0
USR-000512,2025-03-31,2026-07-06,Team,Social,Canada,0,0,0,0,0,0.0,0,0,1,Churned,1,0.0
USR-000513,2025-01-22,2026-08-01,Free,Organic Search,Germany,5,5,3,0,0,10.4,0,0,0,Churned,1,0.0
USR-000514,2025-02-09,2026-09-20,Pro,Organic Search,United Kingdom,11,11,5,1,2,14.6,0,1,1,Active Paid,0,29.0
USR-000515,2024-10-30,2026-09-24,Pro,Partnership,United States,11,9,9,6,4,19.3,0,1,1,Active Paid,0,29.0
USR-000516,2026-07-02,2026-09-21,Free,Organic Search,Other,0,0,0,0,0,0.0,0,1,0,Free,0,0.0
USR-000517,2024-12-24,2026-08-03,Free,Social,Other,0,0,1,1,0,0.0,0,0,0,Churned,1,0.0
USR-000518,2026-07-30,2026-09-24,Pro,Referral,United Kingdom,8,8,7,3,2,23.7,1,1,1,Active Paid,0,29.0
USR-000519,2025-10-11,2026-09-15,Pro,Organic Search,Germany,12,12,10,2,0,11.5,1,1,1,Active Paid,0,29.0
USR-000520,2025-07-17,2026-07-26,Pro,Organic Search,United States,1,1,0,0,0,15.8,0,0,1,Churned,1,0.0
USR-000521,2026-01-03,2026-09-20,Team,Paid Search,United States,8,8,7,3,2,22.0,0,1,1,Active Paid,0,89.0
USR-000522,2026-06-03,2026-09-25,Free,Social,United States,8,8,3,0,1,10.7,3,1,1,Free,0,0.0
USR-000523,2026-05-01,2026-09-21,Pro,Paid Search,France,9,9,7,5,1,12.1,0,1,1,Active Paid,0,29.0
USR-000524,2025-02-03,2026-09-24,Pro,Referral,United States,12,12,10,7,3,21.4,0,1,1,Active Paid,0,29.0
USR-000525,2026-01-31,2026-09-22,Free,Organic Search,United States,10,6,2,0,0,9.9,0,1,0,Free,0,0.0
USR-000526,2026-02-06,2026-09-25,Free,Organic Search,United States,9,9,3,3,1,21.9,1,1,1,Free,0,0.0
USR-000527,2024-11-24,2026-09-21,Free,Organic Search,United States,6,6,3,1,1,13.5,0,1,1,Free,0,0.0
USR-000528,2026-06-05,2026-09-24,Pro,Paid Search,United Kingdom,8,8,4,3,3,15.5,0,1,1,Active Paid,0,29.0
USR-000529,2024-11-30,2026-09-21,Free,Paid Search,Canada,9,9,2,2,2,11.8,0,1,0,Free,0,0.0
USR-000530,2024-11-26,2026-09-24,Pro,Partnership,Germany,5,5,3,1,1,20.3,0,1,1,Active Paid,0,29.0
USR-000531,2025-07-15,2026-09-25,Free,Organic Search,United Kingdom,8,8,7,0,0,9.5,0,1,1,Free,0,0.0
USR-000532,2026-05-20,2026-09-25,Free,Social,United Kingdom,5,5,2,1,0,11.3,0,1,0,Free,0,0.0
USR-000533,2026-05-27,2026-09-18,Pro,Social,France,4,2,4,0,1,10.5,0,1,1,Active Paid,0,29.0
USR-000534,2026-02-24,2026-07-09,Free,Referral,United States,0,0,0,0,0,0.0,0,1,1,Churned,1,0.0
USR-000535,2025-07-30,2026-09-25,Team,Referral,United States,8,8,5,5,2,16.4,0,1,1,Active Paid,0,89.0
USR-000536,2026-05-29,2026-09-19,Free,Organic Search,Other,2,2,3,0,0,13.3,0,1,0,Free,0,0.0
USR-000537,2025-10-25,2026-08-08,Team,Referral,France,6,6,4,0,1,14.4,1,1,1,Churned,1,0.0
USR-000538,2026-06-25,2026-09-26,Free,Paid Search,Canada,0,0,0,0,0,0.0,1,1,0,Free,0,0.0
USR-000539,2025-08-25,2026-09-24,Team,Referral,United States,13,13,5,8,8,19.8,1,1,1,Active Paid,0,89.0
USR-000540,2026-08-31,2026-09-24,Pro,Organic Search,United States,4,4,5,4,0,14.4,0,1,1,Active Paid,0,29.0
USR-000541,2025-04-27,2026-09-22,Free,Referral,United States,4,4,4,0,0,8.6,0,1,1,Free,0,0.0
USR-000542,2026-08-07,2026-08-18,Free,Referral,Other,6,6,5,0,0,8.2,0,0,0,Churned,1,0.0
USR-000543,2026-04-29,2026-09-23,Free,Referral,Germany,10,10,8,1,1,19.1,0,1,0,Free,0,0.0
USR-000544,2026-05-14,2026-07-10,Pro,Organic Search,United States,9,9,5,2,1,24.4,2,1,1,Churned,1,0.0
USR-000545,2025-01-29,2026-09-20,Pro,Referral,United States,1,1,0,0,0,16.9,0,1,1,Active Paid,0,29.0
USR-000546,2026-08-08,2026-09-20,Free,Referral,United States,4,4,1,0,1,9.7,1,0,0,Free,0,0.0
USR-000547,2025-11-13,2026-07-20,Free,Social,United States,3,3,1,1,0,9.3,0,1,1,Churned,1,0.0
USR-000548,2025-07-20,2026-09-19,Pro,Paid Search,Canada,9,9,8,1,1,14.1,0,1,1,Active Paid,0,29.0
USR-000549,2025-09-12,2026-09-22,Free,Organic Search,United Kingdom,4,4,0,0,0,4.7,1,1,0,Free,0,0.0
USR-000550,2025-05-17,2026-07-21,Pro,Paid Search,Other,6,6,4,2,0,17.7,0,0,1,Churned,1,0.0
USR-000551,2025-02-18,2026-09-25,Free,Referral,France,7,7,8,2,1,14.7,0,0,0,Free,0,0.0
USR-000552,2025-12-08,2026-09-23,Pro,Paid Search,Other,8,8,5,2,2,11.0,1,1,1,Active Paid,0,29.0
USR-000553,2025-01-31,2026-08-11,Team,Referral,Other,18,18,17,9,17,17.2,1,1,1,Churned,1,0.0
USR-000554,2026-01-31,2026-09-25,Free,Referral,Other,4,4,2,0,2,15.2,0,0,1,Free,0,0.0
USR-000555,2024-10-12,2026-09-20,Free,Referral,Other,6,2,0,0,0,11.0,0,1,1,Free,0,0.0
USR-000556,2025-09-20,2026-09-20,Free,Referral,United Kingdom,7,7,5,1,1,16.9,0,1,1,Free,0,0.0
USR-000557,2025-04-07,2026-09-23,Free,Social,United States,8,8,9,0,2,16.8,0,1,0,Free,0,0.0
USR-000558,2024-12-29,2026-09-27,Free,Social,United States,8,8,5,0,0,12.3,0,1,1,Free,0,0.0
USR-000559,2025-02-26,2026-07-15,Team,Organic Search,Germany,0,0,1,0,0,0.0,0,1,1,Churned,1,0.0
USR-000560,2025-01-15,2026-09-23,Pro,Content,France,9,9,5,3,2,11.1,0,1,1,Active Paid,0,29.0
USR-000561,2025-08-28,2026-09-26,Free,Partnership,United States,8,8,6,0,3,9.5,0,0,0,Free,0,0.0
USR-000562,2026-08-15,2026-09-25,Pro,Social,Australia,9,9,5,6,3,16.6,0,1,1,Active Paid,0,29.0
USR-000563,2025-09-28,2026-09-25,Free,Partnership,Australia,6,6,5,1,0,9.8,0,1,0,Free,0,0.0
USR-000564,2026-05-09,2026-08-13,Pro,Partnership,Germany,8,8,7,1,2,16.1,0,1,1,Churned,1,0.0
USR-000565,2024-12-19,2026-09-21,Free,Social,United Kingdom,4,4,3,0,0,5.4,0,0,0,Free,0,0.0
USR-000566,2026-03-30,2026-09-18,Pro,Referral,United States,7,7,3,2,0,18.3,2,1,1,Active Paid,0,29.0
USR-000567,2026-04-05,2026-09-22,Team,Referral,Canada,8,8,8,6,5,19.5,0,1,1,Active Paid,0,89.0
USR-000568,2026-03-21,2026-09-01,Pro,Organic Search,United States,9,9,3,6,0,9.9,4,1,1,Churned,1,0.0
USR-000569,2025-06-13,2026-09-29,Pro,Organic Search,Germany,14,14,15,5,10,23.3,0,1,1,Active Paid,0,29.0
USR-000570,2025-08-03,2026-09-21,Free,Social,United States,7,7,5,0,0,13.6,0,1,0,Free,0,0.0
USR-000571,2024-11-06,2026-08-17,Pro,Content,United States,2,2,2,1,0,17.1,0,1,1,Churned,1,0.0
USR-000572,2025-11-22,2026-07-25,Free,Paid Search,United Kingdom,0,0,0,0,0,0.0,0,0,0,Churned,1,0.0
USR-000573,2026-02-26,2026-09-27,Pro,Content,Germany,6,6,7,0,0,11.0,1,1,1,Active Paid,0,29.0
USR-000574,2026-08-11,2026-09-03,Free,Referral,United Kingdom,8,8,3,1,2,10.3,1,0,0,Churned,1,0.0
USR-000575,2026-09-10,2026-09-24,Free,Referral,Other,7,6,2,0,1,11.9,0,1,0,Free,0,0.0
USR-000576,2025-12-22,2026-09-23,Free,Paid Search,United States,3,3,1,0,0,12.5,0,1,1,Free,0,0.0
USR-000577,2024-11-23,2026-09-29,Free,Social,Other,1,1,0,0,0,11.3,0,0,0,Free,0,0.0
USR-000578,2025-09-06,2026-09-27,Pro,Organic Search,United States,6,6,3,0,1,20.1,0,0,1,Active Paid,0,29.0
USR-000579,2024-12-16,2026-09-26,Pro,Organic Search,United States,7,7,3,0,0,16.5,0,1,1,Active Paid,0,29.0
USR-000580,2026-07-05,2026-09-24,Team,Organic Search,Other,9,9,1,3,2,12.5,0,1,1,Active Paid,0,89.0
USR-000581,2026-07-11,2026-09-20,Free,Organic Search,France,8,8,5,3,3,17.4,0,1,1,Free,0,0.0
USR-000582,2025-01-28,2026-07-31,Team,Organic Search,Germany,10,10,7,2,10,18.3,0,1,1,Churned,1,0.0
USR-000583,2026-07-01,2026-09-19,Free,Social,France,5,5,3,0,0,9.9,0,1,1,Free,0,0.0
USR-000584,2026-08-09,2026-09-28,Free,Paid Search,United Kingdom,4,4,4,0,0,19.0,0,1,0,Free,0,0.0
USR-000585,2025-12-01,2026-07-19,Pro,Paid Search,Australia,15,15,12,6,3,16.5,0,1,1,Churned,1,0.0
USR-000586,2024-11-23,2026-09-25,Free,Content,United States,1,1,2,0,0,9.5,0,1,0,Free,0,0.0
USR-000587,2025-05-11,2026-08-12,Free,Social,Australia,4,4,1,0,0,9.4,0,1,0,Churned,1,0.0
USR-000588,2026-07-07,2026-07-17,Free,Partnership,Other,6,6,1,1,1,14.2,0,0,1,Churned,1,0.0
USR-000589,2025-01-25,2026-09-23,Free,Referral,Other,8,8,10,0,1,24.7,0,1,0,Free,0,0.0
USR-000590,2025-01-20,2026-09-26,Pro,Organic Search,France,9,9,7,5,3,20.0,1,1,1,Active Paid,0,29.0
USR-000591,2025-02-20,2026-09-24,Free,Content,Germany,9,9,10,2,2,12.3,0,1,1,Free,0,0.0
USR-000592,2024-12-09,2026-09-21,Free,Content,Canada,3,3,0,0,0,14.6,0,1,1,Free,0,0.0
USR-000593,2026-03-28,2026-09-24,Pro,Referral,United Kingdom,18,18,23,11,4,19.9,1,1,1,Active Paid,0,29.0
USR-000594,2024-10-15,2026-09-21,Free,Social,Other,9,6,1,1,0,5.9,0,0,0,Free,0,0.0
USR-000595,2026-01-29,2026-09-02,Pro,Social,Germany,4,4,4,1,0,11.8,0,1,1,Churned,1,0.0
USR-000596,2025-02-19,2026-07-29,Team,Social,United Kingdom,11,9,10,6,6,15.5,0,1,1,Churned,1,0.0
USR-000597,2025-07-28,2026-09-25,Pro,Referral,Australia,11,11,9,13,6,16.8,0,1,1,Active Paid,0,29.0
USR-000598,2025-03-07,2026-09-06,Team,Social,United States,0,0,0,0,0,0.0,0,0,1,Churned,1,0.0
USR-000599,2025-06-24,2026-09-26,Free,Organic Search,Australia,4,4,2,0,0,13.2,1,1,0,Free,0,0.0
USR-000600,2025-06-13,2026-09-20,Pro,Organic Search,Australia,9,9,8,8,3,20.8,0,1,1,Active Paid,0,29.0
USR-000601,2025-07-02,2026-09-18,Free,Organic Search,United States,7,7,2,1,1,7.0,0,1,1,Free,0,0.0
USR-000602,2025-03-08,2026-07-19,Free,Paid Search,United States,1,1,0,0,0,10.5,0,1,1,Churned,1,0.0
USR-000603,2025-04-05,2026-09-28,Pro,Paid Search,France,11,10,4,8,2,23.3,2,1,1,Active Paid,0,29.0
USR-000604,2026-06-11,2026-07-10,Free,Content,United States,4,4,1,0,0,14.0,1,0,1,Churned,1,0.0
USR-000605,2025-02-02,2026-09-26,Team,Organic Search,Other,6,6,2,0,4,16.4,0,1,1,Active Paid,0,89.0
USR-000606,2025-08-28,2026-09-20,Pro,Paid Search,United States,3,3,0,0,0,10.7,0,1,1,Active Paid,0,29.0
USR-000607,2026-01-27,2026-09-24,Team,Organic Search,United States,10,10,2,6,5,23.9,0,1,1,Active Paid,0,89.0
USR-000608,2025-09-13,2026-09-24,Free,Social,United States,0,0,0,0,0,0.0,0,1,0,Free,0,0.0
USR-000609,2024-10-24,2026-09-20,Free,Social,Australia,6,6,3,0,1,19.7,2,0,1,Free,0,0.0
USR-000610,2025-01-10,2026-09-23,Pro,Social,Germany,6,6,5,2,0,15.1,0,0,1,Active Paid,0,29.0
USR-000611,2025-01-27,2026-08-31,Free,Partnership,Other,3,3,0,1,1,11.1,0,0,0,Churned,1,0.0
USR-000612,2025-10-20,2026-09-26,Free,Partnership,Other,0,0,0,0,0,0.0,0,0,1,Free,0,0.0
USR-000613,2025-03-04,2026-09-27,Pro,Content,Germany,11,11,8,2,2,18.9,0,1,1,Active Paid,0,29.0
USR-000614,2025-12-14,2026-09-28,Team,Content,United States,13,10,5,10,2,15.4,1,1,1,Active Paid,0,89.0
USR-000615,2025-05-13,2026-09-23,Pro,Paid Search,United States,11,11,4,2,2,16.8,0,1,1,Active Paid,0,29.0
USR-000616,2025-06-15,2026-09-21,Free,Social,Other,0,0,0,0,0,0.0,0,0,0,Free,0,0.0
USR-000617,2026-03-21,2026-09-19,Free,Paid Search,United States,2,2,0,0,0,7.2,0,0,0,Free,0,0.0
USR-000618,2026-03-09,2026-09-27,Pro,Content,Other,7,4,6,1,2,20.1,1,1,1,Active Paid,0,29.0
USR-000619,2026-08-03,2026-09-23,Free,Organic Search,Other,5,5,0,1,0,14.4,0,1,0,Free,0,0.0
USR-000620,2026-06-08,2026-09-21,Free,Organic Search,Germany,2,2,0,0,0,2.0,0,1,1,Free,0,0.0
USR-000621,2025-11-09,2026-09-05,Free,Organic Search,Germany,2,2,0,0,0,14.3,0,1,1,Churned,1,0.0
USR-000622,2025-10-09,2026-08-01,Free,Social,Other,5,5,4,1,2,17.1,0,1,0,Churned,1,0.0
USR-000623,2026-05-20,2026-09-24,Free,Referral,France,8,8,8,3,0,10.8,0,1,1,Free,0,0.0
USR-000624,2025-11-21,2026-09-23,Free,Organic Search,France,12,12,8,3,4,17.0,0,1,0,Free,0,0.0
USR-000625,2025-07-11,2026-09-25,Pro,Social,United Kingdom,6,6,9,4,2,15.1,0,1,1,Active Paid,0,29.0
USR-000626,2026-04-02,2026-09-22,Free,Paid Search,Canada,5,5,3,1,1,13.8,0,0,0,Free,0,0.0
USR-000627,2026-01-17,2026-09-26,Pro,Content,United Kingdom,18,13,25,12,5,24.1,1,1,1,Active Paid,0,29.0
USR-000628,2025-12-27,2026-09-14,Free,Organic Search,Other,4,4,2,0,1,12.3,1,1,0,Free,0,0.0
USR-000629,2025-09-19,2026-09-27,Team,Organic Search,Germany,9,9,7,6,5,18.4,0,1,1,Active Paid,0,89.0
USR-000630,2025-12-28,2026-09-05,Free,Referral,Australia,3,3,1,0,0,20.9,0,1,0,Churned,1,0.0
USR-000631,2025-04-07,2026-09-23,Free,Social,United States,4,4,1,0,0,26.5,0,1,0,Free,0,0.0
USR-000632,2026-01-24,2026-09-20,Free,Content,Other,9,9,10,1,0,20.0,0,1,1,Free,0,0.0
USR-000633,2025-11-09,2026-07-26,Free,Social,United Kingdom,5,3,1,0,0,11.8,0,0,0,Churned,1,0.0
USR-000634,2025-12-18,2026-09-24,Free,Partnership,France,4,4,3,0,0,11.4,0,0,1,Free,0,0.0
USR-000635,2026-05-08,2026-09-21,Pro,Paid Search,United States,9,8,8,2,1,15.3,0,1,1,Active Paid,0,29.0
USR-000636,2025-05-13,2026-09-26,Team,Paid Search,Other,11,11,9,6,11,18.1,0,0,1,Active Paid,0,89.0
USR-000637,2026-03-31,2026-09-18,Free,Partnership,Germany,10,7,3,1,1,12.6,0,1,0,Free,0,0.0
USR-000638,2026-02-15,2026-09-10,Free,Organic Search,United Kingdom,7,7,6,3,1,6.1,1,0,0,Churned,1,0.0
USR-000639,2025-02-26,2026-07-09,Pro,Content,United States,11,11,6,6,1,16.6,0,1,1,Churned,1,0.0
USR-000640,2024-11-06,2026-08-11,Pro,Organic Search,United Kingdom,3,3,0,0,0,12.2,1,1,1,Churned,1,0.0
USR-000641,2025-05-24,2026-09-26,Free,Social,United States,5,5,3,0,1,10.6,0,1,0,Free,0,0.0
USR-000642,2024-11-29,2026-09-25,Pro,Organic Search,United States,11,11,13,5,4,20.4,1,1,1,Active Paid,0,29.0
USR-000643,2025-01-13,2026-09-24,Free,Social,Canada,10,10,10,6,1,23.6,0,1,0,Free,0,0.0
USR-000644,2025-10-07,2026-09-24,Pro,Content,United Kingdom,9,9,5,5,3,21.0,0,1,1,Active Paid,0,29.0
USR-000645,2025-03-14,2026-08-02,Free,Organic Search,United Kingdom,6,6,0,0,1,13.5,0,0,0,Churned,1,0.0
USR-000646,2026-01-24,2026-09-14,Free,Organic Search,France,6,6,4,1,0,15.3,0,1,0,Free,0,0.0
USR-000647,2025-10-21,2026-09-21,Free,Paid Search,United Kingdom,3,3,2,1,0,18.5,0,0,0,Free,0,0.0
USR-000648,2025-08-29,2026-07-24,Pro,Paid Search,United States,5,5,1,0,1,26.8,0,1,1,Churned,1,0.0
USR-000649,2024-10-29,2026-09-19,Free,Paid Search,Other,4,4,2,1,0,12.1,0,0,0,Free,0,0.0
USR-000650,2025-01-17,2026-09-21,Pro,Partnership,United Kingdom,14,7,7,4,2,15.6,0,0,1,Active Paid,0,29.0
USR-000651,2025-10-01,2026-09-24,Pro,Organic Search,Germany,9,9,6,6,2,20.1,0,1,1,Active Paid,0,29.0
USR-000652,2025-06-06,2026-09-29,Pro,Paid Search,Other,14,14,10,5,2,21.4,0,1,1,Active Paid,0,29.0
USR-000653,2026-04-24,2026-09-23,Free,Social,Australia,1,1,1,0,0,12.5,1,1,0,Free,0,0.0
USR-000654,2025-02-17,2026-07-21,Free,Paid Search,Canada,1,1,0,0,0,14.0,1,1,0,Churned,1,0.0
USR-000655,2025-08-16,2026-09-25,Free,Paid Search,Canada,4,4,2,0,1,8.8,0,1,0,Free,0,0.0
USR-000656,2025-08-31,2026-09-22,Pro,Referral,Other,18,16,18,14,5,23.1,1,1,1,Active Paid,0,29.0
USR-000657,2025-03-17,2026-09-24,Team,Social,Australia,11,11,6,6,2,31.1,0,0,1,Active Paid,0,89.0
USR-000658,2025-06-20,2026-08-09,Free,Content,United States,4,4,5,2,1,17.9,0,1,0,Churned,1,0.0
USR-000659,2026-07-26,2026-07-26,Team,Paid Search,Germany,6,6,6,1,4,19.3,2,0,1,Churned,1,0.0
USR-000660,2026-02-21,2026-09-17,Free,Social,Other,2,2,1,0,0,15.4,0,0,0,Free,0,0.0
USR-000661,2026-05-12,2026-09-26,Free,Content,Australia,5,5,1,1,1,11.1,0,1,0,Free,0,0.0
USR-000662,2025-04-08,2026-09-24,Free,Content,United States,4,4,2,1,1,18.3,0,0,0,Free,0,0.0
USR-000663,2026-08-21,2026-09-19,Pro,Partnership,United Kingdom,8,8,8,5,0,17.2,0,0,1,Active Paid,0,29.0
USR-000664,2026-04-24,2026-08-23,Free,Paid Search,Canada,5,5,2,1,3,7.4,0,1,0,Churned,1,0.0
USR-000665,2025-07-15,2026-09-21,Free,Partnership,United States,1,1,2,0,0,10.3,0,0,1,Free,0,0.0
USR-000666,2025-05-07,2026-09-26,Pro,Content,France,14,14,13,6,10,12.0,2,1,1,Active Paid,0,29.0
USR-000667,2025-09-21,2026-09-22,Free,Content,Canada,8,6,5,1,1,5.8,0,1,1,Free,0,0.0
USR-000668,2025-01-08,2026-09-23,Free,Referral,United States,5,5,1,0,1,7.9,1,1,1,Free,0,0.0
USR-000669,2024-11-27,2026-09-21,Free,Partnership,United Kingdom,9,9,9,3,2,8.6,1,1,0,Free,0,0.0
USR-000670,2026-06-13,2026-09-22,Free,Paid Search,Other,0,0,0,0,0,0.0,0,0,0,Free,0,0.0
USR-000671,2024-11-03,2026-07-30,Free,Referral,Other,9,9,9,3,1,12.3,1,1,0,Churned,1,0.0
USR-000672,2025-07-03,2026-09-26,Free,Referral,Australia,12,12,10,3,3,18.2,0,1,1,Free,0,0.0
USR-000673,2025-06-18,2026-09-25,Pro,Referral,Other,8,6,5,4,2,14.6,0,1,1,Active Paid,0,29.0
USR-000674,2026-07-10,2026-09-26,Free,Referral,Other,6,6,3,0,0,11.0,0,0,0,Free,0,0.0
USR-000675,2025-06-28,2026-09-23,Pro,Organic Search,Canada,7,7,2,2,0,13.1,0,1,1,Active Paid,0,29.0
USR-000676,2025-04-15,2026-09-11,Free,Paid Search,United States,0,0,1,0,0,0.0,0,1,0,Churned,1,0.0
USR-000677,2025-07-27,2026-07-27,Free,Paid Search,Australia,8,4,2,2,3,17.2,0,1,1,Churned,1,0.0
USR-000678,2026-07-17,2026-08-16,Free,Referral,Germany,9,8,6,0,0,4.3,0,1,0,Churned,1,0.0
USR-000679,2025-09-06,2026-09-25,Free,Referral,United Kingdom,6,6,3,0,0,17.7,0,0,0,Free,0,0.0
USR-000680,2024-11-15,2026-09-14,Free,Content,Other,1,1,0,0,0,8.5,0,0,0,Churned,1,0.0
USR-000681,2025-04-16,2026-09-23,Free,Content,United Kingdom,9,9,3,1,0,13.7,1,1,0,Free,0,0.0
USR-000682,2026-06-09,2026-09-24,Team,Social,Other,4,4,1,1,1,14.8,0,0,1,Active Paid,0,89.0
USR-000683,2024-10-29,2026-09-25,Pro,Organic Search,Germany,8,8,8,0,1,20.4,0,0,1,Active Paid,0,29.0
USR-000684,2024-10-30,2026-09-25,Free,Referral,United States,8,8,11,2,3,12.2,0,1,0,Free,0,0.0
USR-000685,2026-05-17,2026-09-19,Pro,Content,Other,3,3,2,0,0,13.3,0,1,1,Active Paid,0,29.0
USR-000686,2025-02-20,2026-09-23,Pro,Referral,Australia,10,10,9,3,1,12.1,0,1,1,Active Paid,0,29.0
USR-000687,2025-11-29,2026-09-26,Pro,Content,Germany,9,9,10,7,2,20.7,0,1,1,Active Paid,0,29.0
USR-000688,2025-07-18,2026-08-10,Free,Partnership,Germany,0,0,0,0,0,0.0,0,1,0,Churned,1,0.0
USR-000689,2025-11-01,2026-09-20,Free,Paid Search,United States,8,7,5,1,2,10.5,0,1,1,Free,0,0.0
USR-000690,2025-03-05,2026-09-26,Free,Referral,United States,12,8,5,2,0,15.0,0,1,0,Free,0,0.0
USR-000691,2024-10-03,2026-09-20,Free,Social,United States,8,7,5,1,2,14.9,1,1,0,Free,0,0.0
USR-000692,2025-02-24,2026-09-17,Free,Social,United States,2,2,0,0,0,9.8,0,1,0,Free,0,0.0
USR-000693,2024-11-19,2026-09-22,Team,Organic Search,United Kingdom,9,9,10,5,0,20.0,1,1,1,Active Paid,0,89.0
USR-000694,2024-11-08,2026-07-08,Team,Organic Search,Canada,9,8,12,4,3,16.5,0,1,1,Churned,1,0.0
USR-000695,2026-07-13,2026-08-08,Free,Organic Search,United States,2,2,1,0,0,15.8,0,0,1,Churned,1,0.0
USR-000696,2026-03-18,2026-09-23,Free,Referral,Canada,9,6,3,0,1,11.0,0,0,0,Free,0,0.0
USR-000697,2025-04-17,2026-09-23,Free,Organic Search,United States,15,11,8,8,2,17.6,0,1,1,Free,0,0.0
USR-000698,2025-07-21,2026-09-24,Free,Paid Search,United States,6,5,5,0,1,9.1,0,1,0,Free,0,0.0
USR-000699,2026-08-11,2026-09-17,Free,Social,Other,4,4,0,0,0,6.9,0,1,0,Free,0,0.0
USR-000700,2026-07-10,2026-09-21,Free,Paid Search,Other,5,5,3,0,0,14.0,0,1,0,Free,0,0.0
USR-000701,2025-09-08,2026-09-28,Pro,Content,Australia,11,11,14,7,5,18.8,0,0,1,Active Paid,0,29.0
USR-000702,2025-07-02,2026-09-21,Team,Paid Search,United States,10,10,8,3,6,20.5,0,1,1,Active Paid,0,89.0
USR-000703,2026-05-19,2026-09-26,Pro,Organic Search,France,7,7,6,4,0,15.3,0,0,1,Active Paid,0,29.0
USR-000704,2026-05-16,2026-09-25,Pro,Partnership,United States,7,7,7,2,1,15.5,0,1,1,Active Paid,0,29.0
USR-000705,2026-06-15,2026-07-14,Free,Content,Canada,7,7,6,1,0,13.7,0,1,0,Churned,1,0.0
USR-000706,2025-08-08,2026-09-17,Free,Referral,Other,8,8,3,2,0,14.9,0,1,0,Free,0,0.0
USR-000707,2026-09-10,2026-09-20,Free,Referral,United Kingdom,3,3,2,0,0,13.8,0,0,0,Free,0,0.0
USR-000708,2025-08-02,2026-09-22,Pro,Organic Search,Other,11,8,6,0,0,12.6,0,1,1,Active Paid,0,29.0
USR-000709,2025-10-10,2026-09-22,Free,Referral,France,7,6,3,1,0,24.0,1,0,0,Free,0,0.0
USR-000710,2025-10-17,2026-09-26,Pro,Organic Search,United States,5,5,1,0,1,10.6,1,0,1,Active Paid,0,29.0
USR-000711,2025-05-18,2026-07-02,Free,Social,United States,0,0,0,0,0,0.0,0,0,0,Churned,1,0.0
USR-000712,2025-09-07,2026-07-26,Free,Organic Search,Australia,9,7,6,0,1,11.6,0,1,0,Churned,1,0.0
USR-000713,2025-04-13,2026-09-23,Free,Referral,United Kingdom,1,1,1,0,0,18.7,0,1,1,Free,0,0.0
USR-000714,2025-03-18,2026-09-14,Team,Organic Search,United States,7,7,6,4,0,21.9,0,1,1,Churned,1,0.0
USR-000715,2024-11-27,2026-07-26,Free,Paid Search,United States,5,5,1,0,0,10.0,0,0,0,Churned,1,0.0
USR-000716,2025-02-21,2026-09-21,Free,Organic Search,Other,5,5,3,1,0,11.5,0,1,1,Free,0,0.0
USR-000717,2025-09-10,2026-09-26,Free,Referral,United States,4,4,1,0,1,8.9,0,1,0,Free,0,0.0
USR-000718,2025-09-29,2026-09-23,Pro,Paid Search,Other,11,11,4,4,2,20.4,1,1,1,Active Paid,0,29.0
USR-000719,2026-03-31,2026-08-26,Team,Social,France,7,7,1,3,1,9.5,1,1,1,Churned,1,0.0
USR-000720,2025-07-14,2026-09-23,Free,Paid Search,United States,4,3,3,1,0,12.4,0,1,0,Free,0,0.0
USR-000721,2026-06-08,2026-09-26,Team,Referral,United Kingdom,7,7,5,1,5,18.7,0,1,1,Active Paid,0,89.0
USR-000722,2024-11-19,2026-09-26,Free,Organic Search,Australia,9,9,8,0,2,16.4,1,0,0,Free,0,0.0
USR-000723,2025-01-19,2026-09-19,Pro,Partnership,United Kingdom,4,4,2,0,0,8.1,0,0,1,Active Paid,0,29.0
USR-000724,2026-06-22,2026-09-20,Free,Paid Search,United States,9,2,2,0,0,5.6,0,0,0,Free,0,0.0
USR-000725,2025-03-03,2026-09-21,Free,Organic Search,United States,10,9,5,2,2,14.0,1,1,0,Free,0,0.0
USR-000726,2026-06-24,2026-09-28,Pro,Organic Search,Other,9,9,9,5,2,21.6,0,1,1,Active Paid,0,29.0
USR-000727,2025-04-18,2026-09-27,Free,Organic Search,France,5,5,4,2,1,14.7,1,0,0,Free,0,0.0
USR-000728,2026-07-15,2026-09-19,Free,Social,Canada,7,6,1,0,0,12.9,1,0,0,Free,0,0.0
USR-000729,2025-10-01,2026-09-28,Pro,Paid Search,United States,8,8,4,2,1,16.5,0,1,1,Active Paid,0,29.0
USR-000730,2025-06-02,2026-09-26,Team,Content,Canada,12,12,10,3,5,20.2,0,1,1,Active Paid,0,89.0
USR-000731,2025-04-12,2026-07-20,Free,Social,Australia,4,4,1,1,0,8.6,0,1,0,Churned,1,0.0
USR-000732,2025-11-20,2026-09-14,Pro,Organic Search,United States,0,0,0,0,0,0.0,0,1,1,Churned,1,0.0
USR-000733,2024-11-26,2026-09-21,Pro,Social,Other,9,7,3,0,0,19.2,1,1,1,Active Paid,0,29.0
USR-000734,2025-03-11,2026-08-13,Free,Organic Search,Other,11,11,3,3,2,11.6,0,1,0,Churned,1,0.0
USR-000735,2026-04-20,2026-09-23,Pro,Organic Search,United Kingdom,12,10,9,2,1,17.3,1,0,1,Active Paid,0,29.0
USR-000736,2025-05-24,2026-09-23,Free,Paid Search,Other,3,3,1,0,0,11.5,1,1,0,Free,0,0.0
USR-000737,2025-04-11,2026-09-28,Pro,Organic Search,France,11,11,11,3,4,15.6,2,1,1,Active Paid,0,29.0
USR-000738,2026-01-20,2026-07-06,Free,Organic Search,Germany,0,0,0,0,0,0.0,0,0,0,Churned,1,0.0
USR-000739,2025-04-06,2026-09-14,Free,Partnership,United States,4,4,1,0,0,9.6,0,0,1,Free,0,0.0
USR-000740,2024-12-12,2026-09-23,Free,Referral,Other,8,8,10,0,0,22.0,0,1,1,Free,0,0.0
USR-000741,2025-02-08,2026-09-20,Free,Partnership,United Kingdom,7,7,5,1,2,16.4,1,1,0,Free,0,0.0
USR-000742,2025-03-19,2026-07-15,Pro,Paid Search,Australia,6,6,2,0,2,8.5,0,1,1,Churned,1,0.0
USR-000743,2025-06-19,2026-08-02,Team,Content,United States,4,4,4,1,2,18.3,1,1,1,Churned,1,0.0
USR-000744,2026-03-06,2026-09-18,Free,Paid Search,United States,5,5,0,1,0,12.8,0,0,0,Free,0,0.0
USR-000745,2025-02-24,2026-09-25,Free,Organic Search,Other,7,7,4,3,5,11.7,0,1,0,Free,0,0.0
USR-000746,2025-12-29,2026-09-20,Free,Content,Canada,6,6,3,1,0,10.3,0,0,0,Free,0,0.0
USR-000747,2025-08-31,2026-08-23,Free,Organic Search,United States,4,4,2,0,0,9.8,0,1,1,Churned,1,0.0
USR-000748,2026-02-03,2026-08-19,Free,Paid Search,Australia,0,0,0,0,0,0.0,0,0,0,Churned,1,0.0
USR-000749,2026-02-04,2026-09-25,Pro,Content,United States,8,8,7,1,3,25.0,0,1,1,Active Paid,0,29.0
USR-000750,2026-05-26,2026-09-21,Pro,Social,Other,5,5,4,2,0,12.3,0,0,1,Active Paid,0,29.0
USR-000751,2024-10-28,2026-09-17,Free,Social,Other,4,4,0,0,1,9.5,1,1,1,Free,0,0.0
USR-000752,2026-06-02,2026-09-26,Free,Paid Search,United States,15,13,11,1,1,16.6,0,1,0,Free,0,0.0
USR-000753,2026-07-16,2026-09-20,Pro,Organic Search,Germany,2,2,1,0,0,12.6,0,1,1,Active Paid,0,29.0
USR-000754,2024-11-15,2026-09-18,Free,Partnership,Other,8,5,1,1,1,12.7,0,1,1,Free,0,0.0
USR-000755,2025-08-15,2026-08-31,Free,Organic Search,Other,8,8,3,0,3,12.8,0,1,1,Churned,1,0.0
USR-000756,2025-11-06,2026-09-25,Free,Paid Search,Canada,7,7,3,0,2,2.0,0,1,0,Free,0,0.0
USR-000757,2025-04-06,2026-09-25,Free,Organic Search,France,0,0,0,0,0,0.0,1,1,0,Free,0,0.0
USR-000758,2025-12-15,2026-09-12,Free,Content,Germany,0,0,0,0,0,0.0,0,1,0,Churned,1,0.0
USR-000759,2026-06-16,2026-09-27,Pro,Referral,United States,10,10,6,6,3,13.7,0,1,1,Active Paid,0,29.0
USR-000760,2025-04-12,2026-09-16,Free,Social,Germany,4,4,1,0,0,8.1,0,0,0,Free,0,0.0
USR-000761,2026-05-13,2026-09-20,Pro,Partnership,United Kingdom,5,5,0,1,0,20.3,0,1,1,Active Paid,0,29.0
USR-000762,2025-08-16,2026-09-20,Free,Organic Search,United Kingdom,8,8,3,0,1,10.7,0,1,0,Free,0,0.0
USR-000763,2024-11-06,2026-09-22,Team,Content,United Kingdom,8,8,5,9,5,17.8,0,1,1,Active Paid,0,89.0
USR-000764,2024-11-15,2026-09-24,Free,Organic Search,Other,5,5,3,2,0,13.3,0,1,1,Free,0,0.0
USR-000765,2026-01-01,2026-09-19,Free,Paid Search,United States,1,1,0,0,0,4.8,0,0,0,Free,0,0.0
USR-000766,2025-03-07,2026-09-25,Free,Organic Search,United States,8,8,6,0,1,15.8,0,1,0,Free,0,0.0
USR-000767,2025-07-04,2026-08-16,Free,Partnership,United States,9,7,6,2,2,13.8,0,0,0,Churned,1,0.0
USR-000768,2025-10-08,2026-08-09,Free,Content,United States,3,3,1,1,0,21.7,0,0,0,Churned,1,0.0
USR-000769,2026-06-07,2026-09-22,Pro,Social,Other,6,6,2,3,0,16.4,0,0,1,Active Paid,0,29.0
USR-000770,2025-12-20,2026-07-02,Free,Organic Search,United Kingdom,7,5,4,0,1,16.8,0,1,1,Churned,1,0.0
USR-000771,2025-06-06,2026-09-13,Free,Paid Search,United States,0,0,0,0,0,0.0,0,1,0,Churned,1,0.0
USR-000772,2024-10-10,2026-07-02,Free,Paid Search,Other,0,0,0,0,0,0.0,1,0,0,Churned,1,0.0
USR-000773,2026-09-12,2026-09-12,Pro,Paid Search,United States,2,2,2,1,0,15.8,0,0,1,Churned,1,0.0
USR-000774,2025-04-20,2026-07-31,Pro,Organic Search,Canada,4,4,1,1,0,6.1,2,0,1,Churned,1,0.0
USR-000775,2025-01-18,2026-09-17,Pro,Referral,Australia,4,4,3,5,1,18.4,0,0,1,Active Paid,0,29.0
USR-000776,2024-11-04,2026-09-25,Free,Social,Australia,0,0,0,0,0,0.0,1,0,0,Free,0,0.0
USR-000777,2025-11-16,2026-09-19,Pro,Content,United States,15,9,6,8,5,13.0,1,1,1,Active Paid,0,29.0
USR-000778,2026-06-23,2026-09-27,Pro,Social,France,10,10,11,3,6,18.8,1,1,1,Active Paid,0,29.0
USR-000779,2026-03-06,2026-09-20,Free,Paid Search,Germany,7,7,5,1,0,12.3,0,1,0,Free,0,0.0
USR-000780,2025-01-15,2026-09-24,Free,Social,France,8,5,7,0,0,14.0,0,0,0,Free,0,0.0
USR-000781,2024-12-27,2026-09-26,Pro,Organic Search,United States,10,10,6,1,2,17.0,0,1,1,Active Paid,0,29.0
USR-000782,2025-06-17,2026-09-12,Free,Referral,Australia,3,3,1,0,3,20.7,0,1,0,Churned,1,0.0
USR-000783,2026-06-20,2026-09-25,Pro,Referral,Canada,13,13,3,11,5,27.2,1,1,1,Active Paid,0,29.0
USR-000784,2026-06-20,2026-07-15,Free,Organic Search,France,6,6,3,0,2,13.6,0,0,0,Churned,1,0.0
USR-000785,2025-10-09,2026-09-17,Free,Paid Search,Other,2,2,0,1,0,15.5,0,1,0,Free,0,0.0
USR-000786,2025-07-22,2026-09-22,Free,Content,Other,9,5,2,0,0,18.7,0,1,0,Free,0,0.0
USR-000787,2026-08-23,2026-09-19,Pro,Social,Australia,3,3,1,0,1,11.7,0,0,1,Active Paid,0,29.0
USR-000788,2025-05-13,2026-09-20,Pro,Social,United States,12,7,7,2,1,11.3,0,1,1,Active Paid,0,29.0
USR-000789,2025-08-22,2026-09-24,Free,Referral,United States,4,4,2,1,0,16.8,0,1,0,Free,0,0.0
USR-000790,2026-09-07,2026-09-07,Free,Social,Germany,3,3,0,0,0,9.8,0,0,0,Churned,1,0.0
USR-000791,2026-07-09,2026-07-22,Free,Organic Search,United States,0,0,0,2,0,0.0,2,0,0,Churned,1,0.0
USR-000792,2025-10-26,2026-09-16,Free,Content,France,3,3,2,0,0,10.2,0,1,1,Free,0,0.0
USR-000793,2025-04-17,2026-09-27,Team,Partnership,France,17,17,15,5,20,15.0,0,1,1,Active Paid,0,89.0
USR-000794,2025-02-02,2026-09-23,Free,Organic Search,Canada,5,5,6,2,4,11.2,1,1,0,Free,0,0.0
USR-000795,2025-11-11,2026-09-04,Free,Organic Search,United States,10,10,10,5,3,22.3,1,1,1,Churned,1,0.0
USR-000796,2026-02-16,2026-09-18,Free,Referral,Other,9,9,7,4,5,19.9,0,1,1,Free,0,0.0
USR-000797,2024-10-23,2026-09-24,Team,Social,Germany,5,5,4,1,1,20.5,1,1,1,Active Paid,0,89.0
USR-000798,2025-10-23,2026-08-31,Free,Paid Search,Canada,7,7,3,1,1,10.0,0,0,0,Churned,1,0.0
USR-000799,2026-02-02,2026-08-17,Pro,Social,Canada,6,6,2,1,2,16.2,0,0,1,Churned,1,0.0
USR-000800,2025-11-03,2026-09-19,Free,Referral,United States,5,5,3,0,2,16.5,0,1,1,Free,0,0.0
USR-000801,2026-09-07,2026-09-24,Free,Social,France,0,0,0,0,0,0.0,0,1,1,Free,0,0.0
USR-000802,2026-02-12,2026-07-10,Pro,Organic Search,United States,6,6,7,2,2,14.3,0,0,1,Churned,1,0.0
USR-000803,2025-09-12,2026-09-27,Free,Organic Search,Germany,31,19,40,18,15,28.3,0,1,1,Free,0,0.0
USR-000804,2024-11-28,2026-09-25,Pro,Paid Search,United States,16,12,6,3,2,15.8,0,0,1,Active Paid,0,29.0
USR-000805,2025-04-06,2026-08-12,Free,Partnership,United States,5,5,1,0,2,17.3,0,1,0,Churned,1,0.0
USR-000806,2025-03-06,2026-09-25,Pro,Social,United States,16,16,11,6,1,13.3,0,1,1,Active Paid,0,29.0
USR-000807,2025-08-22,2026-09-23,Pro,Paid Search,United States,14,9,5,6,2,22.7,0,1,1,Active Paid,0,29.0
USR-000808,2026-06-28,2026-09-22,Pro,Content,Other,2,2,3,3,0,15.3,0,1,1,Active Paid,0,29.0
USR-000809,2025-12-10,2026-09-24,Free,Paid Search,Australia,9,9,6,1,2,12.5,2,0,0,Free,0,0.0
USR-000810,2024-10-03,2026-09-21,Pro,Social,United States,11,10,4,2,3,17.2,0,1,1,Active Paid,0,29.0
USR-000811,2026-08-15,2026-09-25,Team,Organic Search,United States,6,6,2,4,1,26.8,0,1,1,Active Paid,0,89.0
USR-000812,2024-12-26,2026-09-27,Free,Referral,Australia,6,6,2,2,3,14.0,0,1,1,Free,0,0.0
USR-000813,2025-05-14,2026-09-27,Free,Referral,United States,10,8,10,0,1,16.4,0,1,0,Free,0,0.0
USR-000814,2026-02-25,2026-09-24,Pro,Content,Canada,8,7,7,0,1,20.0,1,0,1,Active Paid,0,29.0
USR-000815,2025-03-08,2026-08-04,Free,Paid Search,United States,6,6,3,2,2,12.8,0,0,1,Churned,1,0.0
USR-000816,2025-01-25,2026-09-24,Pro,Paid Search,Germany,13,12,10,7,5,18.4,1,1,1,Active Paid,0,29.0
USR-000817,2026-08-16,2026-09-26,Pro,Organic Search,Other,5,5,9,3,2,25.2,0,1,1,Active Paid,0,29.0
USR-000818,2026-07-01,2026-09-24,Free,Partnership,United States,9,5,4,1,0,16.6,0,0,0,Free,0,0.0
USR-000819,2025-05-27,2026-09-19,Free,Organic Search,Other,6,4,4,0,1,21.6,1,1,0,Free,0,0.0
USR-000820,2024-10-01,2026-09-26,Pro,Referral,Other,11,11,15,4,0,14.9,0,1,1,Active Paid,0,29.0
USR-000821,2026-08-29,2026-09-23,Free,Referral,Other,7,7,3,2,1,21.8,0,1,0,Free,0,0.0
USR-000822,2025-05-28,2026-09-24,Team,Organic Search,Australia,8,8,7,1,2,16.0,0,0,1,Active Paid,0,89.0
USR-000823,2026-06-10,2026-09-20,Free,Paid Search,Other,5,5,0,0,1,12.1,0,0,1,Free,0,0.0
USR-000824,2025-06-08,2026-09-25,Free,Organic Search,Germany,4,4,0,0,0,11.9,0,0,1,Free,0,0.0
USR-000825,2025-06-27,2026-09-01,Pro,Social,Other,1,1,0,0,0,16.2,1,0,1,Churned,1,0.0
USR-000826,2026-07-13,2026-09-21,Free,Partnership,United States,0,0,1,0,0,0.0,0,1,1,Free,0,0.0
USR-000827,2025-05-17,2026-09-24,Pro,Paid Search,France,3,3,0,1,0,11.3,0,0,1,Active Paid,0,29.0
USR-000828,2024-12-13,2026-09-24,Free,Partnership,Germany,13,10,8,0,0,9.9,0,1,1,Free,0,0.0
USR-000829,2025-01-06,2026-09-22,Free,Organic Search,United States,5,5,2,0,0,10.6,1,0,1,Free,0,0.0
USR-000830,2026-08-26,2026-09-24,Free,Paid Search,United States,2,2,0,0,1,13.4,0,1,0,Free,0,0.0
USR-000831,2026-03-24,2026-09-24,Pro,Content,United States,8,8,5,3,3,19.8,1,1,1,Active Paid,0,29.0
USR-000832,2026-03-27,2026-09-27,Pro,Content,United Kingdom,9,9,8,2,3,21.4,1,1,1,Active Paid,0,29.0
USR-000833,2025-10-26,2026-08-07,Pro,Paid Search,United States,10,9,13,5,0,19.0,1,1,1,Churned,1,0.0
USR-000834,2026-06-05,2026-09-27,Team,Referral,United States,19,19,22,21,10,22.8,1,1,1,Active Paid,0,89.0
USR-000835,2025-01-13,2026-09-25,Pro,Content,United States,11,8,6,3,1,19.8,1,1,1,Active Paid,0,29.0
USR-000836,2025-03-09,2026-09-25,Pro,Referral,Germany,6,6,5,6,3,12.8,1,1,1,Active Paid,0,29.0
USR-000837,2025-02-15,2026-08-31,Free,Referral,United States,0,0,0,0,0,0.0,0,0,0,Churned,1,0.0
USR-000838,2026-04-27,2026-09-27,Team,Organic Search,United States,10,10,16,9,9,22.2,0,1,1,Active Paid,0,89.0
USR-000839,2026-09-05,2026-09-23,Pro,Organic Search,United Kingdom,10,10,7,6,1,12.1,0,1,1,Active Paid,0,29.0
USR-000840,2024-12-03,2026-09-24,Team,Social,United Kingdom,6,6,6,1,0,6.3,1,1,1,Active Paid,0,89.0
USR-000841,2026-02-21,2026-07-23,Free,Social,United States,0,0,0,0,0,0.0,1,0,0,Churned,1,0.0
USR-000842,2025-06-03,2026-09-22,Free,Organic Search,Other,3,3,2,0,0,18.6,1,1,0,Free,0,0.0
USR-000843,2024-12-04,2026-07-13,Pro,Paid Search,United States,0,0,0,0,0,0.0,1,0,1,Churned,1,0.0
USR-000844,2026-08-21,2026-09-24,Free,Paid Search,United States,3,3,4,0,1,11.5,1,1,0,Free,0,0.0
USR-000845,2026-09-12,2026-09-21,Free,Social,Canada,3,3,2,0,0,12.1,0,1,1,Free,0,0.0
USR-000846,2026-09-12,2026-09-21,Team,Paid Search,Other,7,7,4,0,5,19.1,1,0,1,Active Paid,0,89.0
USR-000847,2026-05-27,2026-09-19,Free,Paid Search,United Kingdom,0,0,1,0,0,0.0,1,1,1,Free,0,0.0
USR-000848,2026-08-10,2026-08-10,Free,Organic Search,United States,2,2,1,0,0,13.9,0,1,0,Churned,1,0.0
USR-000849,2025-02-06,2026-07-08,Free,Content,Canada,6,4,4,0,0,10.6,0,0,1,Churned,1,0.0
USR-000850,2025-07-09,2026-08-30,Free,Social,Canada,7,7,4,0,1,20.3,0,1,0,Churned,1,0.0
USR-000851,2024-10-15,2026-09-24,Pro,Organic Search,United Kingdom,7,4,7,2,0,17.9,1,1,1,Active Paid,0,29.0
USR-000852,2025-02-19,2026-09-27,Team,Paid Search,Other,15,15,20,10,14,15.7,0,1,1,Active Paid,0,89.0
USR-000853,2024-10-27,2026-08-14,Team,Paid Search,Other,6,6,2,2,0,13.0,0,0,1,Churned,1,0.0
USR-000854,2026-03-29,2026-09-25,Pro,Social,Canada,9,9,5,3,1,14.6,1,0,1,Active Paid,0,29.0
USR-000855,2026-02-22,2026-08-30,Pro,Social,United States,12,12,12,4,2,15.4,1,1,1,Churned,1,0.0
USR-000856,2025-01-16,2026-09-19,Free,Referral,Canada,7,7,2,0,2,7.1,0,1,0,Free,0,0.0
USR-000857,2026-03-24,2026-08-01,Pro,Referral,Other,6,6,4,1,1,13.5,1,1,1,Churned,1,0.0
USR-000858,2026-08-06,2026-08-08,Free,Organic Search,Other,6,6,1,1,2,18.0,0,1,0,Churned,1,0.0
USR-000859,2025-05-25,2026-08-02,Free,Paid Search,United States,0,0,0,0,0,0.0,0,0,0,Churned,1,0.0
USR-000860,2025-02-20,2026-09-28,Team,Organic Search,United States,12,12,12,8,10,19.2,1,1,1,Active Paid,0,89.0
USR-000861,2024-10-23,2026-09-24,Pro,Social,United States,4,4,2,0,0,9.5,1,0,1,Active Paid,0,29.0
USR-000862,2024-11-21,2026-08-14,Free,Paid Search,Australia,7,6,4,1,0,2.1,0,0,0,Churned,1,0.0
USR-000863,2026-06-22,2026-09-26,Pro,Referral,Canada,12,9,9,2,0,17.3,1,1,1,Active Paid,0,29.0
USR-000864,2025-03-12,2026-09-27,Free,Organic Search,United Kingdom,9,5,7,1,0,15.9,0,0,1,Free,0,0.0
USR-000865,2025-01-19,2026-09-25,Free,Referral,United Kingdom,9,9,8,1,2,14.1,0,1,1,Free,0,0.0
USR-000866,2025-05-04,2026-09-26,Free,Paid Search,United States,0,0,0,0,0,0.0,1,1,0,Free,0,0.0
USR-000867,2025-02-06,2026-09-26,Free,Paid Search,Other,9,9,5,2,1,19.2,0,1,1,Free,0,0.0
USR-000868,2025-01-24,2026-09-23,Free,Referral,United Kingdom,1,1,0,0,0,9.6,2,0,0,Free,0,0.0
USR-000869,2025-10-31,2026-09-24,Free,Organic Search,United States,5,5,0,0,1,14.4,0,1,0,Free,0,0.0
USR-000870,2026-08-18,2026-08-18,Free,Paid Search,France,4,4,0,0,0,18.2,1,0,0,Churned,1,0.0
USR-000871,2025-10-24,2026-08-15,Free,Paid Search,Germany,4,4,8,0,1,18.1,0,1,0,Churned,1,0.0
USR-000872,2026-04-24,2026-07-13,Team,Referral,France,8,8,11,8,4,22.3,2,1,1,Churned,1,0.0
USR-000873,2026-06-26,2026-09-19,Pro,Organic Search,Australia,5,5,0,0,2,10.3,1,1,1,Active Paid,0,29.0
USR-000874,2026-06-18,2026-09-25,Team,Partnership,United States,13,13,8,5,6,16.6,1,1,1,Active Paid,0,89.0
USR-000875,2025-05-05,2026-09-20,Free,Partnership,United States,3,3,2,1,0,6.3,0,1,0,Free,0,0.0
USR-000876,2025-09-20,2026-09-25,Pro,Content,United States,11,11,5,3,2,13.0,2,1,1,Active Paid,0,29.0
USR-000877,2025-08-26,2026-08-29,Pro,Paid Search,France,6,6,6,1,0,17.2,0,0,1,Churned,1,0.0
USR-000878,2025-04-01,2026-09-24,Free,Referral,Other,9,9,11,2,2,15.7,0,1,0,Free,0,0.0
USR-000879,2025-08-19,2026-09-15,Free,Organic Search,United Kingdom,3,3,0,0,1,10.5,0,0,0,Free,0,0.0
USR-000880,2025-06-22,2026-09-22,Free,Content,Australia,9,9,7,1,0,14.0,0,1,0,Free,0,0.0
USR-000881,2026-07-16,2026-09-02,Free,Social,France,7,4,0,0,0,8.8,1,0,0,Churned,1,0.0
USR-000882,2025-01-15,2026-09-23,Free,Organic Search,Other,4,4,4,0,1,14.4,1,1,0,Free,0,0.0
USR-000883,2025-10-30,2026-09-22,Free,Paid Search,Canada,10,7,4,0,3,17.5,0,0,0,Free,0,0.0
USR-000884,2026-05-28,2026-09-21,Free,Content,United States,6,6,1,1,1,10.1,0,1,0,Free,0,0.0
USR-000885,2025-02-11,2026-09-25,Pro,Content,Australia,18,18,20,11,8,16.5,0,1,1,Active Paid,0,29.0
USR-000886,2025-04-08,2026-09-24,Free,Social,Australia,0,0,0,0,0,0.0,0,0,1,Free,0,0.0
USR-000887,2026-08-09,2026-08-24,Free,Social,France,8,8,3,2,2,22.4,0,1,1,Churned,1,0.0
USR-000888,2026-04-30,2026-07-20,Pro,Referral,Other,8,8,6,3,2,17.9,1,1,1,Churned,1,0.0
USR-000889,2026-09-04,2026-09-25,Free,Content,United Kingdom,7,7,7,2,2,16.6,0,1,0,Free,0,0.0
USR-000890,2026-03-06,2026-09-27,Free,Referral,France,5,5,6,0,0,15.7,1,1,0,Free,0,0.0
USR-000891,2026-07-06,2026-09-22,Free,Paid Search,United States,6,4,4,0,0,7.4,0,0,0,Free,0,0.0
USR-000892,2025-04-26,2026-09-25,Free,Referral,United Kingdom,0,0,1,0,0,0.0,0,1,0,Free,0,0.0
USR-000893,2025-09-07,2026-09-26,Free,Content,United States,4,4,4,1,1,18.7,0,0,1,Free,0,0.0
USR-000894,2024-10-15,2026-07-17,Free,Organic Search,United States,7,7,1,2,1,12.2,0,1,0,Churned,1,0.0
USR-000895,2025-03-29,2026-08-30,Free,Paid Search,United States,0,0,0,0,0,0.0,0,0,1,Churned,1,0.0
USR-000896,2025-07-05,2026-07-05,Team,Organic Search,France,9,9,5,3,6,19.0,1,1,1,Churned,1,0.0
USR-000897,2025-09-16,2026-08-07,Team,Paid Search,Other,6,6,1,6,6,20.1,0,0,1,Churned,1,0.0
USR-000898,2026-08-08,2026-09-23,Free,Referral,United Kingdom,9,8,6,3,2,16.6,0,1,0,Free,0,0.0
USR-000899,2026-07-27,2026-08-17,Free,Organic Search,United Kingdom,0,0,0,0,0,0.0,0,0,0,Churned,1,0.0
USR-000900,2025-07-02,2026-09-18,Free,Social,United States,5,5,1,1,3,15.6,0,0,1,Free,0,0.0
USR-000901,2026-09-12,2026-09-12,Pro,Organic Search,United Kingdom,3,3,0,1,1,12.7,0,1,1,Churned,1,0.0
USR-000902,2026-08-16,2026-09-21,Pro,Content,United States,9,9,7,2,4,16.9,1,0,1,Active Paid,0,29.0
USR-000903,2026-04-12,2026-09-26,Free,Content,Germany,3,3,0,0,0,17.8,0,1,0,Free,0,0.0
USR-000904,2024-12-22,2026-09-24,Free,Social,Other,5,5,7,2,0,18.6,0,1,0,Free,0,0.0
USR-000905,2025-10-22,2026-07-27,Free,Referral,Canada,6,6,1,0,0,14.1,0,1,0,Churned,1,0.0
USR-000906,2025-04-26,2026-09-24,Team,Organic Search,France,8,8,6,5,8,26.2,0,0,1,Active Paid,0,89.0
USR-000907,2025-11-25,2026-09-23,Team,Content,France,11,9,9,8,9,11.9,0,1,1,Active Paid,0,89.0
USR-000908,2026-05-15,2026-09-27,Free,Referral,United States,7,7,5,0,0,18.7,0,1,1,Free,0,0.0
USR-000909,2025-12-24,2026-09-26,Pro,Organic Search,United Kingdom,15,15,18,3,9,16.6,0,0,1,Active Paid,0,29.0
USR-000910,2026-07-12,2026-09-21,Free,Partnership,United States,5,5,0,0,1,5.1,0,1,0,Free,0,0.0
USR-000911,2025-03-14,2026-09-08,Pro,Organic Search,United Kingdom,0,0,0,0,0,0.0,1,1,1,Churned,1,0.0
USR-000912,2026-05-07,2026-09-29,Team,Referral,Other,12,12,14,1,7,19.3,2,1,1,Active Paid,0,89.0
USR-000913,2025-12-20,2026-08-11,Free,Organic Search,Canada,5,5,3,1,2,22.8,0,1,0,Churned,1,0.0
USR-000914,2024-10-15,2026-08-23,Free,Referral,United Kingdom,6,6,3,0,0,21.7,2,1,1,Churned,1,0.0
USR-000915,2025-07-19,2026-07-11,Pro,Organic Search,United States,13,9,9,5,1,14.4,0,1,1,Churned,1,0.0
USR-000916,2025-10-23,2026-09-21,Free,Organic Search,United Kingdom,8,8,5,3,1,13.6,0,1,1,Free,0,0.0
USR-000917,2025-08-23,2026-09-26,Pro,Social,Other,7,7,2,1,0,15.1,1,1,1,Active Paid,0,29.0
USR-000918,2025-03-04,2026-08-05,Free,Partnership,United States,0,0,0,0,1,0.0,0,0,0,Churned,1,0.0
USR-000919,2026-03-18,2026-09-23,Team,Paid Search,France,8,8,9,6,5,25.2,0,1,1,Active Paid,0,89.0
USR-000920,2025-06-17,2026-09-23,Free,Social,United States,10,7,7,1,2,16.7,0,1,1,Free,0,0.0
USR-000921,2024-12-31,2026-09-19,Free,Social,United States,5,5,0,1,1,14.8,0,0,0,Free,0,0.0
USR-000922,2025-08-02,2026-08-28,Free,Content,United Kingdom,1,1,0,0,0,14.8,1,1,0,Churned,1,0.0
USR-000923,2025-10-31,2026-09-25,Free,Paid Search,Other,0,0,0,0,0,0.0,1,0,0,Free,0,0.0
USR-000924,2026-06-04,2026-09-24,Free,Social,United States,8,6,6,0,3,6.7,0,1,1,Free,0,0.0
USR-000925,2026-03-22,2026-09-23,Pro,Partnership,France,13,13,3,9,3,14.7,0,1,1,Active Paid,0,29.0
USR-000926,2024-11-08,2026-09-28,Free,Paid Search,United States,6,6,5,0,2,11.4,0,1,1,Free,0,0.0
USR-000927,2025-08-24,2026-09-23,Free,Paid Search,Germany,0,0,0,0,0,0.0,1,1,0,Free,0,0.0
USR-000928,2026-02-12,2026-09-19,Free,Content,Germany,7,7,1,0,1,18.1,1,1,1,Free,0,0.0
USR-000929,2025-11-20,2026-07-20,Free,Paid Search,Germany,5,5,1,1,0,10.2,1,0,0,Churned,1,0.0
USR-000930,2025-07-29,2026-09-27,Team,Paid Search,United States,7,7,2,2,4,12.8,1,1,1,Active Paid,0,89.0
USR-000931,2025-08-27,2026-09-24,Team,Paid Search,United States,4,4,2,0,1,8.7,0,1,1,Active Paid,0,89.0
USR-000932,2025-05-03,2026-09-18,Free,Content,Other,3,3,1,0,0,15.2,0,1,0,Free,0,0.0
USR-000933,2026-03-15,2026-09-23,Pro,Partnership,Canada,8,8,7,3,2,16.9,2,1,1,Active Paid,0,29.0
USR-000934,2025-06-08,2026-08-29,Pro,Referral,United States,7,7,2,1,2,8.8,3,0,1,Churned,1,0.0
USR-000935,2025-11-03,2026-09-25,Team,Referral,United Kingdom,10,10,11,5,4,15.0,0,1,1,Active Paid,0,89.0
USR-000936,2024-11-12,2026-09-25,Free,Paid Search,United States,7,7,5,0,0,22.0,0,0,0,Free,0,0.0
USR-000937,2026-05-26,2026-09-22,Free,Organic Search,Canada,3,3,2,0,1,21.2,1,0,0,Free,0,0.0
USR-000938,2026-06-01,2026-09-22,Free,Organic Search,United Kingdom,6,6,2,0,1,14.2,0,1,1,Free,0,0.0
USR-000939,2025-10-20,2026-09-24,Pro,Organic Search,United States,4,4,2,1,1,15.1,0,1,1,Active Paid,0,29.0
USR-000940,2025-09-17,2026-09-28,Pro,Organic Search,United Kingdom,6,6,6,2,4,15.7,1,1,1,Active Paid,0,29.0
USR-000941,2025-05-10,2026-09-20,Free,Referral,Germany,4,4,1,0,0,9.6,0,1,1,Free,0,0.0
USR-000942,2025-12-01,2026-08-11,Free,Organic Search,Other,6,6,1,0,0,5.0,0,0,1,Churned,1,0.0
USR-000943,2024-12-01,2026-09-21,Pro,Organic Search,France,11,11,9,7,3,14.8,1,1,1,Active Paid,0,29.0
USR-000944,2025-10-11,2026-09-23,Pro,Paid Search,Canada,4,4,0,1,2,15.1,0,1,1,Active Paid,0,29.0
USR-000945,2026-06-15,2026-07-14,Free,Organic Search,Australia,0,0,0,0,0,0.0,0,1,0,Churned,1,0.0
USR-000946,2026-06-22,2026-09-20,Pro,Organic Search,United States,4,3,3,1,0,13.3,0,0,1,Active Paid,0,29.0
USR-000947,2024-10-20,2026-09-25,Free,Organic Search,Germany,2,2,0,0,0,18.1,1,1,0,Free,0,0.0
USR-000948,2026-06-12,2026-09-22,Free,Paid Search,United States,0,0,0,0,0,0.0,0,1,0,Free,0,0.0
USR-000949,2024-11-07,2026-07-09,Free,Social,United States,3,3,1,0,0,11.9,0,0,0,Churned,1,0.0
USR-000950,2026-03-01,2026-09-29,Pro,Referral,Germany,8,8,6,2,3,18.9,0,1,1,Active Paid,0,29.0
USR-000951,2026-07-11,2026-09-25,Team,Content,United States,7,7,5,3,4,13.2,0,1,1,Active Paid,0,89.0
USR-000952,2026-02-10,2026-09-26,Free,Referral,France,2,2,0,0,0,11.3,0,0,0,Free,0,0.0
USR-000953,2025-07-03,2026-09-23,Free,Referral,Germany,2,2,1,0,0,18.5,0,1,1,Free,0,0.0
USR-000954,2025-11-14,2026-09-27,Free,Content,United States,6,6,11,2,1,17.7,0,1,1,Free,0,0.0
USR-000955,2025-03-03,2026-09-20,Free,Social,United Kingdom,2,2,0,0,0,7.0,0,0,0,Free,0,0.0
USR-000956,2025-07-06,2026-09-24,Free,Referral,Germany,12,11,12,3,1,21.6,0,1,1,Free,0,0.0
USR-000957,2025-12-03,2026-09-29,Free,Paid Search,France,4,4,4,2,0,14.3,0,1,0,Free,0,0.0
USR-000958,2025-06-19,2026-09-18,Free,Paid Search,Australia,1,1,2,0,0,21.3,1,1,0,Free,0,0.0
USR-000959,2024-10-21,2026-09-21,Free,Paid Search,United Kingdom,9,4,2,0,4,10.9,0,0,0,Free,0,0.0
USR-000960,2025-11-25,2026-09-27,Free,Organic Search,Australia,6,6,9,0,1,14.1,2,1,0,Free,0,0.0
USR-000961,2026-05-29,2026-08-02,Pro,Content,United Kingdom,6,6,3,1,0,21.8,0,1,1,Churned,1,0.0
USR-000962,2025-11-27,2026-09-23,Free,Organic Search,United States,8,8,8,0,1,12.0,1,1,1,Free,0,0.0
USR-000963,2025-01-23,2026-09-16,Pro,Referral,Germany,4,4,4,0,0,25.2,0,1,1,Active Paid,0,29.0
USR-000964,2026-04-13,2026-09-22,Team,Content,United States,9,9,7,4,3,13.2,0,1,1,Active Paid,0,89.0
USR-000965,2024-11-06,2026-09-17,Pro,Social,United States,7,7,7,3,1,19.3,2,0,1,Active Paid,0,29.0
USR-000966,2025-07-22,2026-09-24,Free,Organic Search,United States,8,8,4,2,3,16.9,1,1,0,Free,0,0.0
USR-000967,2025-07-12,2026-09-06,Free,Paid Search,Australia,5,5,1,0,1,7.9,0,0,0,Churned,1,0.0
USR-000968,2026-02-01,2026-09-28,Pro,Paid Search,Other,8,8,6,1,2,11.1,0,1,1,Active Paid,0,29.0
USR-000969,2024-11-26,2026-09-24,Free,Partnership,Other,4,4,2,0,0,6.8,0,0,0,Free,0,0.0
USR-000970,2026-08-21,2026-09-19,Free,Referral,United States,5,5,1,1,2,11.2,0,1,1,Free,0,0.0
USR-000971,2026-02-14,2026-07-08,Free,Referral,United Kingdom,0,0,0,0,0,0.0,0,1,0,Churned,1,0.0
USR-000972,2025-11-20,2026-09-20,Free,Social,Australia,8,7,2,0,0,10.0,0,0,0,Free,0,0.0
USR-000973,2025-10-09,2026-07-28,Free,Referral,United Kingdom,1,1,1,0,0,11.0,0,1,0,Churned,1,0.0
USR-000974,2025-10-11,2026-09-25,Pro,Referral,United Kingdom,7,6,7,3,1,12.8,0,1,1,Active Paid,0,29.0
USR-000975,2026-06-02,2026-07-24,Free,Organic Search,United States,0,0,0,0,0,0.0,0,1,0,Churned,1,0.0
USR-000976,2026-04-07,2026-08-06,Free,Organic Search,Germany,4,3,1,0,0,9.9,0,1,0,Churned,1,0.0
USR-000977,2026-07-09,2026-09-24,Pro,Organic Search,Germany,9,9,10,1,3,14.6,0,1,1,Active Paid,0,29.0
USR-000978,2025-08-02,2026-07-29,Free,Social,United Kingdom,5,5,1,1,0,8.3,1,1,0,Churned,1,0.0
USR-000979,2026-01-08,2026-09-23,Pro,Content,United States,12,10,13,3,7,13.5,1,1,1,Active Paid,0,29.0
USR-000980,2025-08-07,2026-09-03,Free,Social,France,3,3,3,0,0,17.1,0,1,0,Churned,1,0.0
USR-000981,2025-07-21,2026-09-25,Free,Social,Germany,0,0,1,0,0,0.0,0,1,0,Free,0,0.0
USR-000982,2025-05-02,2026-09-27,Team,Partnership,United States,5,5,3,3,2,19.3,0,1,1,Active Paid,0,89.0
USR-000983,2025-08-20,2026-09-23,Free,Organic Search,United Kingdom,9,9,3,1,1,14.5,1,0,0,Free,0,0.0
USR-000984,2025-06-09,2026-09-21,Free,Organic Search,Other,6,6,0,0,2,21.3,0,1,0,Free,0,0.0
USR-000985,2025-07-23,2026-09-26,Team,Content,Germany,17,17,8,10,17,22.2,0,1,1,Active Paid,0,89.0
USR-000986,2025-06-06,2026-08-30,Pro,Content,Germany,3,3,3,2,1,18.1,0,1,1,Churned,1,0.0
USR-000987,2025-07-02,2026-08-18,Pro,Referral,Germany,1,1,0,1,0,10.0,1,1,1,Churned,1,0.0
USR-000988,2026-02-01,2026-09-22,Free,Organic Search,Other,9,9,8,0,0,10.3,0,1,0,Free,0,0.0
USR-000989,2026-03-23,2026-09-22,Free,Partnership,United Kingdom,0,0,0,0,0,0.0,1,1,1,Free,0,0.0
USR-000990,2025-03-01,2026-09-26,Pro,Referral,United States,11,11,14,11,6,23.6,0,1,1,Active Paid,0,29.0
USR-000991,2026-01-13,2026-09-27,Free,Referral,United Kingdom,9,9,8,0,1,10.4,0,1,1,Free,0,0.0
USR-000992,2025-08-19,2026-09-28,Free,Organic Search,Australia,9,9,11,3,1,21.4,0,1,1,Free,0,0.0
USR-000993,2026-04-28,2026-09-24,Pro,Social,United States,4,4,0,1,2,18.2,0,1,1,Active Paid,0,29.0
USR-000994,2025-11-11,2026-09-22,Free,Content,United States,14,9,11,2,3,22.9,0,1,0,Free,0,0.0
USR-000995,2025-09-02,2026-09-26,Free,Content,United States,9,5,6,1,0,9.9,0,1,1,Free,0,0.0
USR-000996,2025-06-25,2026-08-05,Free,Social,Germany,7,7,0,0,0,11.6,1,0,1,Churned,1,0.0
USR-000997,2025-09-04,2026-07-16,Free,Social,Germany,7,7,3,1,1,12.3,0,1,1,Churned,1,0.0
USR-000998,2026-01-01,2026-09-25,Pro,Referral,United Kingdom,12,12,12,5,1,20.1,1,1,1,Active Paid,0,29.0
USR-000999,2024-10-28,2026-09-27,Pro,Social,United States,13,13,17,8,1,15.6,0,1,1,Active Paid,0,29.0
USR-001000,2025-09-14,2026-08-11,Free,Paid Search,France,1,1,0,0,0,7.8,0,0,0,Churned,1,0.0
USR-001001,2025-02-15,2026-09-26,Free,Organic Search,United States,7,7,5,1,1,8.4,1,1,0,Free,0,0.0
USR-001002,2025-04-07,2026-07-24,Free,Organic Search,France,5,4,2,0,1,11.8,2,0,0,Churned,1,0.0
USR-001003,2025-08-12,2026-09-20,Free,Referral,United States,0,0,0,0,0,0.0,0,1,1,Free,0,0.0
USR-001004,2024-12-21,2026-08-27,Free,Organic Search,Other,0,0,0,0,0,0.0,0,0,0,Churned,1,0.0
USR-001005,2026-06-16,2026-09-27,Team,Organic Search,United Kingdom,12,12,11,13,8,18.6,0,1,1,Active Paid,0,89.0
USR-001006,2024-11-26,2026-08-05,Free,Content,Germany,4,4,1,1,1,12.3,1,0,0,Churned,1,0.0
USR-001007,2025-01-16,2026-09-24,Free,Referral,United States,4,4,2,0,0,17.2,0,1,1,Free,0,0.0
USR-001008,2025-09-20,2026-09-20,Team,Organic Search,United States,4,4,2,0,2,15.5,0,1,1,Active Paid,0,89.0
USR-001009,2025-04-09,2026-08-15,Free,Paid Search,France,1,1,2,0,1,14.7,0,0,0,Churned,1,0.0
USR-001010,2025-09-09,2026-09-26,Team,Referral,Canada,8,8,7,1,2,13.0,0,0,1,Active Paid,0,89.0
USR-001011,2026-03-07,2026-09-20,Free,Paid Search,Australia,1,1,0,0,0,10.5,1,0,0,Free,0,0.0
USR-001012,2025-02-21,2026-09-28,Free,Social,Canada,9,9,6,3,2,13.5,0,1,0,Free,0,0.0
USR-001013,2026-03-24,2026-09-26,Team,Social,Canada,8,8,8,3,3,11.3,0,1,1,Active Paid,0,89.0
USR-001014,2026-02-03,2026-09-26,Free,Organic Search,Other,6,6,5,0,0,14.9,0,1,1,Free,0,0.0
USR-001015,2025-09-09,2026-07-15,Free,Referral,United Kingdom,17,11,12,2,5,10.0,0,1,0,Churned,1,0.0
USR-001016,2025-01-25,2026-09-20,Free,Organic Search,Other,4,4,5,0,0,9.9,1,1,0,Free,0,0.0
USR-001017,2025-12-15,2026-07-14,Pro,Social,United Kingdom,5,5,0,0,0,13.0,1,1,1,Churned,1,0.0
USR-001018,2025-09-27,2026-09-26,Pro,Organic Search,United Kingdom,7,7,2,2,2,17.1,0,1,1,Active Paid,0,29.0
USR-001019,2026-08-17,2026-09-21,Free,Organic Search,Australia,6,6,1,1,1,2.1,0,0,0,Free,0,0.0
USR-001020,2026-06-25,2026-08-01,Pro,Organic Search,United States,7,7,7,5,2,14.3,0,1,1,Churned,1,0.0
USR-001021,2026-08-06,2026-09-23,Pro,Content,United States,8,8,8,5,2,18.3,1,1,1,Active Paid,0,29.0
USR-001022,2026-07-26,2026-09-23,Free,Organic Search,United States,6,6,5,1,1,17.3,0,1,1,Free,0,0.0
USR-001023,2025-01-03,2026-09-07,Free,Paid Search,Canada,3,3,0,0,0,9.1,0,1,0,Churned,1,0.0
USR-001024,2025-01-21,2026-09-23,Free,Organic Search,Germany,6,6,0,2,0,11.8,0,1,0,Free,0,0.0
USR-001025,2025-02-05,2026-09-26,Free,Referral,United States,11,10,12,3,2,14.9,2,1,1,Free,0,0.0
USR-001026,2026-08-07,2026-09-20,Free,Paid Search,United States,1,1,0,0,0,15.5,0,1,0,Free,0,0.0
USR-001027,2026-07-22,2026-09-22,Free,Partnership,United States,6,6,1,0,0,12.1,0,1,1,Free,0,0.0
USR-001028,2026-02-27,2026-09-27,Free,Referral,United States,7,7,8,1,1,15.6,0,1,0,Free,0,0.0
USR-001029,2025-08-07,2026-07-03,Free,Social,United States,10,6,1,0,3,16.4,1,1,0,Churned,1,0.0
USR-001030,2026-01-20,2026-09-26,Pro,Referral,United States,11,10,12,10,5,18.7,0,1,1,Active Paid,0,29.0
USR-001031,2025-10-02,2026-09-26,Free,Organic Search,Other,4,4,0,1,2,15.1,0,1,1,Free,0,0.0
USR-001032,2026-05-15,2026-09-24,Team,Partnership,France,14,14,11,8,6,17.4,0,1,1,Active Paid,0,89.0
USR-001033,2025-04-11,2026-09-26,Team,Partnership,United States,13,13,15,10,8,18.4,0,1,1,Active Paid,0,89.0
USR-001034,2026-02-03,2026-09-23,Pro,Paid Search,United States,2,2,0,0,0,14.8,0,1,1,Active Paid,0,29.0
USR-001035,2026-07-30,2026-09-26,Team,Referral,United States,11,11,6,6,2,26.0,3,1,1,Active Paid,0,89.0
USR-001036,2025-04-02,2026-09-21,Pro,Organic Search,United Kingdom,6,6,4,2,0,13.9,0,1,1,Active Paid,0,29.0
USR-001037,2024-12-09,2026-09-24,Free,Social,United Kingdom,0,0,0,0,0,0.0,0,1,0,Free,0,0.0
USR-001038,2026-09-05,2026-09-27,Pro,Referral,Other,17,17,11,11,5,17.0,0,1,1,Active Paid,0,29.0
USR-001039,2025-11-07,2026-09-22,Free,Partnership,France,7,7,2,1,2,17.3,0,0,0,Free,0,0.0
USR-001040,2025-02-01,2026-09-26,Pro,Paid Search,Canada,9,9,13,3,4,20.7,0,1,1,Active Paid,0,29.0
USR-001041,2025-04-29,2026-09-23,Free,Referral,United States,9,8,0,1,0,17.7,1,1,1,Free,0,0.0
USR-001042,2025-01-11,2026-09-25,Free,Referral,Germany,10,10,5,1,3,13.9,0,1,1,Free,0,0.0
USR-001043,2025-11-23,2026-07-15,Free,Organic Search,Other,0,0,0,0,0,0.0,0,1,0,Churned,1,0.0
USR-001044,2025-12-23,2026-09-26,Team,Referral,United States,8,8,6,7,5,19.4,0,1,1,Active Paid,0,89.0
USR-001045,2025-04-26,2026-09-25,Free,Referral,Other,5,5,1,0,0,13.0,1,1,1,Free,0,0.0
USR-001046,2026-05-29,2026-09-13,Free,Referral,United States,5,5,4,1,0,16.8,0,1,0,Churned,1,0.0
USR-001047,2026-03-28,2026-09-16,Free,Partnership,France,0,0,1,0,0,0.0,0,1,1,Free,0,0.0
USR-001048,2025-07-13,2026-09-25,Free,Organic Search,United States,6,6,2,0,1,14.3,1,1,1,Free,0,0.0
USR-001049,2025-05-26,2026-09-23,Pro,Organic Search,Germany,16,12,20,9,8,15.5,0,1,1,Active Paid,0,29.0
USR-001050,2026-06-22,2026-09-22,Pro,Organic Search,United States,10,10,12,5,5,15.6,0,1,1,Active Paid,0,29.0
USR-001051,2025-09-17,2026-09-28,Free,Organic Search,Canada,6,6,5,0,2,9.4,0,1,0,Free,0,0.0
USR-001052,2025-12-29,2026-08-05,Free,Social,Germany,3,3,0,1,0,10.6,0,0,0,Churned,1,0.0
USR-001053,2025-09-22,2026-09-23,Free,Content,Germany,6,6,2,0,0,13.7,0,1,0,Free,0,0.0
USR-001054,2024-10-30,2026-09-20,Free,Paid Search,France,14,10,7,4,5,10.6,0,1,1,Free,0,0.0
USR-001055,2026-07-23,2026-09-25,Pro,Referral,United States,8,8,11,2,1,20.6,2,1,1,Active Paid,0,29.0
USR-001056,2024-10-04,2026-09-23,Pro,Paid Search,France,11,11,8,2,4,17.3,1,1,1,Active Paid,0,29.0
USR-001057,2025-10-29,2026-09-21,Free,Paid Search,United States,2,2,1,0,0,11.2,0,1,0,Free,0,0.0
USR-001058,2025-03-12,2026-09-21,Pro,Content,France,10,10,8,4,4,19.7,0,1,1,Active Paid,0,29.0
USR-001059,2025-11-16,2026-09-25,Free,Referral,United States,7,7,3,1,3,18.0,1,1,1,Free,0,0.0
USR-001060,2026-02-05,2026-09-25,Pro,Paid Search,Canada,9,9,2,5,1,14.0,0,1,1,Active Paid,0,29.0
USR-001061,2025-03-14,2026-07-20,Free,Content,United Kingdom,8,7,3,0,2,9.2,1,1,0,Churned,1,0.0
USR-001062,2025-05-12,2026-09-26,Pro,Social,Other,14,13,12,4,3,20.9,0,1,1,Active Paid,0,29.0
USR-001063,2026-06-04,2026-09-25,Free,Organic Search,Germany,11,11,5,1,2,13.8,1,0,0,Free,0,0.0
USR-001064,2025-04-29,2026-09-22,Team,Social,United States,7,7,3,1,0,8.5,1,0,1,Active Paid,0,89.0
USR-001065,2025-03-26,2026-09-23,Free,Referral,France,2,2,4,0,1,17.5,1,0,0,Free,0,0.0
USR-001066,2025-12-12,2026-09-27,Free,Paid Search,United States,5,5,2,0,2,14.2,0,1,1,Free,0,0.0
USR-001067,2024-11-23,2026-08-06,Free,Content,United States,7,7,4,0,0,14.5,0,1,0,Churned,1,0.0
USR-001068,2025-06-14,2026-09-19,Free,Social,United Kingdom,0,0,0,0,0,0.0,0,0,0,Free,0,0.0
USR-001069,2026-01-20,2026-09-27,Free,Social,Australia,9,7,6,1,1,15.2,0,0,0,Free,0,0.0
USR-001070,2026-09-08,2026-09-08,Free,Content,Other,7,7,3,1,0,14.4,3,1,1,Churned,1,0.0
USR-001071,2025-05-21,2026-09-13,Pro,Social,Other,8,6,2,3,0,16.0,1,0,1,Active Paid,0,29.0
USR-001072,2026-04-19,2026-08-05,Free,Paid Search,United States,0,0,0,0,0,0.0,0,1,1,Churned,1,0.0
USR-001073,2025-03-24,2026-09-27,Pro,Organic Search,United States,12,6,7,3,1,10.8,0,1,1,Active Paid,0,29.0
USR-001074,2025-09-05,2026-09-17,Pro,Paid Search,Australia,18,18,14,11,8,25.1,1,0,1,Active Paid,0,29.0
USR-001075,2025-10-17,2026-09-20,Free,Paid Search,United States,0,0,0,0,1,0.0,0,0,0,Free,0,0.0
USR-001076,2026-05-21,2026-09-22,Free,Organic Search,Germany,3,3,3,1,1,10.1,0,1,0,Free,0,0.0
USR-001077,2025-04-25,2026-09-21,Free,Social,Other,13,4,6,2,3,17.2,0,1,0,Free,0,0.0
USR-001078,2026-05-20,2026-07-24,Free,Organic Search,United States,5,5,3,1,1,14.7,0,1,1,Churned,1,0.0
USR-001079,2025-11-21,2026-09-26,Pro,Organic Search,United Kingdom,11,11,8,9,5,16.1,0,1,1,Active Paid,0,29.0
USR-001080,2025-01-26,2026-07-06,Team,Social,Other,0,0,0,0,0,0.0,1,1,1,Churned,1,0.0
USR-001081,2024-11-26,2026-09-23,Pro,Paid Search,Germany,8,5,9,6,3,13.8,0,1,1,Active Paid,0,29.0
USR-001082,2024-10-08,2026-09-21,Free,Referral,Other,4,3,1,0,0,2.5,0,1,0,Free,0,0.0
USR-001083,2024-10-31,2026-09-21,Pro,Referral,Germany,11,11,10,9,4,16.0,0,1,1,Active Paid,0,29.0
USR-001084,2025-08-14,2026-08-16,Pro,Paid Search,United States,0,0,0,0,0,0.0,1,0,1,Churned,1,0.0
USR-001085,2026-04-25,2026-07-30,Free,Organic Search,Australia,4,4,3,0,2,4.3,0,0,0,Churned,1,0.0
USR-001086,2025-01-24,2026-09-28,Pro,Social,France,11,11,8,6,2,21.9,1,1,1,Active Paid,0,29.0
USR-001087,2025-02-19,2026-09-17,Free,Organic Search,Other,6,6,5,0,3,20.5,0,1,1,Free,0,0.0
USR-001088,2024-10-07,2026-09-18,Free,Social,Canada,7,7,4,1,1,16.5,0,1,0,Free,0,0.0
USR-001089,2025-06-07,2026-09-22,Free,Referral,Canada,4,4,1,0,0,14.1,0,1,0,Free,0,0.0
USR-001090,2026-06-06,2026-09-23,Free,Referral,United Kingdom,8,8,7,1,5,15.6,1,1,1,Free,0,0.0
USR-001091,2025-09-21,2026-09-23,Team,Paid Search,United States,9,9,6,2,5,16.1,2,1,1,Active Paid,0,89.0
USR-001092,2025-10-30,2026-09-26,Free,Partnership,Other,10,3,7,2,1,17.8,0,0,0,Free,0,0.0
USR-001093,2025-01-21,2026-09-22,Free,Organic Search,Other,9,9,2,1,3,7.3,0,1,1,Free,0,0.0
USR-001094,2025-12-09,2026-08-01,Free,Content,Canada,6,6,3,1,0,13.2,0,0,0,Churned,1,0.0
USR-001095,2026-01-24,2026-09-21,Free,Content,Other,5,4,2,0,0,13.5,0,0,1,Free,0,0.0
USR-001096,2026-07-20,2026-09-25,Free,Paid Search,United Kingdom,6,6,0,1,0,8.4,0,0,0,Free,0,0.0
USR-001097,2025-01-26,2026-09-19,Free,Organic Search,Other,5,5,3,2,0,16.6,0,0,0,Free,0,0.0
USR-001098,2025-03-24,2026-09-25,Pro,Organic Search,Germany,8,8,9,5,2,24.5,0,1,1,Active Paid,0,29.0
USR-001099,2026-08-17,2026-08-17,Free,Partnership,France,6,6,5,0,2,10.4,0,0,0,Churned,1,0.0
USR-001100,2025-11-09,2026-09-21,Pro,Organic Search,France,12,12,7,4,3,10.4,0,0,1,Active Paid,0,29.0
USR-001101,2025-10-08,2026-09-22,Free,Content,Germany,11,11,9,4,4,14.5,0,1,1,Free,0,0.0
USR-001102,2025-10-15,2026-09-25,Pro,Social,Other,7,7,4,2,0,16.0,1,1,1,Active Paid,0,29.0
USR-001103,2024-11-27,2026-09-24,Pro,Social,United Kingdom,12,10,9,6,2,26.5,1,1,1,Active Paid,0,29.0
USR-001104,2026-05-31,2026-09-18,Free,Social,Other,1,1,0,0,0,8.2,0,1,1,Free,0,0.0
USR-001105,2026-02-08,2026-09-27,Free,Organic Search,United States,6,6,4,2,1,10.5,0,0,0,Free,0,0.0
USR-001106,2026-05-09,2026-09-26,Team,Paid Search,United States,7,7,3,2,4,17.0,1,1,1,Active Paid,0,89.0
USR-001107,2026-03-25,2026-07-29,Free,Partnership,France,7,5,3,1,1,11.3,0,0,0,Churned,1,0.0
USR-001108,2024-12-06,2026-09-22,Pro,Organic Search,France,11,9,12,3,2,16.8,0,1,1,Active Paid,0,29.0
USR-001109,2024-11-12,2026-09-26,Free,Partnership,Other,4,4,2,1,0,6.1,1,1,1,Free,0,0.0
USR-001110,2026-08-15,2026-09-24,Free,Partnership,United States,6,6,4,0,2,8.2,0,1,1,Free,0,0.0
USR-001111,2025-06-21,2026-09-24,Free,Organic Search,United States,1,1,1,0,0,16.2,0,0,0,Free,0,0.0
USR-001112,2026-04-02,2026-08-13,Team,Social,Canada,9,9,5,2,9,22.2,1,1,1,Churned,1,0.0
USR-001113,2026-05-01,2026-08-09,Free,Organic Search,Other,2,2,0,0,0,3.0,0,0,0,Churned,1,0.0
USR-001114,2026-02-19,2026-09-27,Pro,Referral,Other,11,9,8,8,0,21.3,0,0,1,Active Paid,0,29.0
USR-001115,2026-04-30,2026-09-22,Pro,Partnership,Other,5,5,1,2,1,6.6,0,1,1,Active Paid,0,29.0
USR-001116,2025-09-30,2026-09-15,Free,Content,Canada,8,8,4,1,0,14.6,0,1,0,Free,0,0.0
USR-001117,2024-10-04,2026-09-14,Free,Partnership,Other,0,0,0,0,0,0.0,0,0,1,Free,0,0.0
USR-001118,2025-07-23,2026-09-22,Free,Organic Search,United States,3,3,1,0,0,13.6,0,0,0,Free,0,0.0
USR-001119,2025-04-16,2026-07-31,Free,Social,Other,2,2,0,0,0,6.4,0,1,0,Churned,1,0.0
USR-001120,2025-09-28,2026-09-22,Pro,Organic Search,Canada,6,6,5,7,1,20.7,0,0,1,Active Paid,0,29.0
USR-001121,2026-09-06,2026-09-23,Free,Content,United Kingdom,6,6,3,0,0,9.5,0,1,0,Free,0,0.0
USR-001122,2026-07-17,2026-09-17,Free,Organic Search,Germany,8,8,1,2,2,9.0,0,1,1,Free,0,0.0
USR-001123,2026-03-07,2026-07-19,Pro,Organic Search,Australia,7,7,3,3,1,12.7,0,1,1,Churned,1,0.0
USR-001124,2026-03-25,2026-07-14,Pro,Organic Search,United States,7,7,6,3,0,18.3,2,0,1,Churned,1,0.0
USR-001125,2025-01-22,2026-09-21,Free,Organic Search,United States,3,3,0,0,0,14.3,1,0,1,Free,0,0.0
USR-001126,2025-01-20,2026-09-25,Free,Organic Search,France,7,7,6,1,0,16.3,1,1,0,Free,0,0.0
USR-001127,2025-01-13,2026-09-22,Free,Organic Search,Other,0,0,0,0,0,0.0,1,1,0,Free,0,0.0
USR-001128,2025-06-17,2026-09-26,Pro,Content,Germany,6,6,6,2,2,13.2,0,1,1,Active Paid,0,29.0
USR-001129,2025-08-14,2026-09-24,Free,Referral,United States,6,6,1,0,0,8.9,0,0,0,Free,0,0.0
USR-001130,2025-06-08,2026-09-13,Free,Paid Search,Germany,3,3,0,0,1,22.9,0,0,0,Churned,1,0.0
USR-001131,2025-11-29,2026-09-21,Free,Content,United States,2,2,0,0,0,8.0,1,1,1,Free,0,0.0
USR-001132,2025-05-24,2026-09-24,Pro,Paid Search,United States,0,0,0,0,0,0.0,0,0,1,Active Paid,0,29.0
USR-001133,2025-02-24,2026-09-22,Pro,Referral,United States,11,11,6,5,3,15.5,1,1,1,Active Paid,0,29.0
USR-001134,2025-03-19,2026-09-19,Free,Paid Search,Canada,4,4,3,0,0,12.8,0,0,0,Free,0,0.0
USR-001135,2025-07-04,2026-08-25,Pro,Social,United Kingdom,6,6,1,1,0,16.3,0,0,1,Churned,1,0.0
USR-001136,2026-08-05,2026-09-25,Pro,Paid Search,United States,7,7,5,3,1,13.5,0,1,1,Active Paid,0,29.0
USR-001137,2025-04-15,2026-09-24,Free,Organic Search,United States,0,0,0,0,0,0.0,0,0,0,Free,0,0.0
USR-001138,2025-12-27,2026-09-17,Pro,Social,Germany,3,1,1,1,0,9.4,0,1,1,Active Paid,0,29.0
USR-001139,2025-04-02,2026-09-12,Free,Referral,United States,0,0,0,0,0,0.0,0,0,0,Churned,1,0.0
USR-001140,2025-08-26,2026-09-26,Team,Referral,United States,11,11,9,6,10,22.8,0,1,1,Active Paid,0,89.0
USR-001141,2024-12-24,2026-07-20,Free,Paid Search,Canada,0,0,0,0,0,0.0,1,0,0,Churned,1,0.0
USR-001142,2026-01-17,2026-09-18,Free,Social,France,0,0,0,0,0,0.0,0,1,1,Free,0,0.0
USR-001143,2024-11-19,2026-07-10,Free,Referral,Australia,3,3,0,0,0,9.8,2,1,0,Churned,1,0.0
USR-001144,2025-01-20,2026-08-05,Free,Organic Search,Canada,0,0,0,0,0,0.0,0,0,0,Churned,1,0.0
USR-001145,2026-01-22,2026-09-27,Pro,Organic Search,France,9,9,7,4,6,19.2,1,1,1,Active Paid,0,29.0
USR-001146,2025-10-05,2026-09-26,Free,Paid Search,Australia,10,10,4,0,0,13.1,0,1,1,Free,0,0.0
USR-001147,2025-09-01,2026-09-16,Free,Organic Search,France,5,2,1,1,0,11.1,0,0,0,Free,0,0.0
USR-001148,2025-03-15,2026-09-19,Free,Paid Search,Canada,3,3,1,0,1,10.2,1,1,0,Free,0,0.0
USR-001149,2025-05-11,2026-09-25,Team,Organic Search,United States,18,17,8,8,8,8.4,0,1,1,Active Paid,0,89.0
USR-001150,2025-01-14,2026-09-22,Pro,Social,United States,7,6,1,0,1,12.5,0,0,1,Active Paid,0,29.0
USR-001151,2025-12-25,2026-09-17,Free,Referral,United Kingdom,0,0,0,0,0,0.0,0,1,0,Free,0,0.0
USR-001152,2025-09-20,2026-07-14,Free,Content,United Kingdom,14,11,4,2,1,12.2,0,1,0,Churned,1,0.0
USR-001153,2025-11-11,2026-09-21,Free,Referral,Other,4,4,1,2,2,15.0,0,1,0,Free,0,0.0
USR-001154,2024-12-04,2026-09-22,Team,Paid Search,United States,10,9,9,7,6,19.1,0,1,1,Active Paid,0,89.0
USR-001155,2026-02-09,2026-08-29,Pro,Partnership,Canada,0,0,0,0,0,0.0,1,1,1,Churned,1,0.0
USR-001156,2025-07-23,2026-09-26,Pro,Referral,Other,8,8,10,2,3,20.9,0,1,1,Active Paid,0,29.0
USR-001157,2026-06-22,2026-09-23,Team,Social,Germany,11,11,10,9,7,15.0,0,1,1,Active Paid,0,89.0
USR-001158,2025-01-16,2026-09-25,Free,Organic Search,United States,9,9,6,3,1,11.0,1,1,0,Free,0,0.0
USR-001159,2025-12-15,2026-09-26,Pro,Referral,Other,12,12,6,7,3,22.6,1,1,1,Active Paid,0,29.0
USR-001160,2026-01-15,2026-09-21,Free,Social,United Kingdom,0,0,0,0,0,0.0,0,0,0,Free,0,0.0
USR-001161,2025-07-26,2026-09-19,Free,Referral,United States,3,3,1,0,1,7.9,1,1,0,Free,0,0.0
USR-001162,2025-09-24,2026-09-22,Free,Content,United Kingdom,3,3,0,0,0,13.4,0,1,1,Free,0,0.0
USR-001163,2025-01-17,2026-09-27,Free,Content,United States,10,10,8,2,1,21.3,0,0,0,Free,0,0.0
USR-001164,2025-09-01,2026-08-11,Team,Partnership,Australia,5,5,6,1,2,17.1,2,1,1,Churned,1,0.0
USR-001165,2025-09-11,2026-09-22,Free,Referral,United States,5,5,2,1,0,12.0,0,0,0,Free,0,0.0
USR-001166,2026-07-02,2026-09-27,Pro,Partnership,Australia,8,8,7,3,1,14.7,0,0,1,Active Paid,0,29.0
USR-001167,2026-08-31,2026-09-27,Pro,Content,United States,7,7,6,4,2,18.9,1,1,1,Active Paid,0,29.0
USR-001168,2025-12-05,2026-07-21,Pro,Organic Search,Other,6,6,4,1,0,7.8,0,1,1,Churned,1,0.0
USR-001169,2024-10-02,2026-09-25,Team,Referral,United States,10,10,8,11,8,14.1,1,1,1,Active Paid,0,89.0
USR-001170,2024-11-29,2026-09-18,Free,Organic Search,Other,3,3,3,0,0,9.8,1,1,1,Free,0,0.0
USR-001171,2025-06-23,2026-09-23,Free,Paid Search,United States,4,4,1,0,2,10.7,0,1,0,Free,0,0.0
USR-001172,2025-06-21,2026-09-23,Free,Paid Search,Other,7,7,1,2,0,11.9,0,1,1,Free,0,0.0
USR-001173,2025-12-10,2026-07-29,Free,Social,Australia,2,2,1,1,0,15.6,0,1,0,Churned,1,0.0
USR-001174,2026-05-12,2026-09-28,Team,Organic Search,Germany,14,14,8,4,3,21.3,0,0,1,Active Paid,0,89.0
USR-001175,2026-09-09,2026-09-24,Free,Organic Search,United States,4,4,2,0,0,13.5,1,1,0,Free,0,0.0
USR-001176,2026-01-16,2026-09-24,Free,Organic Search,Germany,4,4,0,0,1,11.5,0,1,1,Free,0,0.0
USR-001177,2026-02-01,2026-09-26,Free,Referral,Germany,11,11,10,2,2,14.3,0,1,0,Free,0,0.0
USR-001178,2026-05-02,2026-09-23,Free,Content,Canada,5,5,3,2,0,10.6,0,1,0,Free,0,0.0
USR-001179,2026-03-14,2026-09-26,Pro,Partnership,Germany,6,6,5,4,1,20.4,1,0,1,Active Paid,0,29.0
USR-001180,2026-08-29,2026-08-29,Free,Paid Search,Other,0,0,0,0,0,0.0,0,0,0,Churned,1,0.0
USR-001181,2025-07-08,2026-09-02,Pro,Paid Search,Other,7,7,2,3,0,20.0,0,1,1,Churned,1,0.0
USR-001182,2024-11-21,2026-09-25,Pro,Content,Canada,16,13,15,6,10,20.1,0,1,1,Active Paid,0,29.0
USR-001183,2025-05-10,2026-09-26,Pro,Organic Search,United States,14,14,14,8,10,12.4,0,1,1,Active Paid,0,29.0
USR-001184,2025-10-30,2026-08-31,Free,Partnership,United States,10,10,7,0,1,8.2,0,0,0,Churned,1,0.0
USR-001185,2025-11-19,2026-09-26,Pro,Referral,France,13,8,11,2,3,8.3,0,1,1,Active Paid,0,29.0
USR-001186,2026-02-08,2026-09-19,Free,Social,Other,13,5,5,2,1,15.3,2,0,0,Free,0,0.0
USR-001187,2026-06-06,2026-09-24,Free,Organic Search,United Kingdom,7,4,5,1,0,11.4,0,1,1,Free,0,0.0
USR-001188,2025-07-15,2026-07-04,Pro,Organic Search,United States,6,6,6,1,0,15.3,1,1,1,Churned,1,0.0
USR-001189,2025-08-06,2026-09-24,Pro,Social,United Kingdom,8,8,6,2,3,22.9,0,1,1,Active Paid,0,29.0
USR-001190,2026-09-10,2026-09-21,Free,Paid Search,United Kingdom,2,2,0,0,0,7.3,0,1,0,Free,0,0.0
USR-001191,2025-11-22,2026-09-18,Pro,Content,Other,6,6,4,1,1,13.0,1,1,1,Active Paid,0,29.0
USR-001192,2026-03-01,2026-09-24,Free,Referral,France,5,5,3,0,0,11.7,0,1,0,Free,0,0.0
USR-001193,2026-05-17,2026-09-26,Pro,Paid Search,United States,10,10,8,5,3,13.5,0,1,1,Active Paid,0,29.0
USR-001194,2025-05-01,2026-09-21,Team,Organic Search,United Kingdom,13,9,9,4,3,17.9,4,0,1,Active Paid,0,89.0
USR-001195,2025-09-05,2026-08-14,Free,Social,United States,5,5,1,0,0,16.6,0,1,0,Churned,1,0.0
USR-001196,2025-06-19,2026-09-20,Pro,Organic Search,Germany,1,1,1,0,0,15.4,0,0,1,Active Paid,0,29.0
USR-001197,2025-04-23,2026-09-26,Pro,Referral,France,20,15,16,14,9,23.0,0,1,1,Active Paid,0,29.0
USR-001198,2024-10-14,2026-09-24,Pro,Social,United States,5,5,0,0,0,13.1,0,1,1,Active Paid,0,29.0
USR-001199,2025-02-19,2026-09-14,Pro,Content,United Kingdom,3,3,0,2,0,15.9,0,1,1,Active Paid,0,29.0
USR-001200,2025-06-29,2026-09-22,Pro,Paid Search,Other,10,9,8,0,2,20.0,1,1,1,Active Paid,0,29.0
USR-001201,2024-12-26,2026-09-23,Free,Paid Search,Australia,5,3,1,2,1,15.7,0,0,1,Free,0,0.0
USR-001202,2025-10-09,2026-09-26,Pro,Content,Germany,10,10,11,3,4,19.9,1,1,1,Active Paid,0,29.0
USR-001203,2024-10-11,2026-09-17,Free,Referral,Canada,3,3,1,0,0,10.0,0,1,0,Free,0,0.0
USR-001204,2025-03-20,2026-09-28,Team,Referral,Other,18,18,19,12,17,11.1,0,1,1,Active Paid,0,89.0
USR-001205,2025-06-07,2026-09-25,Free,Social,France,3,2,2,1,0,15.1,1,0,0,Free,0,0.0
USR-001206,2024-12-09,2026-09-24,Free,Content,Other,0,0,2,0,0,0.0,0,0,1,Free,0,0.0
USR-001207,2025-09-12,2026-07-23,Pro,Organic Search,United States,4,4,1,1,1,12.0,1,1,1,Churned,1,0.0
USR-001208,2025-04-18,2026-09-18,Free,Paid Search,United States,4,4,1,1,0,14.5,1,0,0,Free,0,0.0
USR-001209,2026-02-24,2026-09-24,Free,Content,United States,6,4,2,0,0,3.3,0,1,0,Free,0,0.0
USR-001210,2024-10-27,2026-09-26,Pro,Organic Search,Other,8,8,13,3,1,21.0,0,1,1,Active Paid,0,29.0
USR-001211,2025-06-27,2026-09-22,Free,Content,France,3,3,1,0,1,13.9,0,1,0,Free,0,0.0
USR-001212,2025-03-05,2026-09-21,Free,Paid Search,United States,5,5,2,0,2,10.4,0,1,0,Free,0,0.0
USR-001213,2025-10-21,2026-09-19,Free,Organic Search,Other,10,9,5,0,1,19.8,0,1,1,Free,0,0.0
USR-001214,2025-01-04,2026-09-24,Free,Organic Search,Other,5,5,0,0,0,8.8,0,0,0,Free,0,0.0
USR-001215,2026-07-24,2026-09-27,Free,Content,United States,9,9,6,1,0,18.5,0,0,0,Free,0,0.0
USR-001216,2026-06-26,2026-08-03,Free,Referral,Germany,15,15,13,7,2,25.6,0,1,0,Churned,1,0.0
USR-001217,2025-09-18,2026-09-26,Free,Paid Search,Germany,7,7,6,1,1,15.4,1,1,0,Free,0,0.0
USR-001218,2025-04-10,2026-09-19,Free,Organic Search,United States,7,4,2,1,1,14.6,1,1,1,Free,0,0.0
USR-001219,2025-02-14,2026-09-24,Free,Organic Search,France,4,4,2,0,0,11.1,0,1,0,Free,0,0.0
USR-001220,2025-11-05,2026-09-26,Pro,Organic Search,United States,18,17,17,12,4,22.0,1,1,1,Active Paid,0,29.0
USR-001221,2025-06-08,2026-09-25,Pro,Referral,Other,7,7,4,1,2,13.1,0,1,1,Active Paid,0,29.0
USR-001222,2025-08-16,2026-07-03,Free,Organic Search,Australia,0,0,0,0,0,0.0,0,1,0,Churned,1,0.0
USR-001223,2024-10-28,2026-09-22,Free,Organic Search,Other,11,11,8,1,0,15.1,1,0,0,Free,0,0.0
USR-001224,2025-06-05,2026-09-24,Team,Organic Search,France,13,13,11,4,9,18.2,0,1,1,Active Paid,0,89.0
USR-001225,2025-11-21,2026-09-23,Pro,Social,United States,10,10,9,2,2,21.4,0,1,1,Active Paid,0,29.0
USR-001226,2024-10-22,2026-09-23,Free,Referral,United Kingdom,6,6,0,0,0,11.4,1,1,0,Free,0,0.0
USR-001227,2026-07-01,2026-09-19,Free,Referral,France,9,9,10,1,1,10.1,0,1,1,Free,0,0.0
USR-001228,2024-10-12,2026-09-19,Free,Social,United Kingdom,6,6,5,2,1,17.1,0,1,0,Free,0,0.0
USR-001229,2026-05-28,2026-09-27,Pro,Partnership,France,9,9,7,0,3,12.9,0,1,1,Active Paid,0,29.0
USR-001230,2026-02-21,2026-09-26,Team,Social,United Kingdom,11,11,12,9,14,19.8,0,1,1,Active Paid,0,89.0
USR-001231,2025-02-05,2026-09-26,Team,Content,United States,4,4,2,2,0,14.0,0,0,1,Active Paid,0,89.0
USR-001232,2025-04-09,2026-09-26,Free,Referral,Canada,7,7,8,1,1,17.5,0,1,0,Free,0,0.0
USR-001233,2024-10-22,2026-09-24,Free,Organic Search,France,9,9,7,5,2,18.2,0,1,0,Free,0,0.0
USR-001234,2025-03-28,2026-07-30,Free,Content,Canada,3,3,0,0,0,14.4,1,1,1,Churned,1,0.0
USR-001235,2025-06-17,2026-07-10,Free,Social,Germany,7,7,1,0,0,14.1,1,1,0,Churned,1,0.0
USR-001236,2026-01-11,2026-09-22,Free,Referral,United Kingdom,14,5,9,0,1,23.5,0,0,0,Free,0,0.0
USR-001237,2026-09-12,2026-09-24,Pro,Organic Search,Australia,9,9,4,3,2,15.5,0,1,1,Active Paid,0,29.0
USR-001238,2026-06-19,2026-09-21,Free,Paid Search,Germany,9,9,0,0,0,10.7,0,1,0,Free,0,0.0
USR-001239,2026-02-15,2026-09-23,Team,Content,Germany,6,6,5,1,4,18.7,0,1,1,Active Paid,0,89.0
USR-001240,2026-08-17,2026-09-18,Free,Organic Search,United Kingdom,3,3,2,1,1,10.9,0,0,0,Free,0,0.0
USR-001241,2025-09-17,2026-09-20,Free,Organic Search,Canada,0,0,1,0,0,0.0,0,0,0,Free,0,0.0
USR-001242,2025-03-09,2026-09-23,Pro,Paid Search,United States,6,5,3,0,1,8.2,1,1,1,Active Paid,0,29.0
USR-001243,2024-10-27,2026-09-26,Pro,Social,Germany,11,11,7,2,2,18.5,0,1,1,Active Paid,0,29.0
USR-001244,2025-09-30,2026-09-23,Free,Content,United States,4,4,1,0,0,14.4,0,1,0,Free,0,0.0
USR-001245,2024-12-29,2026-09-23,Pro,Referral,Other,4,4,1,1,1,10.3,0,1,1,Active Paid,0,29.0
USR-001246,2024-10-11,2026-09-21,Free,Content,Australia,10,9,7,0,0,14.8,1,1,0,Free,0,0.0
USR-001247,2025-01-09,2026-09-21,Free,Social,Canada,7,4,3,0,0,3.4,0,1,1,Free,0,0.0
USR-001248,2025-10-18,2026-08-12,Free,Paid Search,Other,4,4,1,0,0,11.2,0,0,0,Churned,1,0.0
USR-001249,2026-01-26,2026-07-16,Free,Organic Search,France,4,4,5,0,1,16.3,0,1,1,Churned,1,0.0
USR-001250,2024-10-16,2026-09-28,Pro,Organic Search,United States,10,10,13,4,2,14.2,1,1,1,Active Paid,0,29.0
USR-001251,2026-03-27,2026-09-22,Free,Referral,France,8,8,3,3,3,17.5,0,1,1,Free,0,0.0
USR-001252,2025-11-25,2026-09-26,Pro,Organic Search,Other,13,10,6,9,3,13.6,1,1,1,Active Paid,0,29.0
USR-001253,2026-07-25,2026-09-21,Pro,Organic Search,United States,0,0,1,0,0,0.0,0,1,1,Active Paid,0,29.0
USR-001254,2025-02-25,2026-07-26,Free,Content,United States,0,0,0,0,0,0.0,1,0,0,Churned,1,0.0
USR-001255,2025-06-08,2026-07-29,Free,Social,Germany,9,9,2,0,1,15.6,0,1,0,Churned,1,0.0
USR-001256,2026-07-17,2026-09-21,Free,Organic Search,United Kingdom,0,0,1,0,0,0.0,0,0,0,Free,0,0.0
USR-001257,2026-04-10,2026-09-24,Pro,Referral,Germany,6,6,4,1,0,12.4,0,1,1,Active Paid,0,29.0
USR-001258,2025-08-14,2026-09-20,Pro,Social,Germany,4,4,1,1,0,10.1,0,0,1,Active Paid,0,29.0
USR-001259,2025-08-25,2026-09-27,Pro,Content,Australia,11,9,9,5,4,12.7,0,1,1,Active Paid,0,29.0
USR-001260,2025-02-19,2026-09-26,Free,Referral,United States,10,10,7,4,2,15.7,0,1,0,Free,0,0.0
USR-001261,2026-03-09,2026-09-01,Free,Organic Search,United Kingdom,3,3,0,0,0,9.0,1,0,0,Churned,1,0.0
USR-001262,2024-11-23,2026-09-21,Free,Organic Search,Other,12,12,8,4,3,20.5,0,1,1,Free,0,0.0
USR-001263,2025-11-02,2026-09-17,Free,Paid Search,United Kingdom,5,4,1,0,1,7.0,1,0,1,Free,0,0.0
USR-001264,2025-02-04,2026-09-20,Pro,Referral,Canada,3,3,0,0,0,16.2,0,1,1,Active Paid,0,29.0
USR-001265,2026-03-29,2026-09-23,Free,Social,United States,6,6,2,0,2,12.7,0,1,1,Free,0,0.0
USR-001266,2026-08-20,2026-09-28,Free,Referral,United States,13,13,10,6,4,14.6,0,1,1,Free,0,0.0
USR-001267,2026-08-07,2026-08-13,Free,Social,Canada,8,8,3,0,1,19.4,0,1,1,Churned,1,0.0
USR-001268,2025-12-23,2026-09-25,Free,Paid Search,United Kingdom,3,3,2,1,0,18.7,0,1,1,Free,0,0.0
USR-001269,2024-11-03,2026-09-24,Pro,Organic Search,France,7,7,3,5,1,11.9,0,0,1,Active Paid,0,29.0
USR-001270,2026-08-12,2026-08-23,Free,Organic Search,Germany,2,2,0,1,0,10.7,0,0,1,Churned,1,0.0
USR-001271,2025-12-26,2026-09-27,Team,Paid Search,Other,6,6,8,4,5,18.4,0,1,1,Active Paid,0,89.0
USR-001272,2026-06-29,2026-09-27,Pro,Social,Other,7,7,1,2,3,13.0,1,1,1,Active Paid,0,29.0
USR-001273,2024-11-18,2026-09-28,Team,Partnership,United States,11,11,8,10,5,23.0,1,1,1,Active Paid,0,89.0
USR-001274,2025-05-21,2026-09-24,Pro,Organic Search,United States,6,6,1,2,1,9.3,0,1,1,Active Paid,0,29.0
USR-001275,2025-03-19,2026-09-22,Pro,Referral,Other,13,13,9,4,3,13.9,0,0,1,Active Paid,0,29.0
USR-001276,2025-04-24,2026-08-06,Pro,Organic Search,United Kingdom,0,0,1,0,0,0.0,0,1,1,Churned,1,0.0
USR-001277,2025-06-03,2026-09-26,Free,Referral,United Kingdom,12,12,11,0,2,18.8,0,1,1,Free,0,0.0
USR-001278,2025-03-11,2026-09-25,Free,Organic Search,United States,10,10,5,4,1,22.2,0,0,1,Free,0,0.0
USR-001279,2026-09-10,2026-09-21,Pro,Referral,France,15,13,13,8,13,15.5,0,1,1,Active Paid,0,29.0
USR-001280,2025-01-05,2026-09-22,Free,Organic Search,United States,6,6,3,0,1,13.3,0,0,1,Free,0,0.0
USR-001281,2025-04-04,2026-09-21,Free,Organic Search,United States,6,6,2,0,0,16.4,1,0,0,Free,0,0.0
USR-001282,2025-04-05,2026-09-24,Pro,Social,Canada,14,12,19,8,4,17.8,0,1,1,Active Paid,0,29.0
USR-001283,2025-12-08,2026-09-22,Free,Paid Search,France,7,7,5,4,0,15.6,0,0,0,Free,0,0.0
USR-001284,2025-02-20,2026-09-20,Free,Social,United States,1,1,1,0,0,12.7,0,1,1,Free,0,0.0
USR-001285,2025-12-16,2026-09-23,Pro,Paid Search,France,4,4,2,1,0,9.7,0,1,1,Active Paid,0,29.0
USR-001286,2026-08-11,2026-08-11,Free,Partnership,Canada,0,0,0,0,0,0.0,0,1,0,Churned,1,0.0
USR-001287,2024-12-05,2026-09-28,Team,Paid Search,United Kingdom,12,12,8,7,8,19.0,2,1,1,Active Paid,0,89.0
USR-001288,2026-04-01,2026-09-24,Free,Social,United Kingdom,4,4,4,1,1,12.1,0,0,0,Free,0,0.0
USR-001289,2026-07-05,2026-08-27,Team,Content,United States,0,0,0,0,0,0.0,1,1,1,Churned,1,0.0
USR-001290,2025-06-28,2026-09-20,Pro,Referral,United Kingdom,8,7,1,1,0,15.5,0,1,1,Active Paid,0,29.0
USR-001291,2026-04-01,2026-09-23,Free,Paid Search,Other,3,3,1,0,0,12.6,0,0,0,Free,0,0.0
USR-001292,2025-01-10,2026-08-07,Free,Social,United States,6,6,2,1,3,2.0,2,1,0,Churned,1,0.0
USR-001293,2025-11-02,2026-09-23,Free,Organic Search,Other,0,0,0,0,0,0.0,0,1,0,Free,0,0.0
USR-001294,2026-09-12,2026-09-12,Free,Social,United States,4,3,0,0,0,9.2,0,0,0,Churned,1,0.0
USR-001295,2024-11-04,2026-09-17,Free,Paid Search,United Kingdom,4,4,1,0,0,15.0,0,1,0,Free,0,0.0
USR-001296,2025-09-13,2026-09-22,Team,Referral,Germany,14,11,5,6,3,21.9,0,0,1,Active Paid,0,89.0
USR-001297,2026-03-11,2026-09-24,Free,Content,Australia,10,2,3,2,0,13.0,1,1,1,Free,0,0.0
USR-001298,2025-05-19,2026-09-23,Pro,Organic Search,United States,11,11,7,4,7,15.2,0,1,1,Active Paid,0,29.0
USR-001299,2025-09-01,2026-09-19,Free,Organic Search,United States,6,6,1,5,3,17.5,1,1,0,Free,0,0.0
USR-001300,2026-08-25,2026-09-27,Team,Paid Search,Germany,5,5,2,0,1,19.3,1,1,1,Active Paid,0,89.0
USR-001301,2025-03-21,2026-09-23,Free,Social,United States,1,1,0,0,0,14.6,0,1,0,Free,0,0.0
USR-001302,2025-12-03,2026-09-27,Free,Paid Search,Germany,6,6,3,0,1,14.0,0,1,0,Free,0,0.0
USR-001303,2025-05-03,2026-08-26,Free,Referral,Australia,10,10,3,2,2,22.0,2,1,0,Churned,1,0.0
USR-001304,2024-12-14,2026-08-29,Free,Social,United States,1,1,1,0,0,9.6,0,0,1,Churned,1,0.0
USR-001305,2025-07-06,2026-09-27,Pro,Partnership,Other,3,3,1,0,0,15.1,0,1,1,Active Paid,0,29.0
USR-001306,2025-05-23,2026-09-19,Free,Paid Search,United States,8,8,9,1,0,14.5,0,1,0,Free,0,0.0
USR-001307,2026-03-17,2026-09-25,Free,Organic Search,Other,3,3,0,0,0,13.5,0,1,0,Free,0,0.0
USR-001308,2026-03-30,2026-09-20,Free,Paid Search,Other,7,7,4,1,1,12.6,1,1,0,Free,0,0.0
USR-001309,2025-11-23,2026-09-24,Pro,Social,Germany,8,8,4,1,1,14.7,0,0,1,Active Paid,0,29.0
USR-001310,2025-01-14,2026-09-25,Free,Paid Search,Other,9,9,7,0,1,18.6,1,1,1,Free,0,0.0
USR-001311,2025-09-06,2026-07-09,Free,Paid Search,Australia,9,9,3,3,3,22.7,0,1,0,Churned,1,0.0
USR-001312,2026-01-10,2026-09-24,Free,Paid Search,United States,12,6,7,5,2,18.5,0,1,0,Free,0,0.0
USR-001313,2025-03-07,2026-09-26,Free,Referral,United States,11,10,5,1,0,17.9,0,1,0,Free,0,0.0
USR-001314,2025-01-13,2026-09-25,Free,Partnership,United States,7,7,12,0,3,19.3,1,1,0,Free,0,0.0
USR-001315,2024-12-09,2026-09-24,Team,Paid Search,United Kingdom,9,9,5,0,4,16.2,0,1,1,Active Paid,0,89.0
USR-001316,2026-02-14,2026-09-25,Free,Organic Search,Germany,2,2,1,0,0,13.4,0,1,0,Free,0,0.0
USR-001317,2025-04-26,2026-09-23,Pro,Paid Search,Canada,6,6,6,2,0,15.3,0,1,1,Active Paid,0,29.0
USR-001318,2025-07-20,2026-09-26,Free,Paid Search,France,10,10,10,2,2,17.0,1,1,1,Free,0,0.0
USR-001319,2025-10-29,2026-08-31,Free,Partnership,United Kingdom,6,6,5,1,1,13.8,0,1,1,Churned,1,0.0
USR-001320,2025-12-06,2026-09-26,Free,Social,United States,11,11,9,3,2,16.5,0,1,0,Free,0,0.0
USR-001321,2026-06-26,2026-08-20,Free,Referral,United States,4,4,5,0,0,9.8,0,0,1,Churned,1,0.0
USR-001322,2026-03-03,2026-09-25,Free,Content,Other,5,5,1,1,0,10.7,0,1,1,Free,0,0.0
USR-001323,2025-08-18,2026-09-23,Free,Referral,United Kingdom,6,6,7,2,0,5.9,0,1,1,Free,0,0.0
USR-001324,2024-12-21,2026-09-26,Free,Organic Search,United Kingdom,9,9,7,1,2,15.7,0,1,0,Free,0,0.0
USR-001325,2025-01-04,2026-09-25,Team,Social,United States,6,6,8,3,4,22.6,0,1,1,Active Paid,0,89.0
USR-001326,2026-05-04,2026-07-24,Free,Paid Search,Other,0,0,1,1,0,0.0,1,0,0,Churned,1,0.0
USR-001327,2025-05-18,2026-09-20,Free,Paid Search,United States,0,0,1,0,0,0.0,0,1,1,Free,0,0.0
USR-001328,2026-07-17,2026-09-18,Free,Partnership,Germany,3,3,0,0,0,5.8,1,1,1,Free,0,0.0
USR-001329,2025-05-21,2026-09-18,Free,Paid Search,United States,9,9,3,3,1,11.4,1,1,1,Free,0,0.0
USR-001330,2026-01-14,2026-09-25,Pro,Social,United States,11,11,14,4,0,8.7,0,0,1,Active Paid,0,29.0
USR-001331,2025-10-29,2026-09-23,Free,Organic Search,France,1,1,1,0,0,14.5,0,0,0,Free,0,0.0
USR-001332,2025-04-20,2026-09-20,Pro,Organic Search,Germany,9,9,4,1,1,9.7,0,1,1,Active Paid,0,29.0
USR-001333,2025-11-16,2026-09-21,Free,Social,France,5,5,0,1,0,16.9,0,1,0,Free,0,0.0
USR-001334,2025-02-15,2026-09-17,Free,Referral,United States,5,5,2,1,1,6.5,0,1,1,Free,0,0.0
USR-001335,2025-08-30,2026-09-24,Team,Referral,Other,4,4,2,2,4,12.8,1,0,1,Active Paid,0,89.0
USR-001336,2024-10-01,2026-09-26,Free,Paid Search,Canada,8,8,2,1,1,17.4,0,0,0,Free,0,0.0
USR-001337,2025-06-16,2026-09-27,Pro,Organic Search,Other,14,14,15,9,4,12.9,0,1,1,Active Paid,0,29.0
USR-001338,2026-02-16,2026-09-17,Free,Social,United States,5,5,2,0,0,7.9,0,1,0,Free,0,0.0
USR-001339,2025-03-10,2026-09-22,Team,Social,United Kingdom,0,0,1,0,0,0.0,0,1,1,Active Paid,0,89.0
USR-001340,2025-11-28,2026-09-25,Free,Referral,United Kingdom,0,0,1,0,0,0.0,0,1,0,Free,0,0.0
USR-001341,2025-08-30,2026-09-20,Free,Referral,France,8,8,7,2,0,13.1,0,1,0,Free,0,0.0
USR-001342,2026-06-10,2026-09-22,Pro,Content,France,8,8,6,3,0,5.2,0,1,1,Active Paid,0,29.0
USR-001343,2026-06-22,2026-09-23,Free,Content,Canada,2,2,0,0,0,18.1,0,1,1,Free,0,0.0
USR-001344,2025-07-31,2026-09-21,Free,Paid Search,United States,7,6,2,1,0,14.7,0,0,0,Free,0,0.0
USR-001345,2026-05-05,2026-09-23,Team,Referral,United States,10,10,12,5,11,17.2,0,0,1,Active Paid,0,89.0
USR-001346,2024-10-02,2026-09-24,Free,Referral,United States,10,10,13,4,1,8.7,0,1,1,Free,0,0.0
USR-001347,2025-01-12,2026-09-26,Pro,Partnership,Other,14,14,12,10,6,15.8,0,1,1,Active Paid,0,29.0
USR-001348,2025-05-02,2026-09-22,Pro,Paid Search,United States,0,0,0,0,0,0.0,0,0,1,Active Paid,0,29.0
USR-001349,2025-04-08,2026-09-27,Pro,Referral,United States,3,3,0,1,0,19.7,1,1,1,Active Paid,0,29.0
USR-001350,2025-07-17,2026-09-26,Pro,Paid Search,United Kingdom,14,12,15,3,2,15.7,0,0,1,Active Paid,0,29.0
USR-001351,2026-08-03,2026-09-28,Pro,Referral,United States,7,7,4,2,0,17.6,0,1,1,Active Paid,0,29.0
USR-001352,2025-12-09,2026-09-22,Free,Content,Other,3,3,2,0,0,6.4,0,1,1,Free,0,0.0
USR-001353,2025-09-26,2026-07-21,Free,Content,United Kingdom,0,0,1,0,0,0.0,0,1,0,Churned,1,0.0
USR-001354,2024-11-30,2026-07-12,Pro,Organic Search,Other,14,14,17,8,7,15.4,0,1,1,Churned,1,0.0
USR-001355,2026-04-12,2026-09-22,Pro,Organic Search,France,10,10,6,1,1,16.5,0,1,1,Active Paid,0,29.0
USR-001356,2025-09-25,2026-09-27,Free,Referral,Canada,10,10,7,6,0,14.0,0,1,0,Free,0,0.0
USR-001357,2026-01-12,2026-09-24,Free,Referral,Canada,2,2,0,1,1,14.4,0,1,0,Free,0,0.0
USR-001358,2026-06-11,2026-09-17,Free,Content,France,1,1,0,0,0,10.1,0,1,0,Free,0,0.0
USR-001359,2026-07-04,2026-09-27,Free,Paid Search,France,0,0,0,0,0,0.0,0,1,0,Free,0,0.0
USR-001360,2025-12-28,2026-09-24,Pro,Content,United States,11,10,6,4,1,15.7,0,1,1,Active Paid,0,29.0
USR-001361,2026-07-19,2026-09-26,Free,Referral,Other,6,6,4,4,2,20.6,1,1,0,Free,0,0.0
USR-001362,2026-07-29,2026-09-26,Pro,Organic Search,United Kingdom,5,5,1,1,1,20.5,1,1,1,Active Paid,0,29.0
USR-001363,2026-01-08,2026-09-09,Pro,Organic Search,United Kingdom,7,7,5,2,2,20.1,2,1,1,Churned,1,0.0
USR-001364,2026-04-24,2026-09-25,Team,Referral,United Kingdom,6,6,4,3,2,16.1,0,1,1,Active Paid,0,89.0
USR-001365,2025-08-15,2026-09-25,Free,Organic Search,France,8,8,7,1,1,18.3,0,0,1,Free,0,0.0
USR-001366,2026-09-03,2026-09-26,Team,Content,United Kingdom,4,4,2,0,2,17.9,0,1,1,Active Paid,0,89.0
USR-001367,2026-02-12,2026-08-30,Pro,Social,United Kingdom,5,4,0,0,0,13.5,0,0,1,Churned,1,0.0
USR-001368,2025-10-26,2026-09-28,Pro,Social,United States,0,0,0,0,0,0.0,2,1,1,Active Paid,0,29.0
USR-001369,2024-10-27,2026-08-03,Free,Paid Search,United Kingdom,1,1,1,1,0,7.6,0,1,0,Churned,1,0.0
USR-001370,2025-06-19,2026-09-22,Free,Partnership,United States,3,3,2,0,0,11.4,0,1,1,Free,0,0.0
USR-001371,2024-12-25,2026-09-24,Pro,Referral,Other,11,11,13,7,7,24.0,0,1,1,Active Paid,0,29.0
USR-001372,2026-01-13,2026-09-22,Free,Referral,United Kingdom,4,4,3,0,0,13.5,0,1,1,Free,0,0.0
USR-001373,2025-10-29,2026-08-24,Free,Referral,Other,1,1,0,0,0,14.4,0,1,1,Churned,1,0.0
USR-001374,2025-11-19,2026-08-12,Free,Social,France,1,1,0,0,0,20.9,0,1,1,Churned,1,0.0
USR-001375,2024-12-20,2026-09-22,Free,Partnership,France,9,9,4,1,1,15.0,0,1,0,Free,0,0.0
USR-001376,2024-10-30,2026-09-19,Free,Social,Other,7,4,1,0,0,11.2,0,0,1,Free,0,0.0
USR-001377,2024-10-27,2026-08-19,Free,Social,United States,2,2,0,0,0,5.2,0,1,1,Churned,1,0.0
USR-001378,2025-03-27,2026-09-26,Free,Paid Search,Canada,6,4,0,2,1,16.8,2,0,0,Free,0,0.0
USR-001379,2025-09-21,2026-09-25,Team,Paid Search,United States,13,13,10,8,4,17.3,0,1,1,Active Paid,0,89.0
USR-001380,2025-08-25,2026-09-28,Team,Referral,United States,12,11,5,4,5,16.2,0,1,1,Active Paid,0,89.0
USR-001381,2024-10-14,2026-09-22,Free,Paid Search,United Kingdom,8,4,3,1,0,18.5,0,1,1,Free,0,0.0
USR-001382,2026-02-24,2026-09-25,Free,Referral,France,5,5,3,0,1,14.6,1,1,0,Free,0,0.0
USR-001383,2026-01-11,2026-07-31,Free,Partnership,Australia,6,5,1,0,0,15.0,1,1,0,Churned,1,0.0
USR-001384,2024-12-13,2026-08-13,Free,Paid Search,United States,9,4,4,0,1,16.4,0,0,0,Churned,1,0.0
USR-001385,2025-12-13,2026-09-29,Team,Organic Search,France,12,12,11,5,11,19.6,0,1,1,Active Paid,0,89.0
USR-001386,2026-03-31,2026-09-24,Free,Referral,United States,5,5,2,1,1,8.7,0,0,1,Free,0,0.0
USR-001387,2025-08-11,2026-09-22,Free,Organic Search,United States,5,5,1,0,1,10.2,0,1,1,Free,0,0.0
USR-001388,2026-01-26,2026-09-27,Free,Content,United States,11,10,3,2,0,19.4,0,1,0,Free,0,0.0
USR-001389,2024-12-18,2026-09-19,Free,Social,Germany,5,5,1,0,0,8.9,0,1,0,Free,0,0.0
USR-001390,2024-12-05,2026-09-25,Pro,Social,Canada,9,8,7,4,1,9.1,0,0,1,Active Paid,0,29.0
USR-001391,2026-02-09,2026-09-22,Pro,Social,United States,7,7,1,2,2,15.5,0,1,1,Active Paid,0,29.0
USR-001392,2025-09-02,2026-09-25,Pro,Social,United States,4,4,1,1,2,7.4,1,0,1,Active Paid,0,29.0
USR-001393,2024-10-12,2026-09-20,Free,Paid Search,Canada,5,5,1,0,3,10.9,1,1,0,Free,0,0.0
USR-001394,2025-04-03,2026-09-02,Team,Paid Search,Australia,0,0,0,0,0,0.0,0,0,1,Churned,1,0.0
USR-001395,2026-04-14,2026-07-07,Free,Paid Search,United States,1,1,0,0,0,13.0,0,0,1,Churned,1,0.0
USR-001396,2025-07-20,2026-09-19,Pro,Content,France,12,8,5,4,0,19.9,0,1,1,Active Paid,0,29.0
USR-001397,2025-06-29,2026-09-26,Team,Organic Search,Germany,5,5,5,0,3,11.2,1,1,1,Active Paid,0,89.0
USR-001398,2025-06-05,2026-09-24,Free,Paid Search,Canada,7,7,5,2,0,16.8,0,1,1,Free,0,0.0
USR-001399,2026-08-29,2026-09-18,Team,Organic Search,United States,7,7,7,3,3,19.4,0,0,1,Active Paid,0,89.0
USR-001400,2026-02-13,2026-08-27,Free,Paid Search,Other,4,4,1,1,0,10.8,0,1,0,Churned,1,0.0
USR-001401,2025-01-12,2026-09-23,Pro,Organic Search,Canada,7,7,6,2,1,13.6,0,1,1,Active Paid,0,29.0
USR-001402,2026-03-27,2026-09-21,Free,Referral,United Kingdom,11,7,10,2,1,19.6,0,0,0,Free,0,0.0
USR-001403,2026-02-13,2026-09-22,Free,Organic Search,Other,12,12,9,4,3,11.8,0,1,0,Free,0,0.0
USR-001404,2026-01-28,2026-09-18,Free,Referral,Other,7,7,2,0,1,13.6,1,1,1,Free,0,0.0
USR-001405,2026-05-12,2026-07-31,Free,Paid Search,France,5,5,0,0,0,14.9,0,0,0,Churned,1,0.0
USR-001406,2026-05-27,2026-09-15,Free,Social,Australia,5,2,2,0,2,21.5,0,1,0,Free,0,0.0
USR-001407,2026-01-10,2026-09-08,Free,Organic Search,United States,6,6,6,2,1,19.6,0,1,1,Churned,1,0.0
USR-001408,2024-12-29,2026-08-11,Pro,Referral,Australia,9,9,11,4,0,12.3,0,1,1,Churned,1,0.0
USR-001409,2026-09-14,2026-09-14,Free,Partnership,United Kingdom,0,0,1,0,0,0.0,0,0,1,Free,0,0.0
USR-001410,2026-02-25,2026-09-27,Free,Organic Search,Other,12,12,10,3,1,14.5,1,1,1,Free,0,0.0
USR-001411,2026-08-03,2026-08-18,Team,Partnership,United Kingdom,0,0,0,0,0,0.0,0,0,1,Churned,1,0.0
USR-001412,2025-08-10,2026-09-27,Team,Paid Search,United States,15,15,11,8,11,12.0,0,1,1,Active Paid,0,89.0
USR-001413,2026-03-20,2026-09-20,Free,Social,United Kingdom,3,3,1,1,0,12.4,0,0,0,Free,0,0.0
USR-001414,2025-02-26,2026-09-28,Free,Referral,France,3,3,0,0,1,15.0,0,1,1,Free,0,0.0
USR-001415,2025-07-24,2026-09-25,Pro,Organic Search,Canada,15,15,13,8,10,19.1,0,1,1,Active Paid,0,29.0
USR-001416,2025-03-04,2026-09-27,Pro,Paid Search,Australia,0,0,0,0,0,0.0,0,0,1,Active Paid,0,29.0
USR-001417,2025-06-19,2026-09-24,Free,Organic Search,United States,1,1,2,0,0,15.5,0,1,0,Free,0,0.0
USR-001418,2025-11-06,2026-09-20,Pro,Referral,United States,10,10,11,2,3,22.4,0,0,1,Active Paid,0,29.0
USR-001419,2025-01-08,2026-07-26,Free,Paid Search,Canada,7,7,3,1,1,23.7,0,1,0,Churned,1,0.0
USR-001420,2025-10-10,2026-09-23,Free,Content,United Kingdom,4,4,4,1,1,9.8,1,1,0,Free,0,0.0
USR-001421,2024-11-05,2026-09-19,Pro,Paid Search,France,9,9,9,0,2,16.8,1,1,1,Active Paid,0,29.0
USR-001422,2024-10-04,2026-09-24,Pro,Partnership,Other,4,4,2,1,1,13.1,0,0,1,Active Paid,0,29.0
USR-001423,2025-07-21,2026-09-20,Pro,Organic Search,Germany,7,7,7,2,0,18.3,1,1,1,Active Paid,0,29.0
USR-001424,2025-05-21,2026-09-18,Free,Social,United Kingdom,4,4,1,1,0,9.9,0,0,0,Free,0,0.0
USR-001425,2026-03-17,2026-09-21,Free,Paid Search,Canada,6,6,3,1,1,13.7,0,1,0,Free,0,0.0
USR-001426,2025-02-10,2026-09-25,Free,Organic Search,Other,7,7,7,2,2,10.1,0,1,1,Free,0,0.0
USR-001427,2025-05-23,2026-09-25,Free,Organic Search,France,12,12,8,2,2,18.4,1,0,1,Free,0,0.0
USR-001428,2024-12-09,2026-09-21,Free,Referral,Australia,0,0,0,1,0,0.0,0,0,0,Free,0,0.0
USR-001429,2026-03-09,2026-09-08,Free,Organic Search,United States,8,8,5,1,2,12.7,1,1,0,Churned,1,0.0
USR-001430,2025-03-01,2026-09-01,Free,Social,France,5,5,2,2,0,6.8,0,1,1,Churned,1,0.0
USR-001431,2025-10-14,2026-09-26,Pro,Partnership,United States,16,16,15,8,9,22.4,0,1,1,Active Paid,0,29.0
USR-001432,2026-05-06,2026-09-23,Free,Paid Search,France,8,8,4,0,4,22.5,1,1,1,Free,0,0.0
USR-001433,2026-05-16,2026-09-19,Free,Organic Search,Other,0,0,1,0,0,0.0,0,0,0,Free,0,0.0
USR-001434,2025-08-10,2026-09-26,Pro,Organic Search,Other,9,9,4,8,0,16.8,0,1,1,Active Paid,0,29.0
USR-001435,2026-01-30,2026-09-23,Free,Organic Search,United States,8,8,4,1,3,13.3,0,1,0,Free,0,0.0
USR-001436,2026-07-05,2026-09-24,Pro,Social,Australia,6,6,3,1,1,16.5,0,0,1,Active Paid,0,29.0
USR-001437,2025-11-14,2026-08-09,Free,Referral,United States,1,1,1,0,1,8.8,0,0,0,Churned,1,0.0
USR-001438,2025-06-06,2026-07-12,Free,Paid Search,Canada,3,3,1,1,0,9.4,0,1,0,Churned,1,0.0
USR-001439,2026-01-30,2026-09-16,Team,Organic Search,France,9,8,7,1,3,17.3,0,0,1,Active Paid,0,89.0
USR-001440,2024-11-01,2026-09-23,Pro,Referral,Canada,10,9,10,6,3,12.3,1,1,1,Active Paid,0,29.0
USR-001441,2025-03-07,2026-09-22,Pro,Paid Search,United Kingdom,10,10,5,2,0,13.9,1,1,1,Active Paid,0,29.0
USR-001442,2025-09-14,2026-07-05,Pro,Social,France,7,7,3,1,2,6.9,0,0,1,Churned,1,0.0
USR-001443,2024-11-16,2026-09-25,Free,Partnership,Germany,9,8,3,0,1,10.4,0,1,0,Free,0,0.0
USR-001444,2025-11-10,2026-09-24,Pro,Paid Search,Germany,1,1,1,0,0,11.4,2,0,1,Active Paid,0,29.0
USR-001445,2026-06-08,2026-09-26,Team,Social,Canada,11,7,8,7,4,13.5,0,1,1,Active Paid,0,89.0
USR-001446,2026-08-21,2026-09-24,Team,Content,France,1,1,0,0,0,14.8,0,0,1,Active Paid,0,89.0
USR-001447,2024-11-14,2026-09-23,Free,Referral,United Kingdom,7,7,7,0,1,18.6,1,1,0,Free,0,0.0
USR-001448,2024-10-29,2026-09-25,Free,Referral,United States,5,5,2,1,1,16.8,0,1,1,Free,0,0.0
USR-001449,2025-04-05,2026-09-23,Pro,Referral,Canada,5,3,4,1,3,10.1,0,0,1,Active Paid,0,29.0
USR-001450,2026-07-04,2026-09-26,Free,Social,France,0,0,1,0,0,0.0,0,0,0,Free,0,0.0
USR-001451,2026-02-18,2026-09-20,Free,Social,United States,8,8,4,0,1,12.1,0,0,0,Free,0,0.0
USR-001452,2026-08-17,2026-09-24,Free,Referral,United States,0,0,0,0,0,0.0,0,1,0,Free,0,0.0
USR-001453,2026-08-10,2026-09-22,Free,Referral,Other,8,8,7,2,1,18.5,1,1,1,Free,0,0.0
USR-001454,2026-03-24,2026-09-20,Free,Referral,Other,1,1,1,0,0,20.8,1,1,0,Free,0,0.0
USR-001455,2025-08-02,2026-09-27,Free,Paid Search,Germany,12,4,8,3,3,6.5,0,1,0,Free,0,0.0
USR-001456,2026-07-31,2026-09-25,Free,Content,Australia,4,4,4,0,3,10.1,0,1,0,Free,0,0.0
USR-001457,2024-10-12,2026-07-14,Free,Organic Search,Other,0,0,0,0,0,0.0,0,0,0,Churned,1,0.0
USR-001458,2025-10-25,2026-09-27,Team,Organic Search,Canada,13,13,16,19,15,20.4,1,1,1,Active Paid,0,89.0
USR-001459,2026-03-11,2026-09-22,Free,Paid Search,United States,8,8,1,2,0,14.9,0,1,1,Free,0,0.0
USR-001460,2025-09-11,2026-09-21,Free,Paid Search,Germany,0,0,0,0,0,0.0,0,0,0,Free,0,0.0
USR-001461,2025-02-28,2026-08-26,Free,Referral,Other,0,0,0,1,0,0.0,1,0,0,Churned,1,0.0
USR-001462,2026-02-04,2026-09-20,Free,Organic Search,France,8,0,4,1,0,16.3,1,1,0,Free,0,0.0
USR-001463,2026-08-13,2026-09-28,Team,Referral,United States,7,7,4,1,4,15.5,0,0,1,Active Paid,0,89.0
USR-001464,2026-08-10,2026-09-24,Team,Social,Other,5,5,1,0,1,12.1,2,0,1,Active Paid,0,89.0
USR-001465,2025-01-14,2026-09-17,Free,Organic Search,France,5,5,3,1,1,7.4,0,1,0,Free,0,0.0
USR-001466,2026-06-28,2026-09-18,Free,Paid Search,United Kingdom,9,6,1,2,2,18.7,0,0,0,Free,0,0.0
USR-001467,2025-06-18,2026-09-21,Free,Social,Other,2,2,1,1,0,15.6,0,0,1,Free,0,0.0
USR-001468,2025-12-15,2026-09-24,Free,Referral,France,10,10,12,1,3,15.0,0,1,1,Free,0,0.0
USR-001469,2025-03-09,2026-09-25,Free,Paid Search,Australia,8,8,5,1,3,16.5,0,1,1,Free,0,0.0
USR-001470,2026-08-03,2026-08-03,Free,Organic Search,Other,10,9,2,2,0,20.1,0,1,0,Churned,1,0.0
USR-001471,2024-12-13,2026-09-21,Free,Paid Search,United States,4,4,0,0,1,7.5,1,0,0,Free,0,0.0
USR-001472,2025-05-04,2026-08-20,Pro,Organic Search,Australia,6,6,6,6,1,17.0,0,1,1,Churned,1,0.0
USR-001473,2025-10-29,2026-09-25,Free,Organic Search,United Kingdom,5,5,2,0,0,15.0,0,1,1,Free,0,0.0
USR-001474,2026-04-20,2026-09-25,Free,Partnership,Other,5,5,2,0,1,19.8,1,1,1,Free,0,0.0
USR-001475,2024-10-17,2026-09-21,Free,Organic Search,Other,6,6,1,0,1,11.0,1,0,0,Free,0,0.0
USR-001476,2026-02-12,2026-07-20,Free,Organic Search,Australia,8,8,2,0,0,15.1,0,1,0,Churned,1,0.0
USR-001477,2025-09-30,2026-07-19,Free,Content,Australia,5,5,2,1,0,7.5,0,0,0,Churned,1,0.0
USR-001478,2025-12-08,2026-07-21,Free,Referral,Australia,4,4,2,3,0,11.7,0,1,1,Churned,1,0.0
USR-001479,2026-04-04,2026-09-21,Free,Paid Search,United States,5,4,0,0,0,2.7,0,0,0,Free,0,0.0
USR-001480,2025-11-22,2026-09-12,Free,Referral,United Kingdom,0,0,1,0,0,0.0,0,1,1,Free,0,0.0
USR-001481,2026-05-30,2026-09-26,Pro,Partnership,United States,13,11,16,4,3,18.8,0,0,1,Active Paid,0,29.0
USR-001482,2026-09-14,2026-09-23,Team,Organic Search,Australia,7,7,4,3,2,20.1,0,0,1,Active Paid,0,89.0
USR-001483,2026-02-20,2026-09-22,Free,Organic Search,Germany,4,4,1,2,0,17.5,0,1,0,Free,0,0.0
USR-001484,2026-06-27,2026-09-28,Free,Content,Germany,15,13,15,4,3,18.1,0,1,0,Free,0,0.0
USR-001485,2025-11-23,2026-08-16,Pro,Content,United States,4,4,1,1,0,12.0,0,0,1,Churned,1,0.0
USR-001486,2025-01-07,2026-09-17,Pro,Partnership,Germany,3,3,0,0,0,15.5,2,0,1,Active Paid,0,29.0
USR-001487,2026-05-22,2026-07-30,Free,Paid Search,United Kingdom,3,3,3,1,1,15.3,0,1,0,Churned,1,0.0
USR-001488,2026-09-15,2026-09-15,Free,Partnership,Other,1,1,0,0,0,9.3,0,1,1,Churned,1,0.0
USR-001489,2026-06-28,2026-08-26,Free,Paid Search,Other,3,3,0,0,0,9.2,0,0,0,Churned,1,0.0
USR-001490,2025-09-17,2026-09-26,Pro,Referral,Canada,14,14,9,13,5,19.3,0,1,1,Active Paid,0,29.0
USR-001491,2026-03-03,2026-09-27,Free,Content,Australia,10,10,8,2,0,15.1,0,1,1,Free,0,0.0
USR-001492,2025-10-01,2026-09-28,Free,Organic Search,United States,7,7,2,1,1,17.3,0,1,0,Free,0,0.0
USR-001493,2026-08-26,2026-08-26,Free,Organic Search,United States,7,7,3,2,0,18.9,1,1,1,Churned,1,0.0
USR-001494,2026-01-20,2026-09-11,Free,Social,Germany,6,6,1,1,0,9.5,1,0,0,Churned,1,0.0
USR-001495,2025-11-26,2026-09-23,Free,Content,France,6,6,0,1,0,7.9,0,0,0,Free,0,0.0
USR-001496,2025-11-11,2026-09-22,Pro,Organic Search,United States,14,12,10,9,6,11.4,0,1,1,Active Paid,0,29.0
USR-001497,2025-08-17,2026-09-23,Free,Content,United States,3,3,1,1,0,11.2,0,1,0,Free,0,0.0
USR-001498,2025-03-06,2026-09-19,Free,Paid Search,Canada,7,7,5,2,2,22.7,0,1,0,Free,0,0.0
USR-001499,2025-10-16,2026-08-16,Free,Paid Search,United States,0,0,0,0,0,0.0,0,1,0,Churned,1,0.0
USR-001500,2025-01-22,2026-09-21,Pro,Paid Search,United Kingdom,7,7,4,1,0,11.6,1,0,1,Active Paid,0,29.0
USR-001501,2025-09-02,2026-09-21,Free,Content,Canada,0,0,0,1,0,0.0,0,0,1,Free,0,0.0
USR-001502,2026-03-13,2026-09-23,Free,Organic Search,Other,0,0,0,0,0,0.0,0,1,0,Free,0,0.0
USR-001503,2026-04-05,2026-09-26,Free,Social,United Kingdom,1,1,1,0,0,6.5,0,1,0,Free,0,0.0
USR-001504,2026-01-28,2026-09-24,Pro,Organic Search,United States,7,7,3,5,1,14.8,0,1,1,Active Paid,0,29.0
USR-001505,2025-07-15,2026-09-23,Pro,Partnership,United States,7,7,2,3,2,17.4,1,1,1,Active Paid,0,29.0
USR-001506,2026-03-26,2026-09-26,Team,Content,United States,12,12,8,7,4,24.3,0,1,1,Active Paid,0,89.0
USR-001507,2024-12-01,2026-09-23,Pro,Organic Search,France,5,5,0,1,0,19.7,1,1,1,Active Paid,0,29.0
USR-001508,2025-10-07,2026-09-17,Free,Paid Search,United Kingdom,0,0,0,0,0,0.0,0,0,0,Free,0,0.0
USR-001509,2025-01-06,2026-09-14,Free,Paid Search,United States,1,1,0,0,1,15.8,0,1,0,Free,0,0.0
USR-001510,2025-05-15,2026-09-21,Free,Paid Search,Other,0,0,0,0,0,0.0,0,0,1,Free,0,0.0
USR-001511,2026-01-20,2026-08-01,Pro,Content,Australia,2,2,1,1,1,16.5,1,1,1,Churned,1,0.0
USR-001512,2026-04-05,2026-09-25,Pro,Social,United States,10,10,9,0,4,13.1,0,1,1,Active Paid,0,29.0
USR-001513,2025-04-02,2026-09-12,Free,Paid Search,United States,3,3,0,1,0,9.2,0,0,0,Free,0,0.0
USR-001514,2026-01-22,2026-09-24,Team,Referral,Other,9,9,8,2,7,24.9,0,1,1,Active Paid,0,89.0
USR-001515,2026-03-23,2026-09-24,Free,Social,France,5,5,1,0,0,9.0,0,0,0,Free,0,0.0
USR-001516,2024-11-19,2026-09-24,Free,Organic Search,Other,11,11,8,2,4,14.8,0,1,1,Free,0,0.0
USR-001517,2025-10-05,2026-08-16,Free,Organic Search,United States,9,1,2,1,1,13.1,0,1,1,Churned,1,0.0
USR-001518,2026-08-12,2026-08-12,Pro,Paid Search,Australia,5,5,3,2,0,13.2,0,1,1,Churned,1,0.0
USR-001519,2025-09-27,2026-08-03,Team,Social,United States,9,9,5,3,9,11.6,0,1,1,Churned,1,0.0
USR-001520,2025-10-21,2026-09-24,Free,Organic Search,United Kingdom,8,8,3,3,2,10.9,0,1,0,Free,0,0.0
USR-001521,2025-01-06,2026-09-26,Team,Social,France,9,9,6,1,3,9.8,0,1,1,Active Paid,0,89.0
USR-001522,2025-04-25,2026-09-25,Team,Paid Search,France,6,6,5,5,2,14.2,1,1,1,Active Paid,0,89.0
USR-001523,2026-05-02,2026-09-25,Pro,Referral,United States,5,5,2,3,2,24.9,2,1,1,Active Paid,0,29.0
USR-001524,2026-05-31,2026-09-24,Pro,Organic Search,United States,1,1,1,1,0,18.5,1,1,1,Active Paid,0,29.0
USR-001525,2025-07-11,2026-08-07,Free,Social,Australia,8,8,4,1,1,14.2,0,1,0,Churned,1,0.0
USR-001526,2026-08-13,2026-08-13,Pro,Organic Search,United States,10,10,7,4,1,19.7,4,0,1,Churned,1,0.0
USR-001527,2026-01-30,2026-09-25,Pro,Paid Search,United Kingdom,4,4,1,1,1,14.1,0,0,1,Active Paid,0,29.0
USR-001528,2026-06-09,2026-08-24,Pro,Organic Search,United States,10,8,5,2,3,13.0,0,1,1,Churned,1,0.0
USR-001529,2026-09-01,2026-09-29,Free,Social,United States,4,4,2,0,1,16.0,0,1,1,Free,0,0.0
USR-001530,2024-11-28,2026-09-27,Pro,Referral,Australia,8,8,2,5,2,14.9,0,0,1,Active Paid,0,29.0
USR-001531,2026-07-13,2026-09-24,Team,Organic Search,United States,12,12,11,6,6,14.0,1,1,1,Active Paid,0,89.0
USR-001532,2026-09-09,2026-09-27,Free,Referral,Canada,1,1,0,0,1,12.3,0,1,1,Free,0,0.0
USR-001533,2024-11-17,2026-09-18,Team,Social,France,0,0,0,0,0,0.0,2,1,1,Active Paid,0,89.0
USR-001534,2026-05-04,2026-08-01,Free,Social,United States,0,0,0,0,0,0.0,0,0,0,Churned,1,0.0
USR-001535,2025-02-09,2026-09-20,Free,Social,Germany,11,10,10,1,1,16.9,1,1,0,Free,0,0.0
USR-001536,2026-08-24,2026-08-24,Free,Paid Search,United Kingdom,7,6,0,0,2,2.9,0,0,0,Churned,1,0.0
USR-001537,2026-05-29,2026-09-27,Pro,Referral,Australia,17,17,16,5,3,12.9,0,1,1,Active Paid,0,29.0
USR-001538,2026-06-28,2026-09-20,Free,Referral,Australia,5,5,2,0,1,11.6,0,1,1,Free,0,0.0
USR-001539,2025-04-29,2026-09-20,Free,Referral,Australia,4,4,3,1,2,8.7,1,1,0,Free,0,0.0
USR-001540,2025-06-29,2026-08-18,Pro,Paid Search,United Kingdom,9,9,5,5,0,12.9,0,1,1,Churned,1,0.0
USR-001541,2025-10-11,2026-08-01,Free,Referral,Australia,7,7,1,2,0,17.5,0,0,1,Churned,1,0.0
USR-001542,2026-03-27,2026-09-24,Free,Organic Search,Germany,2,2,0,0,0,8.6,0,1,1,Free,0,0.0
USR-001543,2026-07-14,2026-09-25,Pro,Social,United Kingdom,11,11,16,7,1,15.3,0,1,1,Active Paid,0,29.0
USR-001544,2025-08-05,2026-09-25,Pro,Organic Search,United States,5,5,5,0,0,19.5,0,1,1,Active Paid,0,29.0
USR-001545,2026-04-04,2026-09-23,Pro,Organic Search,United States,16,11,17,7,6,12.4,2,1,1,Active Paid,0,29.0
USR-001546,2025-07-21,2026-09-25,Pro,Referral,United States,17,13,12,9,5,11.3,1,0,1,Active Paid,0,29.0
USR-001547,2025-05-12,2026-09-18,Team,Content,United States,10,10,12,3,6,12.4,0,0,1,Active Paid,0,89.0
USR-001548,2025-01-16,2026-09-25,Free,Organic Search,Other,5,5,3,1,0,15.5,0,1,1,Free,0,0.0
USR-001549,2025-09-27,2026-09-17,Free,Social,Other,2,2,1,0,0,5.1,0,1,1,Free,0,0.0
USR-001550,2026-09-12,2026-09-12,Free,Referral,United States,4,4,2,1,0,22.5,1,1,0,Churned,1,0.0
USR-001551,2026-02-27,2026-09-26,Free,Partnership,Other,7,7,2,0,0,2.0,0,1,0,Free,0,0.0
USR-001552,2025-01-13,2026-09-27,Pro,Referral,France,9,9,4,2,3,19.0,0,1,1,Active Paid,0,29.0
USR-001553,2025-08-30,2026-09-23,Pro,Organic Search,Canada,9,9,12,9,5,16.5,0,1,1,Active Paid,0,29.0
USR-001554,2025-06-30,2026-08-19,Free,Organic Search,Other,13,9,7,0,3,16.6,1,1,1,Churned,1,0.0
USR-001555,2025-10-23,2026-09-23,Free,Referral,France,12,11,4,1,1,11.8,1,1,0,Free,0,0.0
USR-001556,2026-05-22,2026-09-05,Pro,Organic Search,Germany,6,6,6,0,0,13.3,1,1,1,Churned,1,0.0
USR-001557,2024-12-13,2026-09-26,Team,Partnership,United States,11,11,8,4,4,13.7,0,1,1,Active Paid,0,89.0
USR-001558,2025-03-12,2026-09-26,Free,Partnership,United States,6,6,4,0,0,16.9,0,1,1,Free,0,0.0
USR-001559,2024-10-04,2026-09-26,Free,Partnership,Other,2,2,2,0,0,5.7,0,0,0,Free,0,0.0
USR-001560,2025-01-12,2026-09-26,Free,Paid Search,United States,11,8,7,0,3,14.1,0,1,0,Free,0,0.0
USR-001561,2026-02-19,2026-09-27,Free,Referral,United States,14,8,9,7,1,25.4,0,1,1,Free,0,0.0
USR-001562,2026-03-18,2026-09-21,Free,Referral,United States,12,11,10,2,2,19.7,0,1,1,Free,0,0.0
USR-001563,2026-03-22,2026-08-31,Free,Organic Search,Canada,10,8,5,0,0,8.4,1,1,0,Churned,1,0.0
USR-001564,2024-11-28,2026-09-23,Pro,Paid Search,United Kingdom,12,12,10,1,2,23.1,0,1,1,Active Paid,0,29.0
USR-001565,2025-08-13,2026-07-04,Free,Organic Search,Other,11,3,9,1,3,15.3,1,1,1,Churned,1,0.0
USR-001566,2025-10-26,2026-09-21,Free,Paid Search,United Kingdom,7,7,1,1,0,10.9,1,1,0,Free,0,0.0
USR-001567,2024-10-23,2026-09-26,Free,Partnership,Other,2,2,0,0,0,14.9,0,1,1,Free,0,0.0
USR-001568,2025-07-11,2026-08-31,Team,Content,Germany,0,0,0,0,0,0.0,1,1,1,Churned,1,0.0
USR-001569,2024-12-04,2026-09-23,Free,Paid Search,Canada,4,3,1,0,0,7.2,0,1,1,Free,0,0.0
USR-001570,2024-10-11,2026-09-21,Free,Social,United States,5,5,1,1,0,11.6,1,1,0,Free,0,0.0
USR-001571,2026-07-21,2026-09-24,Free,Organic Search,United States,0,0,0,0,0,0.0,0,1,1,Free,0,0.0
USR-001572,2025-12-31,2026-09-22,Pro,Paid Search,Other,3,3,2,1,0,13.1,0,0,1,Active Paid,0,29.0
USR-001573,2025-04-09,2026-09-19,Pro,Organic Search,Australia,10,10,6,1,0,17.6,0,0,1,Active Paid,0,29.0
USR-001574,2025-02-11,2026-07-08,Free,Referral,United Kingdom,7,7,1,2,0,16.2,0,0,0,Churned,1,0.0
USR-001575,2026-06-01,2026-09-22,Free,Referral,Other,7,7,0,0,1,10.1,1,0,0,Free,0,0.0
USR-001576,2026-01-31,2026-08-08,Free,Content,Australia,9,9,4,2,3,21.9,1,1,0,Churned,1,0.0
USR-001577,2025-08-20,2026-09-26,Pro,Content,United States,6,6,9,2,1,13.6,0,1,1,Active Paid,0,29.0
USR-001578,2025-02-21,2026-09-22,Team,Organic Search,Germany,5,5,7,4,1,17.6,0,1,1,Active Paid,0,89.0
USR-001579,2026-06-27,2026-09-27,Free,Referral,Australia,5,5,4,1,0,15.5,0,1,0,Free,0,0.0
USR-001580,2025-07-13,2026-09-24,Free,Organic Search,Australia,1,1,0,0,0,7.7,1,0,0,Free,0,0.0
USR-001581,2026-02-16,2026-08-30,Pro,Paid Search,United States,0,0,0,0,0,0.0,0,0,1,Churned,1,0.0
USR-001582,2026-04-14,2026-09-24,Pro,Social,United States,14,14,13,4,6,18.0,1,1,1,Active Paid,0,29.0
USR-001583,2025-09-12,2026-09-21,Free,Organic Search,United Kingdom,6,6,2,0,0,16.7,0,0,1,Free,0,0.0
USR-001584,2025-11-23,2026-08-14,Free,Organic Search,United States,0,0,0,0,1,0.0,1,0,0,Churned,1,0.0
USR-001585,2025-06-18,2026-07-25,Free,Paid Search,United States,5,5,3,0,1,13.6,0,1,0,Churned,1,0.0
USR-001586,2026-01-31,2026-09-23,Pro,Organic Search,Germany,17,11,10,8,9,23.2,0,1,1,Active Paid,0,29.0
USR-001587,2025-02-04,2026-09-02,Pro,Partnership,Canada,0,0,1,0,0,0.0,1,0,1,Churned,1,0.0
USR-001588,2026-07-22,2026-09-27,Pro,Paid Search,United States,12,9,19,13,3,11.6,1,1,1,Active Paid,0,29.0
USR-001589,2025-01-07,2026-09-23,Pro,Social,Germany,1,1,0,1,0,17.9,0,1,1,Active Paid,0,29.0
USR-001590,2026-08-25,2026-09-24,Free,Partnership,United States,6,6,8,0,2,19.2,0,1,0,Free,0,0.0
USR-001591,2025-04-07,2026-07-31,Free,Social,United Kingdom,5,5,0,0,0,5.7,0,0,0,Churned,1,0.0
USR-001592,2026-01-11,2026-08-01,Free,Paid Search,Australia,7,7,3,2,0,9.5,0,0,0,Churned,1,0.0
USR-001593,2025-12-15,2026-09-23,Pro,Partnership,Other,0,0,0,0,0,0.0,0,1,1,Active Paid,0,29.0
USR-001594,2026-09-02,2026-09-02,Pro,Organic Search,United States,8,8,6,0,2,13.1,1,0,1,Churned,1,0.0
USR-001595,2025-05-01,2026-09-22,Free,Organic Search,Other,5,5,3,1,0,11.4,0,1,0,Free,0,0.0
USR-001596,2026-05-20,2026-09-17,Free,Social,Other,3,3,0,0,0,7.4,0,0,1,Free,0,0.0
USR-001597,2025-06-01,2026-09-28,Pro,Paid Search,Germany,10,10,4,4,3,15.9,0,1,1,Active Paid,0,29.0
USR-001598,2025-04-15,2026-09-21,Pro,Content,Other,0,0,0,0,0,0.0,0,1,1,Active Paid,0,29.0
USR-001599,2025-01-19,2026-09-26,Pro,Organic Search,United States,0,0,0,0,0,0.0,0,0,1,Active Paid,0,29.0
USR-001600,2025-04-27,2026-08-22,Free,Social,United States,1,1,0,0,0,3.7,3,0,0,Churned,1,0.0
USR-001601,2026-02-12,2026-09-25,Team,Referral,Other,8,8,3,2,2,17.2,0,1,1,Active Paid,0,89.0
USR-001602,2025-04-05,2026-09-21,Pro,Partnership,Canada,7,7,4,2,2,20.4,2,0,1,Active Paid,0,29.0
USR-001603,2025-02-02,2026-09-25,Pro,Organic Search,United Kingdom,13,10,8,2,2,22.7,0,1,1,Active Paid,0,29.0
USR-001604,2026-02-01,2026-09-25,Pro,Organic Search,United States,7,7,8,7,0,10.6,0,1,1,Active Paid,0,29.0
USR-001605,2026-06-19,2026-09-01,Team,Partnership,United States,11,11,6,5,5,18.2,1,1,1,Churned,1,0.0
USR-001606,2024-12-18,2026-09-22,Team,Referral,United States,7,7,4,4,5,21.1,0,1,1,Active Paid,0,89.0
USR-001607,2026-06-02,2026-09-27,Pro,Organic Search,United States,9,9,4,4,6,18.3,0,1,1,Active Paid,0,29.0
USR-001608,2025-07-18,2026-09-23,Free,Organic Search,Other,2,2,1,0,0,12.2,0,1,0,Free,0,0.0
USR-001609,2026-03-31,2026-07-19,Free,Content,United States,2,2,1,0,1,16.9,0,1,1,Churned,1,0.0
USR-001610,2026-06-17,2026-09-28,Pro,Social,Australia,6,6,5,3,0,15.5,1,1,1,Active Paid,0,29.0
USR-001611,2025-03-09,2026-09-25,Pro,Social,United States,4,4,5,0,3,18.8,1,0,1,Active Paid,0,29.0
USR-001612,2026-06-05,2026-09-04,Free,Content,United Kingdom,2,2,0,0,0,19.6,0,1,0,Churned,1,0.0
USR-001613,2025-05-24,2026-07-09,Free,Organic Search,Other,9,6,3,1,1,12.1,0,1,0,Churned,1,0.0
USR-001614,2025-05-08,2026-09-18,Team,Organic Search,United States,9,9,3,2,1,13.8,0,1,1,Active Paid,0,89.0
USR-001615,2026-08-03,2026-09-15,Team,Social,United States,15,7,11,6,9,17.9,0,1,1,Active Paid,0,89.0
USR-001616,2026-05-15,2026-09-25,Team,Content,Australia,8,8,4,1,3,19.6,1,1,1,Active Paid,0,89.0
USR-001617,2025-02-25,2026-09-23,Free,Paid Search,United States,5,5,1,0,0,8.1,0,1,0,Free,0,0.0
USR-001618,2025-09-18,2026-09-24,Pro,Referral,United States,6,6,2,2,0,15.3,0,0,1,Active Paid,0,29.0
USR-001619,2026-06-21,2026-09-23,Pro,Organic Search,Other,5,5,2,1,0,17.6,2,0,1,Active Paid,0,29.0
USR-001620,2024-10-06,2026-08-22,Free,Organic Search,United Kingdom,9,9,5,2,1,15.8,0,1,0,Churned,1,0.0
USR-001621,2026-03-10,2026-09-20,Free,Content,Germany,9,9,8,2,3,12.1,1,1,0,Free,0,0.0
USR-001622,2026-09-13,2026-09-23,Team,Organic Search,United States,13,13,12,6,9,21.8,1,1,1,Active Paid,0,89.0
USR-001623,2024-11-24,2026-08-16,Free,Organic Search,United States,13,7,6,2,6,16.9,1,1,1,Churned,1,0.0
USR-001624,2026-09-04,2026-09-27,Pro,Referral,United Kingdom,8,8,7,5,0,18.5,0,1,1,Active Paid,0,29.0
USR-001625,2025-08-16,2026-09-26,Pro,Paid Search,France,6,6,2,1,0,9.9,1,1,1,Active Paid,0,29.0
USR-001626,2024-10-05,2026-09-23,Pro,Paid Search,United States,8,6,5,2,1,19.4,0,1,1,Active Paid,0,29.0
USR-001627,2025-07-29,2026-09-25,Free,Content,Other,5,5,1,0,0,15.2,0,1,1,Free,0,0.0
USR-001628,2025-07-24,2026-09-22,Pro,Organic Search,Australia,10,8,5,2,1,10.4,0,0,1,Active Paid,0,29.0
USR-001629,2025-12-12,2026-09-26,Free,Referral,Canada,10,9,4,1,1,17.8,0,1,1,Free,0,0.0
USR-001630,2026-06-17,2026-09-26,Pro,Paid Search,United Kingdom,7,7,4,4,3,21.1,1,1,1,Active Paid,0,29.0
USR-001631,2025-08-02,2026-09-23,Free,Organic Search,Germany,8,8,3,2,0,17.6,0,0,0,Free,0,0.0
USR-001632,2024-12-13,2026-09-26,Pro,Referral,France,6,6,6,3,3,16.7,0,1,1,Active Paid,0,29.0
USR-001633,2026-07-12,2026-09-24,Pro,Paid Search,United States,10,10,8,5,2,14.3,1,1,1,Active Paid,0,29.0
USR-001634,2024-12-25,2026-09-28,Free,Content,Other,6,6,5,1,2,14.3,0,1,0,Free,0,0.0
USR-001635,2025-11-23,2026-09-23,Free,Content,Canada,5,5,0,0,0,13.7,0,1,0,Free,0,0.0
USR-001636,2025-08-28,2026-09-24,Pro,Content,Other,12,12,12,5,1,10.8,1,1,1,Active Paid,0,29.0
USR-001637,2026-05-20,2026-09-24,Free,Paid Search,Other,10,10,7,2,0,20.5,0,1,1,Free,0,0.0
USR-001638,2025-06-28,2026-09-24,Free,Organic Search,United States,6,6,4,0,2,13.9,0,1,0,Free,0,0.0
USR-001639,2026-05-08,2026-09-22,Free,Content,United Kingdom,4,4,3,0,0,18.2,0,1,0,Free,0,0.0
USR-001640,2026-03-04,2026-09-28,Team,Social,Canada,10,10,10,3,4,13.6,0,1,1,Active Paid,0,89.0
USR-001641,2025-04-18,2026-09-26,Pro,Referral,Canada,9,9,6,4,4,17.9,1,1,1,Active Paid,0,29.0
USR-001642,2026-08-10,2026-09-24,Free,Content,Australia,6,6,4,3,0,12.0,0,1,1,Free,0,0.0
USR-001643,2025-10-31,2026-09-25,Team,Paid Search,United States,12,11,6,5,6,7.8,0,1,1,Active Paid,0,89.0
USR-001644,2025-07-17,2026-09-22,Free,Organic Search,Germany,6,6,5,1,1,15.7,0,0,1,Free,0,0.0
USR-001645,2026-06-13,2026-08-29,Free,Referral,Other,7,7,3,1,2,20.9,0,1,1,Churned,1,0.0
USR-001646,2026-02-17,2026-07-16,Free,Social,Other,0,0,1,0,0,0.0,1,0,0,Churned,1,0.0
USR-001647,2026-01-13,2026-09-17,Free,Paid Search,United States,0,0,0,0,1,0.0,0,1,0,Free,0,0.0
USR-001648,2025-05-29,2026-09-24,Free,Social,Other,5,5,7,1,1,13.8,1,1,1,Free,0,0.0
USR-001649,2024-10-17,2026-09-26,Pro,Content,United States,9,9,9,4,4,24.2,0,1,1,Active Paid,0,29.0
USR-001650,2025-01-26,2026-09-25,Free,Paid Search,Canada,3,3,3,2,0,11.0,1,1,0,Free,0,0.0
USR-001651,2026-05-03,2026-09-26,Pro,Organic Search,United States,10,10,14,5,2,13.6,0,1,1,Active Paid,0,29.0
USR-001652,2026-09-03,2026-09-25,Free,Referral,Germany,9,9,10,0,3,16.8,0,1,1,Free,0,0.0
USR-001653,2026-08-09,2026-09-21,Free,Content,United States,10,10,7,4,2,11.7,0,1,1,Free,0,0.0
USR-001654,2025-07-17,2026-09-19,Free,Partnership,United States,7,5,0,0,0,8.2,0,0,0,Free,0,0.0
USR-001655,2026-05-27,2026-09-25,Free,Organic Search,United States,14,9,9,1,4,22.1,0,1,0,Free,0,0.0
USR-001656,2026-04-03,2026-09-23,Pro,Content,Other,7,7,7,0,1,11.9,0,1,1,Active Paid,0,29.0
USR-001657,2025-01-18,2026-09-20,Free,Referral,Germany,1,1,0,0,0,14.0,0,0,0,Free,0,0.0
USR-001658,2024-12-30,2026-09-25,Free,Referral,France,8,8,7,0,0,12.3,0,1,1,Free,0,0.0
USR-001659,2025-01-24,2026-09-21,Free,Paid Search,France,7,7,1,1,0,13.0,0,1,1,Free,0,0.0
USR-001660,2026-03-18,2026-09-23,Pro,Organic Search,United Kingdom,8,8,11,4,1,19.4,1,1,1,Active Paid,0,29.0
USR-001661,2025-06-29,2026-09-22,Free,Social,United States,8,8,11,4,0,15.9,0,1,1,Free,0,0.0
USR-001662,2025-07-06,2026-09-17,Pro,Paid Search,United States,6,6,0,0,1,9.5,1,1,1,Active Paid,0,29.0
USR-001663,2026-05-06,2026-09-19,Free,Paid Search,United Kingdom,5,4,0,0,1,15.2,0,0,0,Free,0,0.0
USR-001664,2025-08-16,2026-09-25,Free,Partnership,Other,7,7,5,3,0,16.5,0,0,1,Free,0,0.0
USR-001665,2025-09-05,2026-09-23,Pro,Organic Search,United States,8,8,3,4,3,8.7,1,1,1,Active Paid,0,29.0
USR-001666,2025-12-06,2026-08-05,Free,Partnership,France,0,0,0,0,0,0.0,1,0,0,Churned,1,0.0
USR-001667,2025-03-27,2026-09-21,Free,Social,Australia,0,0,0,0,0,0.0,0,0,0,Free,0,0.0
USR-001668,2025-05-19,2026-09-25,Team,Content,Other,14,12,9,6,7,17.5,0,1,1,Active Paid,0,89.0
USR-001669,2025-08-31,2026-09-22,Free,Paid Search,United States,9,9,8,0,1,15.6,0,1,0,Free,0,0.0
USR-001670,2025-04-15,2026-09-26,Free,Referral,Other,9,5,0,1,2,9.4,0,1,0,Free,0,0.0
USR-001671,2025-03-19,2026-09-23,Free,Social,Germany,0,0,0,0,0,0.0,0,1,1,Free,0,0.0
USR-001672,2025-08-06,2026-09-28,Free,Partnership,Canada,7,7,1,0,0,12.8,0,0,0,Free,0,0.0
USR-001673,2026-03-08,2026-09-22,Pro,Organic Search,Australia,8,8,7,4,2,11.4,0,0,1,Active Paid,0,29.0
USR-001674,2025-03-22,2026-08-23,Free,Organic Search,United States,6,6,4,1,1,15.2,0,0,0,Churned,1,0.0
USR-001675,2025-04-20,2026-08-03,Team,Partnership,Australia,8,8,11,2,5,10.2,1,1,1,Churned,1,0.0
USR-001676,2024-10-12,2026-09-26,Pro,Organic Search,Germany,13,12,6,8,2,16.2,0,1,1,Active Paid,0,29.0
USR-001677,2026-05-31,2026-09-25,Team,Referral,Australia,11,11,8,7,6,22.3,0,1,1,Active Paid,0,89.0
USR-001678,2025-11-20,2026-09-24,Pro,Organic Search,Other,6,3,1,1,0,9.4,0,1,1,Active Paid,0,29.0
USR-001679,2024-11-24,2026-09-29,Team,Organic Search,Germany,11,10,12,10,11,19.1,0,1,1,Active Paid,0,89.0
USR-001680,2025-09-13,2026-09-25,Pro,Social,United States,8,8,7,2,2,12.2,0,1,1,Active Paid,0,29.0
USR-001681,2024-11-11,2026-08-20,Free,Social,United States,1,1,3,0,0,6.2,0,0,0,Churned,1,0.0
USR-001682,2026-09-07,2026-09-17,Free,Social,Other,5,5,0,1,0,14.3,0,1,0,Free,0,0.0
USR-001683,2026-08-21,2026-09-25,Pro,Social,Germany,8,8,7,4,3,16.7,1,1,1,Active Paid,0,29.0
USR-001684,2025-02-23,2026-09-27,Free,Referral,Other,7,7,7,3,1,17.3,0,1,0,Free,0,0.0
USR-001685,2026-01-02,2026-09-26,Pro,Partnership,United Kingdom,19,12,27,9,10,21.3,1,1,1,Active Paid,0,29.0
USR-001686,2025-09-09,2026-08-07,Free,Paid Search,Canada,5,5,5,0,1,11.7,0,1,0,Churned,1,0.0
USR-001687,2025-11-13,2026-09-24,Pro,Paid Search,Other,9,9,7,5,1,11.9,2,1,1,Active Paid,0,29.0
USR-001688,2025-11-28,2026-08-25,Free,Paid Search,Australia,5,3,1,0,1,11.3,0,1,1,Churned,1,0.0
USR-001689,2024-11-13,2026-09-27,Team,Referral,United Kingdom,10,10,13,3,4,24.2,2,1,1,Active Paid,0,89.0
USR-001690,2026-07-10,2026-07-26,Free,Paid Search,United States,1,1,1,0,0,11.7,0,1,0,Churned,1,0.0
USR-001691,2025-03-12,2026-09-23,Free,Referral,Other,4,4,2,0,0,5.8,0,0,0,Free,0,0.0
USR-001692,2024-12-18,2026-09-26,Pro,Paid Search,Australia,17,17,17,11,3,31.7,0,1,1,Active Paid,0,29.0
USR-001693,2025-06-02,2026-09-26,Pro,Social,United Kingdom,3,3,1,1,0,8.6,0,1,1,Active Paid,0,29.0
USR-001694,2025-12-07,2026-09-19,Pro,Content,Canada,6,6,2,1,0,4.9,0,1,1,Active Paid,0,29.0
USR-001695,2026-05-24,2026-09-26,Team,Social,United States,12,12,13,5,4,25.3,0,1,1,Active Paid,0,89.0
USR-001696,2025-05-15,2026-08-01,Free,Social,United Kingdom,0,0,0,0,0,0.0,0,0,0,Churned,1,0.0
USR-001697,2025-10-15,2026-09-25,Pro,Paid Search,United States,10,10,8,5,4,15.6,0,1,1,Active Paid,0,29.0
USR-001698,2026-06-01,2026-08-29,Free,Social,United States,4,3,0,1,0,15.2,1,1,1,Churned,1,0.0
USR-001699,2026-01-01,2026-09-26,Free,Paid Search,Other,3,3,3,0,0,19.1,0,1,0,Free,0,0.0
USR-001700,2024-10-28,2026-09-25,Free,Content,United Kingdom,6,6,5,2,2,16.1,0,1,0,Free,0,0.0
USR-001701,2026-03-10,2026-09-24,Free,Paid Search,Australia,1,1,0,0,0,13.6,0,1,0,Free,0,0.0
USR-001702,2026-05-11,2026-09-26,Pro,Organic Search,Canada,4,4,2,1,1,23.6,0,1,1,Active Paid,0,29.0
USR-001703,2025-05-16,2026-09-18,Pro,Organic Search,United States,1,1,0,1,0,10.8,1,0,1,Active Paid,0,29.0
USR-001704,2026-04-26,2026-09-25,Free,Social,United Kingdom,6,2,0,0,0,10.9,1,0,1,Free,0,0.0
USR-001705,2024-11-27,2026-09-28,Team,Content,United States,10,10,10,7,3,16.9,0,1,1,Active Paid,0,89.0
USR-001706,2025-01-09,2026-09-24,Free,Paid Search,France,3,3,1,0,1,6.7,0,0,0,Free,0,0.0
USR-001707,2024-10-12,2026-09-28,Free,Paid Search,Other,3,3,0,0,1,18.2,0,1,0,Free,0,0.0
USR-001708,2024-12-02,2026-09-22,Pro,Paid Search,Australia,17,16,17,4,5,24.5,0,1,1,Active Paid,0,29.0
USR-001709,2026-03-25,2026-09-26,Free,Partnership,Australia,13,13,24,7,6,22.0,1,1,1,Free,0,0.0
USR-001710,2026-04-17,2026-08-03,Free,Content,Other,9,8,10,1,0,17.6,0,1,1,Churned,1,0.0
USR-001711,2026-01-14,2026-09-26,Pro,Organic Search,Australia,11,11,10,12,2,15.4,0,1,1,Active Paid,0,29.0
USR-001712,2025-10-15,2026-09-23,Free,Social,Canada,3,3,0,0,1,13.4,0,0,0,Free,0,0.0
USR-001713,2024-12-25,2026-09-23,Free,Content,France,9,9,1,3,0,16.1,0,1,0,Free,0,0.0
USR-001714,2025-04-09,2026-09-28,Pro,Referral,United Kingdom,8,8,8,0,0,23.7,0,1,1,Active Paid,0,29.0
USR-001715,2025-06-12,2026-09-17,Free,Social,United States,1,1,0,0,0,6.4,0,1,0,Free,0,0.0
USR-001716,2024-12-26,2026-09-29,Pro,Referral,France,15,15,13,11,4,17.3,0,1,1,Active Paid,0,29.0
USR-001717,2025-06-11,2026-09-24,Pro,Social,France,2,2,0,1,1,11.9,1,1,1,Active Paid,0,29.0
USR-001718,2025-12-18,2026-09-20,Free,Organic Search,United States,1,1,0,0,0,14.0,0,1,1,Free,0,0.0
USR-001719,2025-11-24,2026-09-23,Free,Organic Search,Other,1,1,0,0,0,18.8,0,1,1,Free,0,0.0
USR-001720,2025-09-11,2026-09-24,Free,Paid Search,United States,7,7,1,5,1,18.2,0,1,1,Free,0,0.0
USR-001721,2026-07-14,2026-09-24,Pro,Organic Search,France,18,15,19,13,7,20.4,0,1,1,Active Paid,0,29.0
USR-001722,2025-04-03,2026-07-14,Free,Paid Search,Other,5,3,0,0,0,12.5,0,0,0,Churned,1,0.0
USR-001723,2025-06-06,2026-07-03,Team,Content,United States,4,4,5,0,1,15.9,0,0,1,Churned,1,0.0
USR-001724,2025-04-11,2026-08-21,Free,Content,Other,7,7,4,2,2,15.4,1,1,1,Churned,1,0.0
USR-001725,2025-08-30,2026-09-24,Pro,Organic Search,Australia,8,8,9,2,1,20.2,1,1,1,Active Paid,0,29.0
USR-001726,2025-03-05,2026-09-13,Free,Organic Search,France,3,3,4,0,0,3.3,2,1,0,Churned,1,0.0
USR-001727,2024-11-05,2026-08-12,Free,Referral,Other,0,0,0,0,0,0.0,0,1,0,Churned,1,0.0
USR-001728,2025-08-04,2026-09-25,Free,Social,Germany,9,9,5,1,1,12.9,0,0,0,Free,0,0.0
USR-001729,2025-11-02,2026-09-22,Pro,Organic Search,Canada,11,11,13,5,5,14.7,0,1,1,Active Paid,0,29.0
USR-001730,2026-07-03,2026-09-20,Team,Content,France,12,12,5,3,9,12.8,3,0,1,Active Paid,0,89.0
USR-001731,2025-03-08,2026-09-11,Free,Organic Search,United Kingdom,9,9,5,1,1,9.0,0,1,0,Churned,1,0.0
USR-001732,2024-12-08,2026-09-27,Free,Organic Search,United Kingdom,9,9,5,1,2,19.7,0,1,0,Free,0,0.0
USR-001733,2025-05-03,2026-09-16,Free,Referral,United States,12,12,9,1,5,25.2,0,1,0,Free,0,0.0
USR-001734,2025-01-05,2026-08-23,Free,Social,United Kingdom,3,3,2,0,1,11.6,0,0,0,Churned,1,0.0
USR-001735,2025-01-08,2026-09-21,Team,Paid Search,Australia,10,10,10,0,7,22.9,0,1,1,Active Paid,0,89.0
USR-001736,2025-02-22,2026-09-26,Team,Referral,Other,9,8,4,3,1,11.6,0,0,1,Active Paid,0,89.0
USR-001737,2025-09-21,2026-09-24,Team,Content,Other,6,6,3,1,5,19.9,0,1,1,Active Paid,0,89.0
USR-001738,2026-07-06,2026-09-25,Free,Organic Search,United States,2,2,2,0,1,11.2,0,0,0,Free,0,0.0
USR-001739,2026-09-13,2026-09-23,Free,Referral,Germany,5,5,2,0,0,10.4,0,0,0,Free,0,0.0
USR-001740,2026-04-22,2026-09-24,Pro,Organic Search,Germany,9,9,7,3,3,19.1,0,1,1,Active Paid,0,29.0
USR-001741,2025-11-11,2026-09-24,Free,Social,United States,4,4,1,0,0,18.4,0,1,0,Free,0,0.0
USR-001742,2025-04-02,2026-08-25,Pro,Paid Search,Germany,3,3,1,0,0,16.6,0,0,1,Churned,1,0.0
USR-001743,2025-10-25,2026-09-23,Free,Paid Search,United Kingdom,0,0,0,0,0,0.0,0,1,1,Free,0,0.0
USR-001744,2026-08-30,2026-09-20,Free,Organic Search,Other,1,1,0,0,0,6.0,0,0,0,Free,0,0.0
USR-001745,2026-04-18,2026-09-24,Pro,Content,United States,0,0,0,0,0,0.0,1,0,1,Active Paid,0,29.0
USR-001746,2024-10-15,2026-09-20,Free,Paid Search,Australia,0,0,1,0,0,0.0,0,0,0,Free,0,0.0
USR-001747,2024-10-09,2026-09-28,Team,Content,Other,16,16,12,12,16,27.7,0,1,1,Active Paid,0,89.0
USR-001748,2025-12-20,2026-08-20,Free,Paid Search,France,5,5,0,0,1,17.7,0,1,0,Churned,1,0.0
USR-001749,2025-02-17,2026-09-22,Free,Content,United States,10,10,8,0,3,8.1,1,1,0,Free,0,0.0
USR-001750,2025-04-19,2026-09-25,Free,Social,United States,7,7,6,0,1,13.5,0,1,0,Free,0,0.0
USR-001751,2024-11-19,2026-09-23,Free,Paid Search,Other,0,0,0,0,0,0.0,0,0,0,Free,0,0.0
USR-001752,2024-12-20,2026-07-10,Free,Referral,United States,4,4,0,0,0,9.2,0,0,1,Churned,1,0.0
USR-001753,2025-06-23,2026-09-26,Free,Content,United States,4,4,5,2,1,24.2,0,1,0,Free,0,0.0
USR-001754,2025-12-07,2026-09-22,Pro,Social,Other,8,8,9,6,4,18.8,1,1,1,Active Paid,0,29.0
USR-001755,2025-06-24,2026-09-16,Team,Paid Search,Australia,3,3,1,0,0,8.9,0,0,1,Active Paid,0,89.0
USR-001756,2026-01-30,2026-09-16,Free,Social,France,2,2,0,0,0,7.4,0,0,0,Free,0,0.0
USR-001757,2026-01-10,2026-09-18,Free,Social,United States,4,3,0,0,0,11.4,0,0,0,Free,0,0.0
USR-001758,2025-07-07,2026-09-26,Free,Paid Search,Canada,4,4,1,1,1,12.8,0,1,0,Free,0,0.0
USR-001759,2025-08-03,2026-09-24,Pro,Referral,Other,4,4,3,1,3,14.3,0,1,1,Active Paid,0,29.0
USR-001760,2025-07-27,2026-09-19,Pro,Paid Search,United Kingdom,13,13,15,8,5,20.1,0,1,1,Active Paid,0,29.0
USR-001761,2025-12-14,2026-09-25,Free,Social,United States,5,5,3,0,0,12.0,0,1,0,Free,0,0.0
USR-001762,2025-11-27,2026-09-24,Free,Social,United States,7,7,3,1,1,13.1,0,0,0,Free,0,0.0
USR-001763,2026-09-08,2026-09-08,Free,Partnership,Germany,5,5,2,1,1,10.4,0,0,0,Churned,1,0.0
USR-001764,2025-07-12,2026-08-08,Free,Paid Search,United States,0,0,0,0,0,0.0,0,1,1,Churned,1,0.0
USR-001765,2025-07-31,2026-09-19,Free,Organic Search,Other,5,5,4,0,2,17.7,0,0,0,Free,0,0.0
USR-001766,2024-11-16,2026-09-26,Team,Organic Search,United States,9,9,3,3,2,16.8,0,0,1,Active Paid,0,89.0
USR-001767,2025-09-20,2026-09-23,Free,Referral,United States,5,5,2,0,0,15.1,0,1,0,Free,0,0.0
USR-001768,2025-10-16,2026-09-21,Free,Paid Search,Other,4,4,1,1,1,10.3,1,1,0,Free,0,0.0
USR-001769,2026-07-29,2026-08-15,Free,Paid Search,Other,5,5,2,1,2,13.7,1,1,0,Churned,1,0.0
USR-001770,2026-04-28,2026-09-26,Pro,Organic Search,France,4,4,4,2,0,16.5,0,1,1,Active Paid,0,29.0
USR-001771,2026-01-17,2026-08-31,Free,Content,Other,1,1,0,0,0,10.3,1,0,0,Churned,1,0.0
USR-001772,2025-12-20,2026-07-14,Free,Paid Search,United States,3,3,2,2,0,16.0,0,1,1,Churned,1,0.0
USR-001773,2025-12-30,2026-09-23,Free,Social,Canada,5,4,2,1,1,9.3,0,1,1,Free,0,0.0
USR-001774,2025-12-08,2026-09-25,Pro,Organic Search,United States,5,5,5,3,1,19.9,0,1,1,Active Paid,0,29.0
USR-001775,2025-03-15,2026-09-22,Free,Organic Search,Canada,4,4,2,1,0,13.8,1,1,0,Free,0,0.0
USR-001776,2026-06-14,2026-09-24,Team,Organic Search,Australia,9,9,11,7,5,17.1,1,1,1,Active Paid,0,89.0
USR-001777,2026-01-21,2026-09-28,Free,Paid Search,Other,8,8,11,2,4,16.7,0,1,1,Free,0,0.0
USR-001778,2026-05-22,2026-09-25,Free,Social,United States,6,6,3,2,3,14.5,0,1,1,Free,0,0.0
USR-001779,2026-02-07,2026-09-26,Team,Organic Search,United Kingdom,13,13,21,17,7,19.9,1,1,1,Active Paid,0,89.0
USR-001780,2025-05-14,2026-07-03,Pro,Paid Search,Other,6,6,3,3,1,9.3,0,0,1,Churned,1,0.0
USR-001781,2026-08-13,2026-09-24,Free,Organic Search,Germany,10,9,9,1,0,14.7,0,1,1,Free,0,0.0
USR-001782,2026-01-16,2026-07-02,Pro,Paid Search,United States,8,8,2,4,4,14.3,0,1,1,Churned,1,0.0
USR-001783,2026-08-30,2026-09-26,Free,Organic Search,United Kingdom,6,6,7,1,0,14.9,0,1,0,Free,0,0.0
USR-001784,2024-11-02,2026-09-04,Free,Organic Search,United Kingdom,4,4,1,0,0,14.5,0,0,0,Churned,1,0.0
USR-001785,2025-04-14,2026-09-23,Pro,Organic Search,United Kingdom,9,9,2,3,0,11.4,1,1,1,Active Paid,0,29.0
USR-001786,2026-03-25,2026-09-23,Pro,Referral,United Kingdom,18,16,14,11,6,26.2,0,1,1,Active Paid,0,29.0
USR-001787,2026-04-27,2026-09-22,Free,Partnership,Canada,1,1,0,0,0,12.9,0,1,0,Free,0,0.0
USR-001788,2026-07-07,2026-09-22,Pro,Referral,Canada,7,7,7,3,1,19.9,0,1,1,Active Paid,0,29.0
USR-001789,2025-10-12,2026-09-22,Free,Organic Search,Canada,0,0,0,0,0,0.0,0,0,1,Free,0,0.0
USR-001790,2025-03-26,2026-07-17,Free,Partnership,United States,3,3,0,1,0,17.7,0,0,0,Churned,1,0.0
USR-001791,2025-07-25,2026-08-06,Team,Partnership,United States,8,8,6,3,2,13.0,0,1,1,Churned,1,0.0
USR-001792,2024-12-25,2026-09-24,Free,Social,United Kingdom,7,7,5,0,0,8.5,0,0,0,Free,0,0.0
USR-001793,2026-01-13,2026-09-29,Pro,Organic Search,Other,16,16,15,8,5,13.2,0,1,1,Active Paid,0,29.0
USR-001794,2026-03-01,2026-09-24,Pro,Referral,Australia,10,10,6,5,1,21.6,0,1,1,Active Paid,0,29.0
USR-001795,2025-10-09,2026-09-24,Free,Partnership,United States,0,0,0,0,0,0.0,1,1,0,Free,0,0.0
USR-001796,2026-04-24,2026-09-24,Free,Referral,Canada,6,6,5,1,1,22.4,0,1,0,Free,0,0.0
USR-001797,2024-10-18,2026-09-23,Team,Referral,Germany,12,11,7,3,3,13.8,0,0,1,Active Paid,0,89.0
USR-001798,2026-05-06,2026-09-25,Pro,Social,Canada,11,10,14,5,1,13.1,1,1,1,Active Paid,0,29.0
USR-001799,2025-10-08,2026-09-25,Pro,Partnership,France,15,6,10,4,2,11.0,1,1,1,Active Paid,0,29.0
USR-001800,2025-09-07,2026-09-22,Free,Organic Search,Other,3,3,0,0,0,21.0,0,0,0,Free,0,0.0
USR-001801,2026-08-06,2026-09-23,Free,Organic Search,United States,5,5,0,0,2,17.3,0,1,1,Free,0,0.0
USR-001802,2025-10-16,2026-09-20,Free,Content,Canada,5,5,3,0,0,8.9,0,1,0,Free,0,0.0
USR-001803,2025-10-25,2026-09-21,Free,Organic Search,Canada,11,10,5,1,2,12.7,0,1,0,Free,0,0.0
USR-001804,2026-03-14,2026-09-21,Free,Paid Search,Canada,3,3,1,0,0,10.3,0,0,0,Free,0,0.0
USR-001805,2026-06-16,2026-09-23,Pro,Paid Search,United States,3,3,0,0,0,5.5,1,1,1,Active Paid,0,29.0
USR-001806,2026-08-14,2026-09-27,Team,Organic Search,Germany,17,11,16,2,11,16.2,0,1,1,Active Paid,0,89.0
USR-001807,2026-09-09,2026-09-20,Free,Organic Search,United States,6,6,2,1,1,17.1,0,1,0,Free,0,0.0
USR-001808,2025-10-06,2026-09-26,Free,Social,France,12,12,5,3,1,16.2,1,1,0,Free,0,0.0
USR-001809,2026-07-13,2026-09-23,Pro,Paid Search,Germany,7,7,1,4,2,13.2,1,1,1,Active Paid,0,29.0
USR-001810,2024-10-30,2026-09-24,Free,Social,United Kingdom,4,4,2,1,0,12.4,1,1,0,Free,0,0.0
USR-001811,2026-03-25,2026-09-27,Team,Paid Search,Other,10,10,4,3,3,14.2,0,1,1,Active Paid,0,89.0
USR-001812,2025-06-06,2026-09-25,Free,Partnership,Australia,0,0,0,0,0,0.0,1,1,0,Free,0,0.0
USR-001813,2025-05-22,2026-09-23,Free,Social,Canada,2,2,2,0,0,16.9,0,1,1,Free,0,0.0
USR-001814,2025-09-26,2026-09-18,Free,Partnership,Other,4,4,2,1,0,10.4,0,1,0,Free,0,0.0
USR-001815,2024-12-23,2026-09-25,Team,Paid Search,Australia,0,0,1,0,0,0.0,0,0,1,Active Paid,0,89.0
USR-001816,2026-06-28,2026-09-23,Free,Organic Search,United States,1,1,0,0,0,10.8,1,0,1,Free,0,0.0
USR-001817,2026-04-01,2026-09-24,Pro,Content,Germany,8,8,2,2,2,23.0,2,1,1,Active Paid,0,29.0
USR-001818,2026-03-19,2026-07-16,Free,Content,Germany,0,0,0,0,0,0.0,0,0,0,Churned,1,0.0
USR-001819,2026-06-11,2026-09-19,Free,Organic Search,Germany,7,5,5,1,2,14.3,0,1,0,Free,0,0.0
USR-001820,2026-02-17,2026-09-22,Team,Referral,Other,13,13,8,2,9,17.2,0,0,1,Active Paid,0,89.0
USR-001821,2026-02-04,2026-09-19,Free,Referral,Canada,3,3,5,0,0,12.0,1,0,0,Free,0,0.0
USR-001822,2025-03-18,2026-09-22,Free,Organic Search,United States,8,8,8,1,0,10.1,0,1,1,Free,0,0.0
USR-001823,2026-02-12,2026-09-23,Free,Social,Canada,8,5,1,0,1,10.8,0,1,0,Free,0,0.0
USR-001824,2024-12-28,2026-09-22,Pro,Organic Search,Australia,3,3,3,3,0,9.0,1,1,1,Active Paid,0,29.0
USR-001825,2025-03-12,2026-09-20,Free,Organic Search,United Kingdom,9,9,4,2,2,12.9,1,1,1,Free,0,0.0
USR-001826,2024-12-10,2026-09-19,Free,Content,United States,3,3,2,1,1,12.1,0,1,1,Free,0,0.0
USR-001827,2026-07-02,2026-07-14,Team,Social,United States,13,10,13,6,11,22.1,0,1,1,Churned,1,0.0
USR-001828,2024-10-12,2026-09-29,Pro,Content,France,21,16,32,9,12,19.8,0,1,1,Active Paid,0,29.0
USR-001829,2025-07-04,2026-09-27,Pro,Referral,United States,10,10,8,3,1,13.6,3,0,1,Active Paid,0,29.0
USR-001830,2024-10-13,2026-09-17,Pro,Partnership,United Kingdom,0,0,0,0,0,0.0,0,0,1,Active Paid,0,29.0
USR-001831,2026-01-05,2026-09-29,Pro,Paid Search,United States,3,3,3,3,0,15.2,0,1,1,Active Paid,0,29.0
USR-001832,2024-11-03,2026-09-02,Free,Paid Search,Canada,8,7,4,2,0,9.7,0,0,0,Churned,1,0.0
USR-001833,2025-07-22,2026-09-24,Free,Paid Search,United States,8,8,2,0,0,15.1,0,0,0,Free,0,0.0
USR-001834,2026-07-26,2026-09-27,Pro,Referral,United States,12,12,8,4,4,18.6,0,1,1,Active Paid,0,29.0
USR-001835,2025-11-26,2026-08-15,Pro,Social,France,5,5,0,0,0,2.0,0,0,1,Churned,1,0.0
USR-001836,2026-06-09,2026-09-23,Team,Referral,United States,10,10,11,5,4,17.9,0,1,1,Active Paid,0,89.0
USR-001837,2024-11-11,2026-09-26,Pro,Paid Search,United States,14,9,10,4,4,13.4,0,1,1,Active Paid,0,29.0
USR-001838,2026-02-10,2026-09-23,Free,Organic Search,Germany,1,1,1,0,0,7.8,0,1,0,Free,0,0.0
USR-001839,2026-04-10,2026-07-31,Free,Content,United States,0,0,0,0,0,0.0,0,1,1,Churned,1,0.0
USR-001840,2025-08-16,2026-09-26,Pro,Content,United States,5,5,4,1,1,9.4,1,1,1,Active Paid,0,29.0
USR-001841,2025-11-16,2026-08-17,Free,Paid Search,United Kingdom,0,0,0,0,0,0.0,0,0,0,Churned,1,0.0
USR-001842,2026-07-08,2026-09-24,Pro,Referral,United Kingdom,15,14,13,7,2,17.5,0,1,1,Active Paid,0,29.0
USR-001843,2025-02-09,2026-09-23,Pro,Social,Canada,9,9,5,1,2,11.7,0,1,1,Active Paid,0,29.0
USR-001844,2025-01-19,2026-07-09,Free,Referral,Other,3,3,2,1,0,13.5,0,1,1,Churned,1,0.0
USR-001845,2025-04-02,2026-09-20,Pro,Paid Search,United Kingdom,13,11,16,6,2,19.0,0,1,1,Active Paid,0,29.0
USR-001846,2025-07-02,2026-09-27,Pro,Social,Germany,7,7,3,4,2,18.7,1,1,1,Active Paid,0,29.0
USR-001847,2025-12-02,2026-09-27,Team,Organic Search,Other,4,4,1,1,0,17.3,1,1,1,Active Paid,0,89.0
USR-001848,2025-08-24,2026-09-22,Free,Organic Search,Canada,4,4,0,0,0,8.5,0,1,0,Free,0,0.0
USR-001849,2025-09-08,2026-09-25,Pro,Content,Australia,8,8,4,2,2,13.6,0,0,1,Active Paid,0,29.0
USR-001850,2026-05-20,2026-09-12,Free,Paid Search,Canada,1,1,1,0,0,5.6,0,0,0,Churned,1,0.0
USR-001851,2026-07-19,2026-09-20,Free,Organic Search,Germany,10,10,6,3,3,13.5,0,1,1,Free,0,0.0
USR-001852,2026-03-18,2026-09-19,Free,Organic Search,Other,6,6,10,1,1,21.1,1,0,1,Free,0,0.0
USR-001853,2025-10-26,2026-09-28,Team,Paid Search,United States,11,11,7,5,5,14.8,0,0,1,Active Paid,0,89.0
USR-001854,2026-05-24,2026-09-21,Team,Referral,Other,11,11,7,7,7,22.3,0,1,1,Active Paid,0,89.0
USR-001855,2026-07-01,2026-07-27,Free,Paid Search,Canada,12,8,8,1,2,10.7,0,1,0,Churned,1,0.0
USR-001856,2025-01-14,2026-09-23,Free,Referral,Germany,5,5,2,0,0,18.6,0,1,0,Free,0,0.0
USR-001857,2025-12-21,2026-09-24,Free,Content,United Kingdom,3,3,3,0,0,13.1,0,1,0,Free,0,0.0
USR-001858,2025-07-25,2026-09-24,Pro,Paid Search,United States,10,4,8,2,0,18.8,0,1,1,Active Paid,0,29.0
USR-001859,2025-09-06,2026-08-02,Free,Content,United States,5,5,2,1,1,4.9,0,1,0,Churned,1,0.0
USR-001860,2025-04-08,2026-08-19,Pro,Organic Search,Other,7,7,2,1,0,10.4,0,1,1,Churned,1,0.0
USR-001861,2025-04-05,2026-09-19,Free,Paid Search,Germany,6,6,1,1,0,18.3,0,1,0,Free,0,0.0
USR-001862,2026-02-16,2026-09-28,Pro,Organic Search,Other,14,11,10,4,3,15.7,0,1,1,Active Paid,0,29.0
USR-001863,2025-01-17,2026-09-23,Free,Organic Search,United States,3,3,2,0,0,16.7,1,1,1,Free,0,0.0
USR-001864,2025-12-24,2026-09-24,Pro,Organic Search,United States,17,16,14,6,5,15.9,0,1,1,Active Paid,0,29.0
USR-001865,2025-01-26,2026-08-12,Pro,Organic Search,United Kingdom,3,3,2,1,0,12.4,0,1,1,Churned,1,0.0
USR-001866,2025-11-30,2026-09-22,Free,Content,United States,3,3,3,1,0,18.1,0,1,0,Free,0,0.0
USR-001867,2026-06-28,2026-09-20,Free,Social,Canada,1,1,0,0,0,8.5,0,1,0,Free,0,0.0
USR-001868,2025-03-21,2026-09-23,Pro,Partnership,Other,10,10,5,6,4,30.5,0,1,1,Active Paid,0,29.0
USR-001869,2026-08-25,2026-09-19,Pro,Social,Other,7,7,6,3,2,16.3,2,1,1,Active Paid,0,29.0
USR-001870,2025-03-12,2026-09-20,Free,Referral,Canada,6,6,4,1,1,16.9,0,1,0,Free,0,0.0
USR-001871,2026-08-16,2026-09-24,Free,Organic Search,United Kingdom,5,5,3,1,0,18.9,1,0,0,Free,0,0.0
USR-001872,2026-04-21,2026-09-22,Free,Social,Germany,5,4,2,0,0,12.5,0,1,1,Free,0,0.0
USR-001873,2025-07-11,2026-07-25,Pro,Paid Search,Germany,5,5,3,0,1,17.8,1,1,1,Churned,1,0.0
USR-001874,2024-11-11,2026-09-23,Pro,Partnership,France,9,9,4,2,2,21.4,1,1,1,Active Paid,0,29.0
USR-001875,2025-11-27,2026-07-16,Free,Partnership,Canada,2,2,0,0,0,12.7,0,1,0,Churned,1,0.0
USR-001876,2026-06-21,2026-08-19,Pro,Organic Search,United States,8,8,8,0,1,13.8,2,0,1,Churned,1,0.0
USR-001877,2026-04-02,2026-09-27,Pro,Referral,United States,14,14,13,2,5,22.4,1,1,1,Active Paid,0,29.0
USR-001878,2024-12-14,2026-09-25,Pro,Referral,Other,8,8,12,5,3,26.2,0,1,1,Active Paid,0,29.0
USR-001879,2025-04-14,2026-09-22,Free,Social,France,4,4,2,0,0,11.1,0,1,0,Free,0,0.0
USR-001880,2026-07-06,2026-09-20,Free,Organic Search,Other,1,1,0,0,0,18.8,0,0,0,Free,0,0.0
USR-001881,2025-12-14,2026-09-28,Free,Referral,United Kingdom,4,4,1,2,0,9.6,0,1,0,Free,0,0.0
USR-001882,2026-03-10,2026-09-23,Free,Content,Canada,9,9,7,4,2,15.5,1,1,0,Free,0,0.0
USR-001883,2026-05-11,2026-09-18,Free,Paid Search,United Kingdom,3,2,1,0,0,5.0,0,0,0,Free,0,0.0
USR-001884,2025-01-18,2026-09-17,Free,Social,Other,5,4,2,1,0,5.7,1,1,1,Free,0,0.0
USR-001885,2025-07-01,2026-09-26,Free,Organic Search,United States,4,4,3,0,0,12.4,2,0,1,Free,0,0.0
USR-001886,2026-05-10,2026-09-21,Pro,Partnership,France,3,3,5,3,0,17.1,1,0,1,Active Paid,0,29.0
USR-001887,2025-06-07,2026-09-20,Free,Organic Search,United States,5,5,3,0,4,14.2,0,1,0,Free,0,0.0
USR-001888,2025-11-24,2026-09-23,Pro,Organic Search,United States,6,6,3,2,1,22.6,0,1,1,Active Paid,0,29.0
USR-001889,2026-08-03,2026-09-23,Free,Paid Search,United States,13,11,13,2,2,11.2,0,1,0,Free,0,0.0
USR-001890,2025-10-29,2026-09-04,Pro,Content,Canada,3,3,1,0,0,12.9,0,0,1,Churned,1,0.0
USR-001891,2026-05-06,2026-07-25,Free,Referral,Other,8,8,5,2,2,12.9,0,1,1,Churned,1,0.0
USR-001892,2026-03-24,2026-09-25,Pro,Organic Search,Other,6,6,4,1,4,14.0,2,1,1,Active Paid,0,29.0
USR-001893,2024-12-26,2026-09-29,Pro,Organic Search,Germany,13,13,9,4,2,16.3,0,1,1,Active Paid,0,29.0
USR-001894,2025-04-26,2026-09-23,Free,Referral,Canada,3,3,2,0,1,15.0,1,1,1,Free,0,0.0
USR-001895,2026-06-12,2026-08-27,Pro,Paid Search,Australia,8,8,2,0,1,15.4,0,1,1,Churned,1,0.0
USR-001896,2025-01-15,2026-08-03,Free,Organic Search,United States,6,6,3,2,2,10.3,0,0,0,Churned,1,0.0
USR-001897,2025-08-01,2026-09-23,Pro,Partnership,Australia,1,1,0,1,0,20.3,2,1,1,Active Paid,0,29.0
USR-001898,2024-12-29,2026-09-29,Free,Organic Search,France,10,8,4,3,0,20.7,3,1,0,Free,0,0.0
USR-001899,2025-03-30,2026-09-16,Free,Social,Canada,0,0,0,0,0,0.0,0,1,0,Free,0,0.0
USR-001900,2026-01-16,2026-09-25,Free,Organic Search,United States,6,6,2,1,3,14.1,0,1,0,Free,0,0.0
USR-001901,2025-08-29,2026-09-24,Team,Referral,United States,12,7,8,6,6,15.5,0,1,1,Active Paid,0,89.0
USR-001902,2025-09-01,2026-09-25,Free,Referral,United Kingdom,6,6,6,2,0,18.8,0,1,0,Free,0,0.0
USR-001903,2025-04-19,2026-09-20,Pro,Paid Search,Other,8,8,2,1,3,10.0,0,0,1,Active Paid,0,29.0
USR-001904,2026-03-22,2026-09-22,Free,Referral,Germany,10,10,9,3,1,18.9,0,1,1,Free,0,0.0
USR-001905,2026-01-20,2026-07-10,Free,Content,Canada,9,9,3,1,1,11.5,1,1,0,Churned,1,0.0
USR-001906,2026-03-24,2026-08-27,Free,Content,Canada,9,9,9,3,2,17.0,0,0,0,Churned,1,0.0
USR-001907,2026-02-16,2026-07-08,Team,Paid Search,Australia,0,0,0,0,0,0.0,0,1,1,Churned,1,0.0
USR-001908,2026-05-23,2026-09-22,Pro,Paid Search,United Kingdom,6,6,3,3,0,15.3,0,0,1,Active Paid,0,29.0
USR-001909,2026-08-20,2026-09-22,Free,Content,United States,4,4,6,1,0,9.2,0,1,0,Free,0,0.0
USR-001910,2024-11-12,2026-09-24,Pro,Organic Search,France,6,6,3,7,0,14.0,0,1,1,Active Paid,0,29.0
USR-001911,2026-07-24,2026-09-22,Free,Organic Search,United Kingdom,0,0,0,0,0,0.0,0,1,0,Free,0,0.0
USR-001912,2024-12-20,2026-09-22,Free,Organic Search,United Kingdom,6,6,4,1,2,15.6,0,1,0,Free,0,0.0
USR-001913,2026-09-13,2026-09-26,Free,Content,United Kingdom,4,4,2,0,0,4.1,0,0,1,Free,0,0.0
USR-001914,2025-03-09,2026-09-25,Free,Organic Search,United States,8,8,2,3,0,19.8,0,0,0,Free,0,0.0
USR-001915,2026-01-24,2026-09-21,Free,Paid Search,Other,6,6,2,1,1,18.2,1,1,1,Free,0,0.0
USR-001916,2025-09-10,2026-09-24,Pro,Referral,Other,11,11,14,2,4,14.0,0,1,1,Active Paid,0,29.0
USR-001917,2026-02-26,2026-09-21,Free,Organic Search,Other,4,4,3,0,0,12.7,1,1,1,Free,0,0.0
USR-001918,2025-09-30,2026-09-24,Team,Paid Search,Other,10,10,6,6,5,19.3,0,1,1,Active Paid,0,89.0
USR-001919,2025-10-28,2026-09-24,Pro,Social,United Kingdom,0,0,0,0,0,0.0,0,1,1,Active Paid,0,29.0
USR-001920,2025-09-02,2026-09-25,Pro,Organic Search,United Kingdom,15,15,8,7,1,16.9,1,1,1,Active Paid,0,29.0
USR-001921,2025-12-08,2026-08-30,Pro,Partnership,France,5,5,1,2,1,18.8,0,1,1,Churned,1,0.0
USR-001922,2025-08-28,2026-09-24,Pro,Organic Search,United States,4,4,3,0,0,20.0,0,1,1,Active Paid,0,29.0
USR-001923,2025-02-02,2026-08-24,Free,Content,Other,1,1,1,0,0,10.1,0,1,0,Churned,1,0.0
USR-001924,2025-11-09,2026-09-23,Free,Social,United States,8,7,3,0,1,11.2,0,1,0,Free,0,0.0
USR-001925,2025-12-31,2026-09-18,Free,Organic Search,Canada,10,10,3,2,4,16.0,0,1,0,Free,0,0.0
USR-001926,2026-06-13,2026-09-28,Team,Organic Search,Germany,8,8,7,2,2,15.2,0,1,1,Active Paid,0,89.0
USR-001927,2026-01-01,2026-08-17,Free,Social,Other,0,0,0,0,1,0.0,1,0,1,Churned,1,0.0
USR-001928,2026-06-18,2026-09-25,Pro,Paid Search,Germany,5,5,2,2,2,14.5,1,1,1,Active Paid,0,29.0
USR-001929,2026-05-08,2026-09-19,Pro,Organic Search,Germany,8,8,4,1,2,11.3,0,1,1,Active Paid,0,29.0
USR-001930,2024-11-04,2026-09-26,Free,Partnership,United States,12,7,4,0,0,7.1,0,0,0,Free,0,0.0
USR-001931,2026-07-14,2026-09-24,Pro,Social,Germany,8,7,5,2,0,21.7,0,1,1,Active Paid,0,29.0
USR-001932,2025-10-06,2026-09-18,Free,Partnership,France,6,6,1,0,0,5.3,0,1,1,Free,0,0.0
USR-001933,2025-01-27,2026-09-24,Free,Organic Search,Canada,14,14,11,11,2,18.4,0,1,0,Free,0,0.0
USR-001934,2024-11-03,2026-09-20,Pro,Organic Search,Australia,0,0,0,0,0,0.0,0,0,1,Active Paid,0,29.0
USR-001935,2026-06-03,2026-09-23,Free,Social,United States,7,7,1,1,0,19.7,1,1,1,Free,0,0.0
USR-001936,2026-05-22,2026-09-23,Free,Paid Search,United Kingdom,5,5,5,4,0,14.2,0,1,1,Free,0,0.0
USR-001937,2025-12-23,2026-09-26,Free,Organic Search,Other,11,11,11,3,0,24.3,0,1,0,Free,0,0.0
USR-001938,2025-08-15,2026-09-26,Free,Organic Search,United Kingdom,9,9,13,3,2,13.2,0,1,1,Free,0,0.0
USR-001939,2024-10-29,2026-09-24,Pro,Organic Search,Germany,9,9,4,4,3,25.2,0,0,1,Active Paid,0,29.0
USR-001940,2026-04-20,2026-09-26,Team,Referral,Canada,10,9,9,3,2,12.4,0,1,1,Active Paid,0,89.0
USR-001941,2026-05-21,2026-09-23,Free,Paid Search,Other,4,4,1,0,1,12.6,0,0,0,Free,0,0.0
USR-001942,2026-03-18,2026-09-18,Free,Partnership,United States,4,4,1,0,0,2.0,0,1,0,Free,0,0.0
USR-001943,2024-12-29,2026-08-06,Free,Organic Search,United States,0,0,1,0,0,0.0,0,1,0,Churned,1,0.0
USR-001944,2026-08-25,2026-09-25,Pro,Paid Search,Other,11,11,6,4,2,17.1,0,1,1,Active Paid,0,29.0
USR-001945,2025-12-18,2026-07-12,Pro,Paid Search,Germany,11,11,12,3,1,15.5,1,0,1,Churned,1,0.0
USR-001946,2026-06-22,2026-07-03,Free,Social,Canada,11,7,7,4,0,12.3,0,1,0,Churned,1,0.0
USR-001947,2026-05-26,2026-09-20,Free,Content,United Kingdom,3,3,1,0,1,14.9,0,1,1,Free,0,0.0
USR-001948,2024-11-29,2026-09-22,Team,Content,United Kingdom,10,10,6,5,2,15.2,0,0,1,Active Paid,0,89.0
USR-001949,2026-09-14,2026-09-24,Pro,Organic Search,Other,11,11,10,4,1,22.4,0,0,1,Active Paid,0,29.0
USR-001950,2026-01-29,2026-09-20,Free,Paid Search,France,2,2,1,0,0,10.7,0,1,0,Free,0,0.0
USR-001951,2024-11-30,2026-09-20,Pro,Content,Other,11,11,10,5,0,12.3,0,1,1,Active Paid,0,29.0
USR-001952,2025-07-08,2026-09-24,Free,Organic Search,Other,10,10,7,7,2,19.9,1,1,1,Free,0,0.0
USR-001953,2026-07-26,2026-09-27,Free,Social,Canada,4,4,2,0,0,10.4,0,0,0,Free,0,0.0
USR-001954,2025-10-18,2026-09-25,Pro,Paid Search,Germany,7,7,1,2,0,2.0,1,1,1,Active Paid,0,29.0
USR-001955,2024-10-21,2026-07-24,Free,Paid Search,Germany,7,4,3,1,1,17.8,2,1,1,Churned,1,0.0
USR-001956,2025-12-03,2026-09-22,Free,Paid Search,Australia,0,0,0,0,0,0.0,0,1,1,Free,0,0.0
USR-001957,2025-09-03,2026-09-21,Team,Paid Search,Germany,5,5,3,2,2,14.3,0,0,1,Active Paid,0,89.0
USR-001958,2025-08-31,2026-09-22,Pro,Content,United States,10,6,5,5,1,14.2,1,0,1,Active Paid,0,29.0
USR-001959,2025-05-31,2026-07-21,Free,Social,Other,3,3,0,0,0,13.1,1,0,0,Churned,1,0.0
USR-001960,2026-05-05,2026-09-22,Pro,Content,Germany,4,4,4,0,0,19.9,0,0,1,Active Paid,0,29.0
USR-001961,2025-01-23,2026-09-28,Pro,Referral,Other,7,7,4,0,1,21.7,0,1,1,Active Paid,0,29.0
USR-001962,2024-10-09,2026-09-23,Free,Paid Search,United Kingdom,6,6,5,0,0,16.6,0,1,0,Free,0,0.0
USR-001963,2026-06-06,2026-09-22,Team,Social,Canada,9,9,6,3,4,11.6,0,1,1,Active Paid,0,89.0
USR-001964,2025-02-07,2026-09-26,Pro,Paid Search,France,2,2,2,0,0,16.5,0,1,1,Active Paid,0,29.0
USR-001965,2025-02-08,2026-09-20,Free,Content,Australia,8,8,7,2,1,23.5,0,1,1,Free,0,0.0
USR-001966,2025-04-03,2026-09-23,Free,Organic Search,United States,4,4,3,0,1,14.7,1,1,0,Free,0,0.0
USR-001967,2025-12-24,2026-09-25,Pro,Partnership,United Kingdom,6,6,4,2,3,10.1,1,0,1,Active Paid,0,29.0
USR-001968,2025-10-15,2026-09-26,Team,Social,Australia,13,6,8,2,7,19.6,0,1,1,Active Paid,0,89.0
USR-001969,2025-01-23,2026-09-22,Free,Social,Other,3,3,1,1,0,10.3,0,1,1,Free,0,0.0
USR-001970,2026-05-29,2026-09-10,Free,Social,United States,0,0,0,0,0,0.0,1,0,0,Churned,1,0.0
USR-001971,2025-01-31,2026-09-20,Pro,Social,United States,16,11,15,3,4,16.8,0,1,1,Active Paid,0,29.0
USR-001972,2024-11-26,2026-09-19,Free,Referral,Canada,1,1,1,0,0,13.8,0,1,1,Free,0,0.0
USR-001973,2025-05-16,2026-09-28,Free,Referral,United States,11,11,4,4,2,15.7,0,1,1,Free,0,0.0
USR-001974,2026-01-14,2026-09-27,Team,Organic Search,United States,10,10,10,3,7,16.4,0,1,1,Active Paid,0,89.0
USR-001975,2025-08-12,2026-09-21,Pro,Social,Canada,5,5,1,0,0,14.3,1,1,1,Active Paid,0,29.0
USR-001976,2026-08-11,2026-09-26,Team,Paid Search,Germany,11,11,6,11,8,16.1,0,1,1,Active Paid,0,89.0
USR-001977,2024-11-18,2026-09-21,Pro,Referral,United Kingdom,7,7,6,1,0,8.2,0,0,1,Active Paid,0,29.0
USR-001978,2026-01-14,2026-09-25,Free,Social,United Kingdom,7,4,1,1,2,13.2,0,1,0,Free,0,0.0
USR-001979,2026-08-06,2026-09-24,Team,Organic Search,Other,14,12,12,9,14,16.1,0,1,1,Active Paid,0,89.0
USR-001980,2025-02-24,2026-08-09,Free,Referral,Canada,6,6,6,0,0,14.4,0,1,0,Churned,1,0.0
USR-001981,2025-06-02,2026-08-24,Free,Social,Australia,0,0,0,0,1,0.0,0,1,1,Churned,1,0.0
USR-001982,2025-06-27,2026-09-26,Team,Social,United States,5,5,3,2,4,16.5,1,0,1,Active Paid,0,89.0
USR-001983,2026-08-08,2026-09-20,Pro,Referral,Australia,9,9,9,4,2,19.3,0,1,1,Active Paid,0,29.0
USR-001984,2025-03-28,2026-09-26,Team,Referral,Australia,0,0,0,0,0,0.0,1,1,1,Active Paid,0,89.0
USR-001985,2025-06-17,2026-09-27,Free,Referral,United States,6,6,2,1,1,17.2,0,0,0,Free,0,0.0
USR-001986,2025-02-25,2026-09-21,Team,Organic Search,Germany,7,7,7,8,2,22.0,0,1,1,Active Paid,0,89.0
USR-001987,2025-02-01,2026-07-02,Pro,Organic Search,France,9,9,9,8,3,15.1,0,1,1,Churned,1,0.0
USR-001988,2026-04-17,2026-09-25,Pro,Referral,United Kingdom,5,5,3,1,0,12.5,0,0,1,Active Paid,0,29.0
USR-001989,2026-04-18,2026-09-24,Team,Organic Search,Australia,6,6,8,5,3,18.3,0,0,1,Active Paid,0,89.0
USR-001990,2024-11-24,2026-09-24,Free,Organic Search,United States,10,9,5,1,1,5.7,0,1,0,Free,0,0.0
USR-001991,2025-09-01,2026-09-12,Pro,Organic Search,Canada,0,0,0,0,0,0.0,1,1,1,Churned,1,0.0
USR-001992,2025-11-06,2026-09-26,Pro,Paid Search,Other,20,16,12,15,10,12.8,2,1,1,Active Paid,0,29.0
USR-001993,2026-02-22,2026-09-26,Pro,Partnership,United States,13,13,10,9,5,22.8,1,1,1,Active Paid,0,29.0
USR-001994,2025-06-16,2026-09-20,Team,Organic Search,United States,9,9,11,5,4,20.9,0,1,1,Active Paid,0,89.0
USR-001995,2025-03-25,2026-09-22,Pro,Paid Search,United States,7,7,5,3,1,16.2,0,1,1,Active Paid,0,29.0
USR-001996,2026-09-14,2026-09-25,Free,Partnership,Other,0,0,1,0,0,0.0,1,0,0,Free,0,0.0
USR-001997,2025-08-16,2026-09-22,Free,Partnership,United States,6,6,2,0,0,9.0,2,0,0,Free,0,0.0
USR-001998,2024-10-05,2026-09-26,Team,Organic Search,United States,13,13,11,10,9,17.0,0,1,1,Active Paid,0,89.0
USR-001999,2026-02-27,2026-09-23,Team,Content,France,7,7,2,2,7,17.9,1,0,1,Active Paid,0,89.0
USR-002000,2026-02-27,2026-09-25,Team,Organic Search,France,11,11,11,6,8,20.7,0,1,1,Active Paid,0,89.0
USR-002001,2024-12-27,2026-09-26,Free,Referral,Canada,3,3,2,0,1,11.1,0,1,1,Free,0,0.0
USR-002002,2026-08-02,2026-08-02,Free,Organic Search,Other,1,1,0,0,0,13.0,0,0,0,Churned,1,0.0
USR-002003,2025-12-05,2026-09-24,Pro,Paid Search,United States,12,12,13,8,1,23.4,1,1,1,Active Paid,0,29.0
USR-002004,2025-10-23,2026-09-24,Pro,Organic Search,Germany,12,12,4,5,2,19.6,0,1,1,Active Paid,0,29.0
USR-002005,2025-02-22,2026-08-21,Free,Referral,Germany,0,0,0,0,0,0.0,0,0,1,Churned,1,0.0
USR-002006,2026-06-15,2026-09-17,Pro,Organic Search,United Kingdom,3,3,0,1,1,16.5,0,0,1,Active Paid,0,29.0
USR-002007,2025-11-09,2026-09-22,Free,Social,Other,0,0,1,0,0,0.0,0,0,1,Free,0,0.0
USR-002008,2026-05-30,2026-09-23,Free,Referral,Canada,9,9,7,0,6,25.4,0,1,1,Free,0,0.0
USR-002009,2025-03-01,2026-09-23,Free,Organic Search,United States,8,5,1,1,0,11.5,0,1,0,Free,0,0.0
USR-002010,2025-06-20,2026-09-18,Free,Content,United States,4,4,1,0,0,16.5,0,1,1,Free,0,0.0
USR-002011,2025-09-25,2026-09-23,Free,Paid Search,United States,4,4,2,1,0,17.4,0,1,0,Free,0,0.0
USR-002012,2025-12-09,2026-09-21,Team,Organic Search,Other,10,7,5,3,2,18.4,1,0,1,Active Paid,0,89.0
USR-002013,2026-05-29,2026-09-25,Pro,Organic Search,United States,5,5,1,2,1,13.4,0,1,1,Active Paid,0,29.0
USR-002014,2024-11-25,2026-08-25,Team,Paid Search,Other,4,4,2,0,0,14.9,1,0,1,Churned,1,0.0
USR-002015,2025-06-09,2026-09-25,Free,Organic Search,United States,2,2,3,0,0,10.7,2,1,0,Free,0,0.0
USR-002016,2026-01-30,2026-09-25,Free,Social,Other,11,10,11,2,0,13.9,0,1,1,Free,0,0.0
USR-002017,2025-11-24,2026-09-25,Free,Referral,Australia,4,4,1,1,0,19.2,1,1,0,Free,0,0.0
USR-002018,2025-04-14,2026-09-18,Pro,Paid Search,United States,4,4,1,0,1,16.0,0,1,1,Active Paid,0,29.0
USR-002019,2025-04-19,2026-07-21,Free,Paid Search,United States,0,0,0,0,0,0.0,0,1,0,Churned,1,0.0
USR-002020,2025-10-21,2026-09-25,Pro,Content,Australia,8,8,5,3,4,23.1,0,0,1,Active Paid,0,29.0
USR-002021,2026-02-11,2026-09-27,Pro,Paid Search,United States,13,6,12,9,4,24.4,1,1,1,Active Paid,0,29.0
USR-002022,2025-06-01,2026-09-20,Team,Referral,United States,6,6,10,3,7,14.7,1,1,1,Active Paid,0,89.0
USR-002023,2025-06-02,2026-09-23,Free,Content,Australia,4,4,2,0,2,14.8,1,1,1,Free,0,0.0
USR-002024,2025-07-14,2026-09-21,Free,Organic Search,Other,2,2,0,0,0,8.7,0,0,0,Free,0,0.0
USR-002025,2026-07-25,2026-07-25,Free,Social,Australia,5,4,2,0,2,11.7,0,0,1,Churned,1,0.0
USR-002026,2025-10-12,2026-09-20,Free,Partnership,Other,6,6,4,0,0,16.4,0,1,0,Free,0,0.0
USR-002027,2025-07-04,2026-09-23,Pro,Social,Canada,7,7,4,2,3,16.6,0,1,1,Active Paid,0,29.0
USR-002028,2024-11-05,2026-07-15,Free,Partnership,Australia,2,2,0,0,1,6.2,0,0,0,Churned,1,0.0
USR-002029,2025-09-05,2026-09-25,Pro,Paid Search,United Kingdom,9,9,8,3,0,21.8,1,0,1,Active Paid,0,29.0
USR-002030,2026-01-13,2026-08-13,Free,Social,Australia,0,0,1,0,0,0.0,0,0,0,Churned,1,0.0
USR-002031,2025-08-14,2026-09-26,Team,Paid Search,France,5,5,2,0,3,18.6,0,1,1,Active Paid,0,89.0
USR-002032,2026-05-12,2026-08-11,Team,Organic Search,Germany,0,0,0,0,0,0.0,1,1,1,Churned,1,0.0
USR-002033,2026-07-13,2026-09-27,Free,Partnership,Other,9,9,12,1,3,20.1,0,1,1,Free,0,0.0
USR-002034,2025-05-19,2026-09-24,Pro,Organic Search,Canada,9,9,4,5,4,14.3,2,1,1,Active Paid,0,29.0
USR-002035,2024-10-10,2026-09-25,Free,Partnership,Germany,0,0,0,0,0,0.0,0,1,1,Free,0,0.0
USR-002036,2025-01-19,2026-09-27,Pro,Referral,Canada,12,12,6,4,1,22.1,0,1,1,Active Paid,0,29.0
USR-002037,2025-07-25,2026-09-26,Team,Content,United States,2,2,1,1,1,16.5,0,1,1,Active Paid,0,89.0
USR-002038,2026-08-18,2026-09-20,Pro,Partnership,United Kingdom,7,7,2,1,1,13.2,1,1,1,Active Paid,0,29.0
USR-002039,2024-10-09,2026-09-26,Pro,Social,Other,7,7,5,4,1,10.3,0,1,1,Active Paid,0,29.0
USR-002040,2025-10-29,2026-08-16,Free,Partnership,United Kingdom,5,4,1,0,0,18.0,0,0,0,Churned,1,0.0
USR-002041,2026-02-20,2026-09-26,Pro,Referral,France,5,5,4,2,1,10.5,3,1,1,Active Paid,0,29.0
USR-002042,2024-12-16,2026-09-24,Pro,Social,Canada,3,3,1,1,1,9.4,2,1,1,Active Paid,0,29.0
USR-002043,2025-03-31,2026-09-28,Free,Referral,Other,6,6,3,1,3,17.8,0,1,0,Free,0,0.0
USR-002044,2025-03-29,2026-09-25,Free,Organic Search,France,6,6,8,0,0,11.5,0,1,0,Free,0,0.0
USR-002045,2026-03-01,2026-09-24,Pro,Organic Search,United States,10,10,4,6,0,22.2,0,1,1,Active Paid,0,29.0
USR-002046,2024-10-06,2026-09-26,Pro,Paid Search,United Kingdom,12,10,10,3,1,11.2,1,0,1,Active Paid,0,29.0
USR-002047,2025-10-27,2026-08-10,Free,Paid Search,France,5,5,3,0,1,14.7,0,1,1,Churned,1,0.0
USR-002048,2025-09-01,2026-09-24,Team,Organic Search,United States,10,10,6,2,3,20.7,0,1,1,Active Paid,0,89.0
USR-002049,2025-03-28,2026-07-05,Pro,Social,Canada,3,3,1,1,0,6.5,0,0,1,Churned,1,0.0
USR-002050,2025-06-01,2026-09-11,Free,Referral,United Kingdom,6,6,6,2,1,12.4,0,1,0,Churned,1,0.0
USR-002051,2026-05-15,2026-09-20,Free,Referral,United States,9,9,5,3,3,19.2,1,1,0,Free,0,0.0
USR-002052,2026-02-11,2026-09-26,Pro,Content,Other,12,8,6,4,2,14.4,1,1,1,Active Paid,0,29.0
USR-002053,2025-12-31,2026-09-21,Pro,Partnership,Other,10,10,14,9,2,20.3,0,1,1,Active Paid,0,29.0
USR-002054,2024-11-07,2026-09-23,Pro,Content,France,12,8,10,5,2,15.7,0,1,1,Active Paid,0,29.0
USR-002055,2025-04-23,2026-09-26,Free,Referral,United States,10,9,12,1,1,17.2,0,1,1,Free,0,0.0
USR-002056,2025-12-28,2026-09-24,Pro,Organic Search,Other,8,8,5,1,1,19.1,0,1,1,Active Paid,0,29.0
USR-002057,2025-04-08,2026-09-19,Pro,Partnership,Germany,1,1,0,0,1,6.4,0,0,1,Active Paid,0,29.0
USR-002058,2025-04-05,2026-09-25,Pro,Organic Search,Other,9,9,8,2,1,15.3,0,1,1,Active Paid,0,29.0
USR-002059,2025-12-08,2026-09-22,Free,Organic Search,United States,0,0,0,0,0,0.0,0,1,1,Free,0,0.0
USR-002060,2025-12-01,2026-09-23,Pro,Paid Search,United States,9,9,10,4,1,12.8,0,0,1,Active Paid,0,29.0
USR-002061,2024-12-15,2026-09-22,Free,Social,France,5,5,0,0,0,15.9,1,1,1,Free,0,0.0
USR-002062,2025-08-10,2026-09-27,Free,Referral,Other,8,8,4,2,0,8.3,0,1,0,Free,0,0.0
USR-002063,2026-06-01,2026-09-26,Pro,Organic Search,United States,5,5,5,3,0,10.1,0,1,1,Active Paid,0,29.0
USR-002064,2025-04-19,2026-09-26,Pro,Referral,United Kingdom,16,15,16,12,4,23.5,1,1,1,Active Paid,0,29.0
USR-002065,2025-07-21,2026-09-25,Free,Organic Search,Germany,5,5,4,1,3,9.7,0,0,1,Free,0,0.0
USR-002066,2025-09-17,2026-09-21,Pro,Paid Search,Other,9,9,5,4,1,21.5,3,1,1,Active Paid,0,29.0
USR-002067,2025-04-15,2026-09-23,Free,Paid Search,Australia,0,0,0,0,0,0.0,0,1,1,Free,0,0.0
USR-002068,2024-12-06,2026-09-26,Free,Paid Search,Other,5,5,2,1,0,15.7,1,1,1,Free,0,0.0
USR-002069,2026-01-22,2026-09-25,Free,Referral,France,8,8,4,2,1,19.8,0,1,1,Free,0,0.0
USR-002070,2025-11-20,2026-09-25,Free,Organic Search,Other,5,5,1,2,0,8.0,0,1,1,Free,0,0.0
USR-002071,2026-05-03,2026-09-26,Pro,Organic Search,Canada,10,10,8,2,0,15.2,2,1,1,Active Paid,0,29.0
USR-002072,2025-06-10,2026-09-25,Pro,Organic Search,United States,12,12,12,6,2,11.6,0,1,1,Active Paid,0,29.0
USR-002073,2025-12-02,2026-09-22,Pro,Referral,France,4,4,2,0,0,11.7,0,1,1,Active Paid,0,29.0
USR-002074,2026-01-14,2026-09-17,Free,Partnership,Germany,9,8,6,2,1,11.9,0,0,0,Free,0,0.0
USR-002075,2025-05-05,2026-09-23,Free,Referral,Canada,4,4,2,0,0,5.9,0,1,0,Free,0,0.0
USR-002076,2025-11-28,2026-07-21,Free,Social,United States,0,0,0,0,0,0.0,0,1,1,Churned,1,0.0
USR-002077,2025-10-18,2026-09-23,Pro,Content,Australia,11,10,4,3,2,13.5,0,0,1,Active Paid,0,29.0
USR-002078,2025-11-05,2026-09-24,Free,Paid Search,Australia,3,3,2,0,0,9.8,0,0,1,Free,0,0.0
USR-002079,2026-03-15,2026-09-24,Free,Organic Search,United Kingdom,5,5,5,0,0,7.3,0,0,0,Free,0,0.0
USR-002080,2026-06-18,2026-09-22,Pro,Social,Other,10,10,5,10,1,16.0,1,1,1,Active Paid,0,29.0
USR-002081,2025-02-01,2026-09-26,Pro,Paid Search,United Kingdom,14,14,14,7,5,19.0,0,1,1,Active Paid,0,29.0
USR-002082,2026-07-12,2026-09-25,Free,Social,United States,5,5,4,0,2,16.2,0,1,0,Free,0,0.0
USR-002083,2026-01-26,2026-09-23,Free,Social,United States,1,1,0,0,0,20.8,0,0,0,Free,0,0.0
USR-002084,2025-05-26,2026-09-24,Pro,Paid Search,Canada,5,5,2,1,1,17.5,0,0,1,Active Paid,0,29.0
USR-002085,2026-06-14,2026-07-08,Free,Social,United States,3,3,0,0,0,3.9,2,0,0,Churned,1,0.0
USR-002086,2025-06-04,2026-09-26,Free,Paid Search,France,6,6,3,0,0,11.1,0,1,0,Free,0,0.0
USR-002087,2025-04-09,2026-09-21,Team,Organic Search,Australia,17,10,11,5,8,17.4,0,1,1,Active Paid,0,89.0
USR-002088,2025-05-30,2026-09-24,Free,Content,Canada,13,11,6,5,4,21.9,1,1,1,Free,0,0.0
USR-002089,2026-02-09,2026-09-25,Free,Referral,Other,9,9,10,0,1,21.5,0,1,1,Free,0,0.0
USR-002090,2026-09-01,2026-09-22,Free,Organic Search,Other,6,6,4,5,1,8.7,0,1,1,Free,0,0.0
USR-002091,2024-12-20,2026-09-18,Free,Organic Search,United Kingdom,12,8,8,1,0,17.0,0,1,1,Free,0,0.0
USR-002092,2026-01-25,2026-08-18,Free,Organic Search,United States,2,2,0,0,0,5.7,0,0,1,Churned,1,0.0
USR-002093,2025-02-17,2026-09-24,Free,Organic Search,United States,5,5,4,1,1,14.2,0,1,0,Free,0,0.0
USR-002094,2026-04-27,2026-09-24,Pro,Organic Search,Germany,10,10,10,2,1,21.2,0,1,1,Active Paid,0,29.0
USR-002095,2026-05-22,2026-08-22,Free,Organic Search,United Kingdom,7,7,6,1,0,11.4,0,1,0,Churned,1,0.0
USR-002096,2025-03-08,2026-09-25,Team,Content,France,12,12,8,7,5,15.9,0,1,1,Active Paid,0,89.0
USR-002097,2024-11-13,2026-09-24,Team,Content,Germany,11,11,7,5,11,27.3,1,1,1,Active Paid,0,89.0
USR-002098,2025-01-08,2026-09-29,Free,Content,Germany,12,9,11,3,4,22.1,0,1,0,Free,0,0.0
USR-002099,2025-03-27,2026-09-20,Free,Social,United States,0,0,0,1,0,0.0,0,1,1,Free,0,0.0
USR-002100,2026-03-23,2026-09-24,Pro,Referral,United States,7,7,5,4,4,9.6,1,1,1,Active Paid,0,29.0
USR-002101,2024-12-02,2026-09-25,Team,Referral,United Kingdom,9,9,5,9,4,14.0,0,1,1,Active Paid,0,89.0
USR-002102,2025-05-26,2026-09-23,Pro,Content,Australia,10,7,5,5,4,15.4,0,1,1,Active Paid,0,29.0
USR-002103,2026-05-15,2026-09-23,Free,Referral,France,6,6,0,1,0,13.3,0,1,0,Free,0,0.0
USR-002104,2026-06-15,2026-07-19,Free,Referral,Germany,6,6,4,1,0,15.7,1,1,1,Churned,1,0.0
USR-002105,2025-01-01,2026-09-22,Free,Content,France,8,8,7,2,3,11.3,1,1,0,Free,0,0.0
USR-002106,2026-03-03,2026-09-24,Pro,Social,Canada,5,5,3,2,0,14.4,0,1,1,Active Paid,0,29.0
USR-002107,2025-03-17,2026-09-21,Pro,Organic Search,United States,12,12,4,10,2,23.5,1,1,1,Active Paid,0,29.0
USR-002108,2026-06-08,2026-09-29,Free,Organic Search,United States,9,9,8,2,5,17.2,1,1,1,Free,0,0.0
USR-002109,2026-02-27,2026-09-02,Free,Paid Search,United States,1,1,1,0,0,5.8,0,1,0,Churned,1,0.0
USR-002110,2026-02-25,2026-09-25,Free,Organic Search,United States,0,0,0,0,0,0.0,0,0,1,Free,0,0.0
USR-002111,2026-02-27,2026-09-27,Pro,Organic Search,United Kingdom,6,6,3,2,0,13.9,0,1,1,Active Paid,0,29.0
USR-002112,2025-05-21,2026-09-21,Free,Organic Search,Australia,10,10,5,0,1,14.0,1,1,1,Free,0,0.0
USR-002113,2024-12-01,2026-09-20,Pro,Paid Search,United States,5,5,3,3,1,15.8,1,1,1,Active Paid,0,29.0
USR-002114,2024-12-04,2026-09-23,Pro,Partnership,United States,9,9,4,1,1,14.9,0,1,1,Active Paid,0,29.0
USR-002115,2025-04-03,2026-09-24,Pro,Paid Search,United States,7,7,8,1,5,10.7,1,0,1,Active Paid,0,29.0
USR-002116,2026-04-24,2026-09-23,Free,Organic Search,United States,3,3,1,1,0,10.0,0,1,1,Free,0,0.0
USR-002117,2024-10-29,2026-09-15,Pro,Paid Search,United States,7,7,0,0,1,16.8,0,1,1,Active Paid,0,29.0
USR-002118,2025-08-24,2026-09-17,Pro,Paid Search,United States,1,1,0,0,0,8.0,0,0,1,Active Paid,0,29.0
USR-002119,2025-08-21,2026-09-16,Free,Referral,United States,8,8,5,2,3,25.6,0,1,1,Free,0,0.0
USR-002120,2025-05-02,2026-08-26,Free,Referral,Other,4,4,3,1,1,9.5,0,1,0,Churned,1,0.0
USR-002121,2025-03-15,2026-09-25,Pro,Organic Search,United Kingdom,7,7,6,2,2,17.8,1,1,1,Active Paid,0,29.0
USR-002122,2024-11-03,2026-09-24,Free,Social,United States,1,1,0,0,0,11.0,1,0,0,Free,0,0.0
USR-002123,2025-07-26,2026-09-24,Free,Organic Search,Canada,8,8,8,3,1,11.3,0,1,0,Free,0,0.0
USR-002124,2025-07-06,2026-09-28,Free,Referral,United States,19,18,14,9,5,20.3,0,1,0,Free,0,0.0
USR-002125,2025-03-31,2026-09-25,Free,Partnership,Canada,8,8,1,2,0,4.6,0,1,0,Free,0,0.0
USR-002126,2026-03-17,2026-09-22,Free,Content,United Kingdom,0,0,0,0,0,0.0,0,1,1,Free,0,0.0
USR-002127,2026-02-07,2026-09-27,Pro,Organic Search,Other,15,15,18,8,4,17.5,0,1,1,Active Paid,0,29.0
USR-002128,2025-06-25,2026-08-03,Free,Referral,Other,3,3,2,0,0,14.0,1,1,1,Churned,1,0.0
USR-002129,2026-08-01,2026-09-24,Pro,Content,France,8,8,6,4,3,18.6,0,1,1,Active Paid,0,29.0
USR-002130,2026-01-29,2026-09-20,Free,Content,United States,1,1,1,0,0,8.2,0,1,0,Free,0,0.0
USR-002131,2025-04-20,2026-09-22,Free,Paid Search,Canada,8,8,3,0,1,8.1,0,1,1,Free,0,0.0
USR-002132,2024-10-18,2026-08-04,Free,Social,United States,1,1,0,0,0,3.1,0,0,0,Churned,1,0.0
USR-002133,2025-09-09,2026-09-30,Pro,Organic Search,Australia,17,14,18,6,8,14.7,4,1,1,Active Paid,0,29.0
USR-002134,2025-12-04,2026-09-23,Team,Organic Search,United States,9,7,3,3,3,16.9,1,1,1,Active Paid,0,89.0
USR-002135,2025-11-05,2026-09-21,Free,Referral,Germany,9,9,3,3,0,17.6,1,1,0,Free,0,0.0
USR-002136,2025-05-13,2026-09-19,Free,Paid Search,United Kingdom,10,9,3,1,1,4.1,0,1,0,Free,0,0.0
USR-002137,2025-08-22,2026-09-25,Free,Organic Search,Canada,3,3,3,0,1,21.6,0,1,0,Free,0,0.0
USR-002138,2026-08-30,2026-09-24,Free,Content,United Kingdom,0,0,0,0,1,0.0,1,1,1,Free,0,0.0
USR-002139,2025-08-26,2026-09-22,Pro,Social,United Kingdom,10,4,5,4,0,11.7,0,0,1,Active Paid,0,29.0
USR-002140,2025-12-03,2026-09-21,Free,Partnership,France,2,2,1,0,0,9.6,0,1,0,Free,0,0.0
USR-002141,2025-05-02,2026-09-24,Team,Content,Germany,0,0,0,0,0,0.0,0,0,1,Active Paid,0,89.0
USR-002142,2024-12-29,2026-09-21,Pro,Content,United States,6,6,5,3,1,22.8,0,1,1,Active Paid,0,29.0
USR-002143,2024-10-27,2026-09-22,Free,Referral,United States,6,6,0,0,0,14.2,0,1,0,Free,0,0.0
USR-002144,2025-07-06,2026-08-12,Pro,Organic Search,Other,18,16,16,10,9,19.7,0,1,1,Churned,1,0.0
USR-002145,2025-12-30,2026-07-22,Free,Organic Search,Canada,7,5,1,2,0,16.6,0,0,1,Churned,1,0.0
USR-002146,2025-11-02,2026-07-15,Pro,Content,Germany,11,11,15,5,3,19.4,0,1,1,Churned,1,0.0
USR-002147,2026-05-12,2026-08-31,Free,Organic Search,Canada,8,8,2,0,0,13.8,0,1,0,Churned,1,0.0
USR-002148,2024-11-15,2026-09-24,Pro,Paid Search,Germany,2,2,2,2,0,17.3,0,0,1,Active Paid,0,29.0
USR-002149,2025-01-18,2026-07-17,Free,Social,Germany,4,4,1,0,1,15.9,0,0,0,Churned,1,0.0
USR-002150,2025-01-13,2026-09-24,Free,Organic Search,United States,4,4,2,0,1,16.4,0,1,0,Free,0,0.0
USR-002151,2026-01-24,2026-09-26,Pro,Organic Search,Canada,9,9,5,3,4,19.7,0,1,1,Active Paid,0,29.0
USR-002152,2026-01-28,2026-09-21,Free,Social,Canada,6,6,4,1,1,14.9,0,1,1,Free,0,0.0
USR-002153,2025-01-11,2026-09-25,Free,Paid Search,United States,0,0,1,0,0,0.0,0,0,1,Free,0,0.0
USR-002154,2025-08-22,2026-09-25,Pro,Referral,France,18,17,16,13,4,12.8,1,1,1,Active Paid,0,29.0
USR-002155,2025-04-30,2026-08-31,Free,Organic Search,United States,3,3,0,0,0,11.7,0,0,0,Churned,1,0.0
USR-002156,2025-09-30,2026-09-24,Team,Social,United States,6,6,9,3,0,15.4,0,1,1,Active Paid,0,89.0
USR-002157,2025-11-03,2026-09-22,Pro,Organic Search,Australia,3,3,1,1,0,10.0,0,0,1,Active Paid,0,29.0
USR-002158,2025-06-20,2026-09-21,Pro,Social,Other,6,6,4,0,1,9.4,0,0,1,Active Paid,0,29.0
USR-002159,2025-02-11,2026-09-01,Free,Organic Search,United States,7,7,3,2,1,15.2,0,0,0,Churned,1,0.0
USR-002160,2026-01-20,2026-09-16,Free,Organic Search,France,0,0,1,0,0,0.0,0,0,0,Free,0,0.0
USR-002161,2025-02-14,2026-09-26,Team,Content,United States,13,9,8,5,4,13.5,0,1,1,Active Paid,0,89.0
USR-002162,2026-03-25,2026-09-20,Free,Organic Search,France,4,4,2,1,0,10.1,0,1,0,Free,0,0.0
USR-002163,2025-12-01,2026-09-27,Free,Referral,Canada,7,7,7,4,5,15.6,1,1,0,Free,0,0.0
USR-002164,2024-12-02,2026-09-18,Free,Paid Search,Australia,0,0,0,0,0,0.0,0,1,0,Free,0,0.0
USR-002165,2024-11-02,2026-09-20,Free,Organic Search,United Kingdom,3,3,4,1,0,14.6,0,1,1,Free,0,0.0
USR-002166,2024-11-24,2026-09-21,Pro,Paid Search,United Kingdom,8,8,2,3,1,15.6,2,1,1,Active Paid,0,29.0
USR-002167,2026-02-02,2026-07-31,Pro,Content,Other,11,11,10,7,0,11.5,1,1,1,Churned,1,0.0
USR-002168,2025-01-21,2026-09-28,Pro,Paid Search,United States,6,6,6,2,2,16.3,0,1,1,Active Paid,0,29.0
USR-002169,2024-11-15,2026-09-26,Pro,Organic Search,United States,9,9,7,8,0,11.4,1,1,1,Active Paid,0,29.0
USR-002170,2024-10-16,2026-09-20,Free,Social,United Kingdom,3,3,1,0,1,13.1,1,1,0,Free,0,0.0
USR-002171,2026-09-01,2026-09-01,Free,Paid Search,Germany,1,1,1,0,0,13.0,0,0,0,Churned,1,0.0
USR-002172,2025-04-01,2026-08-31,Free,Content,United States,10,7,3,2,0,12.1,0,1,1,Churned,1,0.0
USR-002173,2024-10-03,2026-09-19,Pro,Partnership,Germany,0,0,0,0,0,0.0,1,1,1,Active Paid,0,29.0
USR-002174,2025-03-18,2026-09-20,Free,Social,United Kingdom,5,3,2,0,0,10.3,0,1,0,Free,0,0.0
USR-002175,2026-04-02,2026-09-18,Pro,Social,Germany,2,2,0,1,0,20.5,0,1,1,Active Paid,0,29.0
USR-002176,2025-03-19,2026-09-04,Free,Paid Search,Other,2,2,1,0,0,15.1,0,1,1,Churned,1,0.0
USR-002177,2026-07-02,2026-08-11,Pro,Partnership,United Kingdom,11,11,9,5,4,29.3,0,1,1,Churned,1,0.0
USR-002178,2025-10-07,2026-09-25,Pro,Social,Canada,0,0,1,0,0,0.0,0,0,1,Active Paid,0,29.0
USR-002179,2025-06-25,2026-09-17,Team,Organic Search,Canada,9,8,6,2,1,11.0,0,1,1,Active Paid,0,89.0
USR-002180,2025-10-24,2026-09-22,Free,Partnership,United States,5,5,5,2,0,12.6,0,1,1,Free,0,0.0
USR-002181,2025-05-03,2026-09-21,Team,Partnership,Australia,10,10,10,5,3,16.5,1,1,1,Active Paid,0,89.0
USR-002182,2026-03-28,2026-07-09,Free,Paid Search,Other,0,0,3,0,0,0.0,0,1,0,Churned,1,0.0
USR-002183,2025-07-09,2026-07-11,Free,Paid Search,Australia,3,3,0,1,0,12.7,0,0,0,Churned,1,0.0
USR-002184,2025-06-11,2026-09-21,Free,Referral,Other,7,7,1,0,0,14.2,0,0,0,Free,0,0.0
USR-002185,2025-06-19,2026-09-26,Free,Content,Canada,7,7,7,0,2,10.6,0,1,0,Free,0,0.0
USR-002186,2026-02-21,2026-09-22,Free,Social,Germany,7,7,8,0,2,18.1,0,1,1,Free,0,0.0
USR-002187,2026-02-09,2026-09-20,Free,Paid Search,United States,10,10,2,1,3,15.3,0,0,0,Free,0,0.0
USR-002188,2026-03-15,2026-07-17,Free,Paid Search,Other,10,7,3,2,1,19.2,1,1,0,Churned,1,0.0
USR-002189,2025-10-20,2026-07-23,Pro,Paid Search,Germany,4,4,0,1,0,15.3,0,0,1,Churned,1,0.0
USR-002190,2025-07-24,2026-09-23,Pro,Organic Search,United States,16,12,15,5,6,23.0,0,1,1,Active Paid,0,29.0
USR-002191,2025-12-30,2026-09-25,Pro,Referral,Australia,23,19,18,23,3,19.1,0,1,1,Active Paid,0,29.0
USR-002192,2025-11-26,2026-09-25,Pro,Organic Search,Germany,7,7,5,3,0,12.7,0,1,1,Active Paid,0,29.0
USR-002193,2026-02-23,2026-09-17,Free,Paid Search,Other,2,2,0,0,0,15.3,0,0,1,Free,0,0.0
USR-002194,2026-04-12,2026-08-13,Pro,Content,Australia,4,4,3,1,0,16.0,1,0,1,Churned,1,0.0
USR-002195,2025-06-02,2026-09-22,Free,Paid Search,Other,10,9,7,2,2,21.2,0,1,1,Free,0,0.0
USR-002196,2025-02-09,2026-09-16,Free,Paid Search,Canada,4,4,2,0,0,7.8,1,0,1,Free,0,0.0
USR-002197,2026-02-20,2026-09-23,Free,Partnership,Canada,5,5,1,1,0,14.7,1,1,0,Free,0,0.0
USR-002198,2025-01-08,2026-09-29,Pro,Organic Search,France,15,15,12,16,6,22.9,2,1,1,Active Paid,0,29.0
USR-002199,2025-08-03,2026-09-26,Free,Content,United States,12,12,12,5,5,16.2,0,1,1,Free,0,0.0
USR-002200,2026-05-19,2026-09-18,Pro,Organic Search,United States,10,10,9,1,3,11.8,0,1,1,Active Paid,0,29.0
USR-002201,2025-12-28,2026-07-12,Free,Paid Search,Other,1,1,1,0,0,10.7,0,1,0,Churned,1,0.0
USR-002202,2026-09-10,2026-09-22,Free,Referral,Other,4,4,0,0,0,10.3,0,1,1,Free,0,0.0
USR-002203,2026-08-18,2026-09-22,Free,Paid Search,Other,6,6,3,4,0,19.9,1,1,0,Free,0,0.0
USR-002204,2026-01-18,2026-09-27,Free,Social,United States,9,9,7,4,0,17.5,0,1,0,Free,0,0.0
USR-002205,2025-10-26,2026-09-22,Free,Organic Search,United States,3,3,2,0,0,11.1,0,1,0,Free,0,0.0
USR-002206,2025-02-22,2026-07-14,Pro,Social,Other,6,6,4,3,0,19.5,0,1,1,Churned,1,0.0
USR-002207,2026-06-11,2026-09-19,Free,Organic Search,United States,6,6,0,0,1,16.1,0,0,0,Free,0,0.0
USR-002208,2025-01-23,2026-09-15,Free,Content,United Kingdom,1,1,0,0,0,12.2,0,1,0,Free,0,0.0
USR-002209,2026-04-01,2026-09-18,Pro,Social,United Kingdom,3,3,0,1,1,11.1,0,0,1,Active Paid,0,29.0
USR-002210,2026-06-09,2026-09-26,Free,Social,Other,2,2,0,0,0,6.8,0,1,0,Free,0,0.0
USR-002211,2025-05-03,2026-09-29,Free,Organic Search,Canada,6,6,3,3,0,16.1,1,1,0,Free,0,0.0
USR-002212,2025-03-11,2026-09-23,Free,Social,United States,8,7,2,3,1,13.0,0,1,0,Free,0,0.0
USR-002213,2025-07-10,2026-09-25,Free,Social,Canada,8,8,4,0,4,20.2,0,1,0,Free,0,0.0
USR-002214,2026-06-25,2026-09-21,Free,Paid Search,United States,3,3,0,1,0,11.7,1,1,1,Free,0,0.0
USR-002215,2026-06-25,2026-09-23,Pro,Referral,France,10,10,2,5,3,13.3,1,1,1,Active Paid,0,29.0
USR-002216,2025-12-11,2026-09-25,Free,Organic Search,Germany,0,0,0,0,0,0.0,1,1,1,Free,0,0.0
USR-002217,2025-10-28,2026-09-18,Pro,Organic Search,Germany,4,4,4,0,2,12.8,1,1,1,Active Paid,0,29.0
USR-002218,2024-10-01,2026-09-20,Free,Referral,United Kingdom,3,3,2,0,0,9.9,0,0,1,Free,0,0.0
USR-002219,2026-02-23,2026-09-28,Pro,Organic Search,United States,6,6,7,2,1,19.4,0,1,1,Active Paid,0,29.0
USR-002220,2026-05-01,2026-07-13,Pro,Organic Search,United States,0,0,0,0,0,0.0,0,1,1,Churned,1,0.0
USR-002221,2024-11-08,2026-09-25,Free,Referral,Other,7,6,6,1,1,15.9,0,1,0,Free,0,0.0
USR-002222,2026-05-28,2026-09-18,Free,Referral,United Kingdom,7,7,1,1,1,21.9,0,1,1,Free,0,0.0
USR-002223,2026-08-28,2026-09-19,Free,Organic Search,Canada,2,2,2,0,0,14.4,0,0,0,Free,0,0.0
USR-002224,2025-11-17,2026-09-20,Team,Organic Search,United Kingdom,9,9,4,5,7,12.0,1,1,1,Active Paid,0,89.0
USR-002225,2025-12-03,2026-09-28,Team,Paid Search,Other,7,7,6,3,3,15.5,1,1,1,Active Paid,0,89.0
USR-002226,2025-06-29,2026-09-20,Free,Social,Australia,4,3,2,1,0,13.2,0,1,0,Free,0,0.0
USR-002227,2024-12-27,2026-09-18,Pro,Social,United States,6,6,4,0,0,12.9,0,0,1,Active Paid,0,29.0
USR-002228,2024-11-17,2026-09-26,Free,Referral,Germany,15,15,11,5,4,18.7,1,1,1,Free,0,0.0
USR-002229,2026-02-20,2026-07-18,Free,Referral,Canada,4,4,3,0,0,5.3,0,0,0,Churned,1,0.0
USR-002230,2024-10-14,2026-07-04,Pro,Partnership,Australia,6,6,4,3,1,18.5,2,1,1,Churned,1,0.0
USR-002231,2025-06-20,2026-09-23,Free,Paid Search,Other,5,5,6,1,0,12.7,0,1,1,Free,0,0.0
USR-002232,2026-07-28,2026-07-28,Free,Organic Search,France,7,7,1,1,0,8.3,0,0,0,Churned,1,0.0
USR-002233,2024-11-14,2026-09-23,Pro,Paid Search,Other,5,5,1,0,1,12.6,0,1,1,Active Paid,0,29.0
USR-002234,2026-06-09,2026-08-03,Free,Organic Search,Canada,5,5,3,0,1,20.6,0,1,0,Churned,1,0.0
USR-002235,2025-07-22,2026-09-25,Pro,Paid Search,United Kingdom,3,3,1,1,0,18.0,0,1,1,Active Paid,0,29.0
USR-002236,2025-02-27,2026-09-26,Free,Content,Germany,13,10,14,9,3,18.4,2,1,1,Free,0,0.0
USR-002237,2026-03-21,2026-09-26,Free,Paid Search,France,5,4,1,0,0,7.9,0,1,0,Free,0,0.0
USR-002238,2026-03-06,2026-07-27,Free,Organic Search,United States,0,0,0,0,0,0.0,0,0,0,Churned,1,0.0
USR-002239,2025-10-10,2026-09-21,Team,Social,Canada,16,16,17,5,9,24.2,0,1,1,Active Paid,0,89.0
USR-002240,2024-12-22,2026-08-02,Free,Partnership,United States,4,4,4,0,1,15.1,0,0,0,Churned,1,0.0
USR-002241,2026-04-09,2026-09-22,Free,Organic Search,United States,3,3,1,0,0,15.8,0,1,0,Free,0,0.0
USR-002242,2025-05-29,2026-09-26,Pro,Referral,Other,2,2,2,2,0,22.2,1,1,1,Active Paid,0,29.0
USR-002243,2025-10-27,2026-09-22,Team,Content,United States,7,7,6,4,4,13.9,0,1,1,Active Paid,0,89.0
USR-002244,2026-06-28,2026-09-22,Team,Paid Search,Australia,9,9,8,0,5,13.1,2,0,1,Active Paid,0,89.0
USR-002245,2025-04-25,2026-09-22,Pro,Social,United Kingdom,7,7,6,1,2,17.0,0,1,1,Active Paid,0,29.0
USR-002246,2025-01-28,2026-09-25,Free,Paid Search,Germany,3,3,1,1,0,16.1,0,1,0,Free,0,0.0
USR-002247,2025-07-31,2026-09-22,Pro,Paid Search,Other,11,10,15,6,3,16.9,0,1,1,Active Paid,0,29.0
USR-002248,2026-05-12,2026-07-05,Pro,Paid Search,Australia,7,7,7,6,1,16.4,0,0,1,Churned,1,0.0
USR-002249,2026-05-27,2026-09-24,Pro,Organic Search,Australia,10,10,8,4,3,25.2,0,1,1,Active Paid,0,29.0
USR-002250,2025-11-17,2026-09-27,Pro,Referral,United States,14,14,9,11,9,22.3,1,1,1,Active Paid,0,29.0
USR-002251,2025-09-18,2026-09-28,Free,Content,United Kingdom,15,10,6,3,1,18.6,0,1,1,Free,0,0.0
USR-002252,2025-08-17,2026-09-13,Free,Paid Search,France,5,5,0,0,0,4.8,0,0,0,Free,0,0.0
USR-002253,2026-03-25,2026-09-18,Pro,Social,Australia,4,2,1,2,0,17.0,0,0,1,Active Paid,0,29.0
USR-002254,2025-09-22,2026-08-22,Free,Organic Search,Australia,6,4,0,1,1,11.2,0,0,0,Churned,1,0.0
USR-002255,2026-02-17,2026-09-23,Free,Organic Search,France,7,7,7,0,1,16.0,0,1,1,Free,0,0.0
USR-002256,2025-05-13,2026-09-24,Free,Referral,United States,4,4,2,1,0,11.3,0,1,0,Free,0,0.0
USR-002257,2025-02-23,2026-09-23,Pro,Organic Search,United States,9,9,7,5,1,12.3,0,1,1,Active Paid,0,29.0
USR-002258,2025-06-06,2026-09-23,Pro,Content,Other,7,7,5,5,2,9.2,1,1,1,Active Paid,0,29.0
USR-002259,2026-09-15,2026-09-21,Pro,Paid Search,Canada,4,3,1,1,0,8.5,0,0,1,Active Paid,0,29.0
USR-002260,2024-10-06,2026-09-23,Pro,Content,France,6,6,7,2,0,28.9,0,1,1,Active Paid,0,29.0
USR-002261,2026-08-30,2026-09-25,Pro,Paid Search,Germany,9,9,11,4,0,22.1,0,1,1,Active Paid,0,29.0
USR-002262,2024-10-01,2026-09-26,Pro,Paid Search,Other,10,10,9,3,2,18.2,2,1,1,Active Paid,0,29.0
USR-002263,2026-08-24,2026-09-25,Free,Referral,Other,9,7,6,0,0,15.1,1,1,0,Free,0,0.0
USR-002264,2025-09-11,2026-09-20,Pro,Social,United States,3,3,0,1,1,17.5,0,1,1,Active Paid,0,29.0
USR-002265,2026-07-02,2026-08-05,Free,Organic Search,Other,0,0,0,0,0,0.0,0,1,0,Churned,1,0.0
USR-002266,2026-07-09,2026-09-20,Free,Content,United States,14,9,16,3,8,9.1,0,1,0,Free,0,0.0
USR-002267,2025-05-15,2026-08-23,Free,Paid Search,United Kingdom,6,0,7,0,0,18.6,0,0,0,Churned,1,0.0
USR-002268,2025-04-13,2026-09-25,Pro,Organic Search,Other,11,11,15,6,4,18.5,0,0,1,Active Paid,0,29.0
USR-002269,2026-06-23,2026-09-21,Pro,Paid Search,United Kingdom,8,8,7,3,3,15.3,1,0,1,Active Paid,0,29.0
USR-002270,2024-10-17,2026-09-22,Team,Social,United States,8,8,3,3,6,16.2,2,1,1,Active Paid,0,89.0
USR-002271,2026-01-29,2026-09-29,Team,Social,Germany,9,9,6,2,11,16.7,0,0,1,Active Paid,0,89.0
USR-002272,2026-01-31,2026-09-30,Team,Content,Other,15,15,10,6,7,24.0,0,1,1,Active Paid,0,89.0
USR-002273,2026-02-15,2026-09-21,Free,Social,United States,10,9,2,2,1,14.9,0,1,0,Free,0,0.0
USR-002274,2025-10-21,2026-09-25,Team,Organic Search,France,10,10,12,6,5,20.4,0,1,1,Active Paid,0,89.0
USR-002275,2026-05-11,2026-09-22,Pro,Paid Search,Canada,7,7,7,0,1,10.1,0,1,1,Active Paid,0,29.0
USR-002276,2025-11-16,2026-09-27,Team,Organic Search,United Kingdom,13,13,13,11,14,26.5,0,1,1,Active Paid,0,89.0
USR-002277,2026-04-18,2026-09-26,Free,Referral,France,6,6,4,2,2,23.7,0,1,0,Free,0,0.0
USR-002278,2026-08-10,2026-09-23,Free,Organic Search,Canada,12,9,9,1,2,19.8,2,1,1,Free,0,0.0
USR-002279,2025-12-26,2026-09-25,Team,Social,Australia,9,3,6,3,5,20.1,0,1,1,Active Paid,0,89.0
USR-002280,2025-05-23,2026-07-28,Free,Social,France,3,3,3,0,0,12.6,0,1,0,Churned,1,0.0
USR-002281,2025-03-19,2026-09-24,Free,Content,Other,9,9,6,2,2,19.9,1,0,0,Free,0,0.0
USR-002282,2026-01-06,2026-09-24,Free,Organic Search,Australia,5,5,2,0,0,18.5,1,1,0,Free,0,0.0
USR-002283,2026-01-27,2026-09-23,Free,Organic Search,United States,10,6,5,2,0,15.1,0,1,1,Free,0,0.0
USR-002284,2025-03-01,2026-09-24,Free,Content,Australia,6,6,4,2,1,12.8,0,0,0,Free,0,0.0
USR-002285,2025-05-16,2026-09-22,Team,Social,Germany,3,3,3,2,1,14.6,0,0,1,Active Paid,0,89.0
USR-002286,2025-01-29,2026-09-25,Team,Social,United States,7,7,5,3,0,16.4,0,1,1,Active Paid,0,89.0
USR-002287,2024-12-07,2026-09-24,Team,Referral,Germany,13,10,15,4,9,11.7,0,1,1,Active Paid,0,89.0
USR-002288,2025-02-05,2026-09-20,Free,Content,France,6,6,3,0,1,17.3,0,0,1,Free,0,0.0
USR-002289,2024-11-15,2026-09-18,Free,Paid Search,United States,1,1,0,0,0,18.7,1,1,0,Free,0,0.0
USR-002290,2025-11-22,2026-09-26,Free,Content,United Kingdom,9,9,7,6,1,13.7,0,1,0,Free,0,0.0
USR-002291,2025-12-07,2026-09-25,Free,Organic Search,Canada,6,4,3,0,1,13.3,0,1,0,Free,0,0.0
USR-002292,2026-01-29,2026-09-26,Free,Partnership,United Kingdom,8,8,3,5,0,14.2,0,1,1,Free,0,0.0
USR-002293,2026-03-31,2026-09-21,Pro,Organic Search,Other,3,3,2,0,0,14.5,0,0,1,Active Paid,0,29.0
USR-002294,2025-03-29,2026-09-24,Team,Paid Search,United States,15,15,7,8,7,12.3,0,0,1,Active Paid,0,89.0
USR-002295,2025-04-23,2026-09-13,Free,Organic Search,Australia,9,9,6,1,0,12.7,0,1,1,Free,0,0.0
USR-002296,2025-02-20,2026-09-20,Free,Content,Australia,7,7,4,1,1,16.6,1,1,0,Free,0,0.0
USR-002297,2026-05-19,2026-09-21,Free,Partnership,United Kingdom,6,6,4,1,0,7.5,0,0,1,Free,0,0.0
USR-002298,2025-09-29,2026-09-23,Free,Paid Search,Canada,13,10,11,3,2,13.8,0,1,0,Free,0,0.0
USR-002299,2026-04-10,2026-07-26,Free,Paid Search,United States,4,4,1,1,1,15.9,0,0,0,Churned,1,0.0
USR-002300,2024-12-16,2026-09-24,Free,Paid Search,United States,5,5,6,0,3,16.1,0,0,0,Free,0,0.0
USR-002301,2026-03-08,2026-09-25,Free,Organic Search,Canada,8,8,6,1,0,15.5,0,1,1,Free,0,0.0
USR-002302,2026-06-05,2026-07-10,Free,Content,United States,0,0,0,1,0,0.0,0,1,0,Churned,1,0.0
USR-002303,2025-08-04,2026-09-22,Pro,Organic Search,Australia,4,4,1,0,1,17.3,0,1,1,Active Paid,0,29.0
USR-002304,2024-12-26,2026-09-25,Free,Partnership,Germany,7,7,2,1,0,11.0,0,0,1,Free,0,0.0
USR-002305,2024-11-30,2026-09-26,Free,Partnership,United States,11,8,7,4,4,15.1,0,1,1,Free,0,0.0
USR-002306,2026-07-09,2026-09-25,Free,Organic Search,United Kingdom,6,6,1,1,0,12.4,0,1,0,Free,0,0.0
USR-002307,2026-01-25,2026-09-27,Free,Social,Other,8,6,1,1,0,14.5,0,0,1,Free,0,0.0
USR-002308,2026-05-29,2026-09-19,Pro,Partnership,United States,5,5,7,2,0,13.6,0,1,1,Active Paid,0,29.0
USR-002309,2026-02-07,2026-09-22,Pro,Content,France,9,8,3,1,2,16.4,0,0,1,Active Paid,0,29.0
USR-002310,2025-08-30,2026-09-27,Team,Referral,United States,9,8,9,6,4,16.4,1,1,1,Active Paid,0,89.0
USR-002311,2026-02-27,2026-09-25,Pro,Organic Search,Other,9,8,9,2,2,19.1,0,1,1,Active Paid,0,29.0
USR-002312,2026-07-29,2026-09-26,Free,Organic Search,United Kingdom,6,6,5,3,0,16.8,0,1,0,Free,0,0.0
USR-002313,2025-09-16,2026-09-24,Free,Content,Canada,12,12,6,1,3,20.3,0,1,1,Free,0,0.0
USR-002314,2026-08-09,2026-09-24,Free,Paid Search,Canada,8,7,4,0,1,18.9,0,1,0,Free,0,0.0
USR-002315,2026-04-06,2026-09-26,Free,Referral,United Kingdom,6,6,3,1,1,13.8,0,1,0,Free,0,0.0
USR-002316,2026-09-15,2026-09-24,Team,Referral,France,8,8,9,9,3,20.8,0,1,1,Active Paid,0,89.0
USR-002317,2026-07-15,2026-09-16,Free,Paid Search,United States,5,5,5,0,0,13.1,0,0,0,Free,0,0.0
USR-002318,2025-11-08,2026-08-13,Free,Organic Search,United States,6,6,3,0,1,16.7,0,0,0,Churned,1,0.0
USR-002319,2025-01-15,2026-09-24,Free,Paid Search,United States,1,1,0,0,1,13.3,0,1,0,Free,0,0.0
USR-002320,2025-03-11,2026-09-19,Free,Content,Germany,5,5,5,3,3,21.1,0,0,0,Free,0,0.0
USR-002321,2026-07-07,2026-09-25,Team,Paid Search,Other,9,9,5,5,6,18.1,2,1,1,Active Paid,0,89.0
USR-002322,2026-08-22,2026-09-22,Free,Organic Search,United States,9,7,6,0,1,8.8,0,1,0,Free,0,0.0
USR-002323,2026-01-17,2026-09-19,Free,Partnership,Other,0,0,0,0,0,0.0,0,1,0,Free,0,0.0
USR-002324,2025-06-06,2026-09-20,Free,Referral,Australia,6,6,5,0,1,12.4,1,0,0,Free,0,0.0
USR-002325,2025-03-31,2026-09-22,Pro,Social,United States,10,10,7,5,0,17.4,1,1,1,Active Paid,0,29.0
USR-002326,2025-02-04,2026-09-07,Free,Content,United States,0,0,0,0,0,0.0,1,1,1,Churned,1,0.0
USR-002327,2026-01-14,2026-09-22,Pro,Paid Search,United Kingdom,0,0,0,0,0,0.0,0,1,1,Active Paid,0,29.0
USR-002328,2026-05-18,2026-09-28,Free,Partnership,United States,8,8,6,1,1,12.6,0,1,0,Free,0,0.0
USR-002329,2026-08-28,2026-09-28,Free,Content,France,12,11,5,6,0,21.4,1,1,0,Free,0,0.0
USR-002330,2026-06-02,2026-09-26,Pro,Paid Search,Canada,9,9,7,4,0,17.6,0,1,1,Active Paid,0,29.0
USR-002331,2026-07-31,2026-09-22,Free,Paid Search,United Kingdom,1,1,0,0,0,6.5,0,0,0,Free,0,0.0
USR-002332,2025-01-08,2026-09-26,Free,Paid Search,France,6,6,7,0,0,19.3,0,1,0,Free,0,0.0
USR-002333,2026-03-08,2026-09-28,Pro,Referral,United States,7,7,4,4,1,21.4,1,1,1,Active Paid,0,29.0
USR-002334,2025-02-04,2026-09-27,Free,Referral,Other,10,10,12,2,5,12.1,0,1,1,Free,0,0.0
USR-002335,2025-08-16,2026-09-14,Free,Social,Germany,1,1,0,0,0,5.2,1,0,0,Free,0,0.0
USR-002336,2025-08-26,2026-09-21,Pro,Partnership,United Kingdom,4,4,4,3,0,23.8,0,1,1,Active Paid,0,29.0
USR-002337,2025-10-25,2026-09-22,Free,Social,Canada,0,0,0,0,0,0.0,0,0,0,Free,0,0.0
USR-002338,2025-02-07,2026-09-15,Free,Content,United States,0,0,0,0,0,0.0,0,1,0,Free,0,0.0
USR-002339,2026-08-15,2026-09-19,Free,Referral,Other,7,7,7,1,2,19.1,0,1,1,Free,0,0.0
USR-002340,2026-07-11,2026-09-22,Pro,Social,United Kingdom,5,5,0,0,1,12.0,0,0,1,Active Paid,0,29.0
USR-002341,2025-11-17,2026-09-20,Free,Organic Search,Other,8,8,6,1,3,13.7,0,1,0,Free,0,0.0
USR-002342,2025-12-07,2026-09-24,Free,Referral,Other,1,1,0,0,1,12.0,1,1,1,Free,0,0.0
USR-002343,2025-08-21,2026-09-26,Pro,Referral,Canada,7,7,7,0,0,14.5,0,1,1,Active Paid,0,29.0
USR-002344,2025-04-06,2026-09-24,Pro,Organic Search,France,7,7,7,1,2,15.7,0,1,1,Active Paid,0,29.0
USR-002345,2025-07-22,2026-09-24,Team,Content,Germany,21,18,19,16,16,20.4,1,1,1,Active Paid,0,89.0
USR-002346,2026-03-15,2026-09-27,Free,Social,United States,7,7,9,2,1,18.9,1,0,0,Free,0,0.0
USR-002347,2026-01-24,2026-08-30,Free,Paid Search,Other,4,4,2,0,2,13.5,1,1,0,Churned,1,0.0
USR-002348,2025-03-27,2026-09-26,Free,Content,United Kingdom,1,1,0,0,0,12.5,0,1,0,Free,0,0.0
USR-002349,2026-04-24,2026-09-21,Pro,Paid Search,Other,5,5,0,0,0,15.1,0,1,1,Active Paid,0,29.0
USR-002350,2025-09-20,2026-09-20,Free,Referral,Germany,13,8,8,1,1,26.1,0,1,0,Free,0,0.0
USR-002351,2025-08-26,2026-07-17,Free,Social,United States,3,3,0,0,0,12.4,0,1,0,Churned,1,0.0
USR-002352,2025-03-28,2026-09-26,Free,Organic Search,United Kingdom,7,5,5,0,1,4.5,0,0,0,Free,0,0.0
USR-002353,2025-04-23,2026-09-20,Pro,Paid Search,United States,5,5,4,0,0,16.2,0,1,1,Active Paid,0,29.0
USR-002354,2025-10-18,2026-09-22,Pro,Organic Search,United States,12,9,10,4,4,11.6,1,1,1,Active Paid,0,29.0
USR-002355,2026-02-06,2026-09-23,Free,Organic Search,France,4,3,0,0,0,9.6,0,1,0,Free,0,0.0
USR-002356,2025-12-26,2026-09-26,Team,Referral,United States,11,11,15,9,10,19.5,1,1,1,Active Paid,0,89.0
USR-002357,2025-11-25,2026-09-24,Team,Organic Search,Other,4,4,6,0,1,10.0,0,1,1,Active Paid,0,89.0
USR-002358,2026-04-12,2026-09-21,Free,Partnership,United Kingdom,0,0,0,0,0,0.0,0,0,0,Free,0,0.0
USR-002359,2025-06-25,2026-09-25,Free,Paid Search,Canada,5,5,7,1,1,13.8,0,1,0,Free,0,0.0
USR-002360,2026-04-20,2026-09-21,Pro,Paid Search,United States,1,1,0,0,0,15.2,1,0,1,Active Paid,0,29.0
USR-002361,2025-06-09,2026-09-22,Free,Content,United States,6,6,4,0,0,11.4,3,1,0,Free,0,0.0
USR-002362,2025-03-27,2026-08-27,Free,Social,Germany,8,6,0,0,1,8.7,0,0,0,Churned,1,0.0
USR-002363,2024-10-28,2026-08-15,Free,Social,United Kingdom,0,0,0,0,0,0.0,0,1,0,Churned,1,0.0
USR-002364,2026-06-22,2026-09-24,Team,Referral,Germany,10,10,7,4,8,14.6,0,1,1,Active Paid,0,89.0
USR-002365,2025-03-21,2026-09-20,Free,Content,Canada,4,4,1,3,1,24.5,0,0,1,Free,0,0.0
USR-002366,2026-07-16,2026-09-10,Pro,Organic Search,United States,7,7,4,0,3,19.9,1,0,1,Churned,1,0.0
USR-002367,2026-01-17,2026-09-21,Free,Organic Search,Canada,7,5,1,1,0,13.2,0,1,0,Free,0,0.0
USR-002368,2026-05-12,2026-09-22,Free,Partnership,United States,4,4,0,0,0,10.4,0,1,0,Free,0,0.0
USR-002369,2026-05-22,2026-09-22,Pro,Organic Search,United States,6,6,4,2,2,14.5,0,0,1,Active Paid,0,29.0
USR-002370,2026-05-13,2026-09-21,Free,Referral,Australia,8,8,1,0,0,2.0,2,1,1,Free,0,0.0
USR-002371,2026-08-15,2026-08-15,Free,Social,United States,6,6,0,1,0,13.0,0,0,0,Churned,1,0.0
USR-002372,2025-02-04,2026-07-27,Free,Social,United States,0,0,0,0,0,0.0,1,1,0,Churned,1,0.0
USR-002373,2026-08-03,2026-09-22,Pro,Content,Canada,10,10,10,5,3,11.5,0,1,1,Active Paid,0,29.0
USR-002374,2025-12-05,2026-08-31,Free,Partnership,Canada,3,3,0,0,0,8.8,1,1,1,Churned,1,0.0
USR-002375,2025-05-04,2026-09-23,Free,Organic Search,Other,9,8,2,1,2,8.2,0,1,0,Free,0,0.0
USR-002376,2024-10-07,2026-08-11,Free,Social,Other,5,5,4,1,2,19.1,0,1,1,Churned,1,0.0
USR-002377,2025-01-13,2026-07-23,Free,Referral,France,4,4,4,1,1,17.1,0,1,0,Churned,1,0.0
USR-002378,2026-06-09,2026-07-24,Free,Paid Search,Canada,1,1,0,0,0,5.5,0,0,0,Churned,1,0.0
USR-002379,2024-10-09,2026-09-26,Free,Content,United Kingdom,5,5,2,0,2,13.3,0,1,0,Free,0,0.0
USR-002380,2025-06-05,2026-09-20,Free,Social,United States,3,3,0,0,1,12.5,0,0,0,Free,0,0.0
USR-002381,2026-05-10,2026-07-21,Free,Organic Search,Australia,7,7,2,0,2,8.2,1,1,0,Churned,1,0.0
USR-002382,2025-10-30,2026-09-26,Pro,Content,United Kingdom,8,8,8,3,2,12.1,2,1,1,Active Paid,0,29.0
USR-002383,2024-11-28,2026-09-25,Pro,Partnership,United Kingdom,12,12,12,7,4,15.2,1,1,1,Active Paid,0,29.0
USR-002384,2025-12-09,2026-08-06,Free,Organic Search,Germany,0,0,0,0,0,0.0,0,1,1,Churned,1,0.0
USR-002385,2026-05-07,2026-08-20,Free,Referral,France,0,0,0,0,0,0.0,0,0,0,Churned,1,0.0
USR-002386,2024-12-29,2026-09-23,Free,Organic Search,Canada,5,5,2,1,0,9.2,0,0,0,Free,0,0.0
USR-002387,2024-11-03,2026-09-24,Team,Organic Search,United States,1,1,0,0,1,16.0,0,0,1,Active Paid,0,89.0
USR-002388,2024-10-18,2026-09-18,Free,Paid Search,Other,7,7,3,0,1,16.7,0,1,1,Free,0,0.0
USR-002389,2024-11-01,2026-09-26,Free,Content,United States,6,6,4,0,0,16.8,0,1,0,Free,0,0.0
USR-002390,2024-12-30,2026-08-07,Free,Organic Search,Other,3,3,0,0,0,15.5,0,1,1,Churned,1,0.0
USR-002391,2025-10-26,2026-09-23,Free,Organic Search,United Kingdom,1,1,1,0,0,5.2,0,0,0,Free,0,0.0
USR-002392,2026-05-01,2026-08-17,Free,Referral,Other,4,4,1,0,1,12.5,0,1,1,Churned,1,0.0
USR-002393,2025-07-01,2026-09-26,Free,Paid Search,Other,1,1,0,0,0,12.1,0,0,0,Free,0,0.0
USR-002394,2026-04-11,2026-07-15,Pro,Organic Search,United Kingdom,6,6,4,0,0,20.8,0,0,1,Churned,1,0.0
USR-002395,2025-10-12,2026-09-24,Pro,Organic Search,Australia,8,8,8,3,3,22.5,0,1,1,Active Paid,0,29.0
USR-002396,2025-06-03,2026-09-27,Pro,Content,United States,19,17,22,15,10,26.5,1,1,1,Active Paid,0,29.0
USR-002397,2024-11-08,2026-09-20,Pro,Referral,United States,15,15,13,5,2,19.6,0,1,1,Active Paid,0,29.0
USR-002398,2026-02-21,2026-09-23,Free,Referral,United Kingdom,1,1,0,0,0,21.0,0,1,1,Free,0,0.0
USR-002399,2026-03-19,2026-09-11,Team,Organic Search,Germany,13,11,12,7,5,26.7,0,1,1,Churned,1,0.0
USR-002400,2025-04-08,2026-07-22,Pro,Social,United States,6,6,5,1,1,17.7,0,1,1,Churned,1,0.0
USR-002401,2026-09-11,2026-09-23,Pro,Content,Canada,5,5,1,2,1,14.0,0,0,1,Active Paid,0,29.0
USR-002402,2025-08-07,2026-07-25,Pro,Paid Search,Other,0,0,0,0,0,0.0,0,1,1,Churned,1,0.0
USR-002403,2025-03-31,2026-09-22,Free,Organic Search,Other,13,9,10,1,3,7.9,0,1,0,Free,0,0.0
USR-002404,2025-08-18,2026-09-23,Free,Paid Search,United States,5,5,4,2,1,14.5,0,1,0,Free,0,0.0
USR-002405,2025-12-15,2026-09-23,Free,Paid Search,Canada,3,3,0,0,1,2.7,0,0,0,Free,0,0.0
USR-002406,2025-01-31,2026-09-22,Free,Organic Search,United States,7,7,4,0,2,13.5,0,1,1,Free,0,0.0
USR-002407,2025-12-24,2026-09-23,Free,Partnership,United States,4,4,2,0,1,12.2,1,0,0,Free,0,0.0
USR-002408,2025-04-25,2026-09-20,Free,Social,Other,1,1,0,0,0,5.7,2,1,1,Free,0,0.0
USR-002409,2025-10-19,2026-07-22,Free,Social,Other,0,0,1,0,0,0.0,0,0,1,Churned,1,0.0
USR-002410,2026-08-27,2026-08-27,Team,Organic Search,United States,6,6,4,4,6,15.4,1,1,1,Churned,1,0.0
USR-002411,2025-09-01,2026-09-23,Pro,Social,United States,12,9,10,9,4,15.8,2,0,1,Active Paid,0,29.0
USR-002412,2026-08-11,2026-08-11,Pro,Social,United Kingdom,3,3,0,0,0,13.8,0,0,1,Churned,1,0.0
USR-002413,2024-11-19,2026-09-17,Free,Partnership,United Kingdom,5,4,5,1,0,4.5,1,1,0,Free,0,0.0
USR-002414,2025-07-12,2026-09-25,Pro,Paid Search,United States,8,8,1,4,2,19.0,0,1,1,Active Paid,0,29.0
USR-002415,2025-12-23,2026-09-23,Team,Content,United States,10,10,7,6,5,19.8,0,1,1,Active Paid,0,89.0
USR-002416,2025-10-03,2026-09-17,Pro,Paid Search,United Kingdom,6,6,0,0,3,12.0,0,1,1,Active Paid,0,29.0
USR-002417,2025-06-30,2026-09-27,Pro,Social,United States,11,11,11,4,1,14.5,1,1,1,Active Paid,0,29.0
USR-002418,2026-03-13,2026-09-19,Free,Partnership,Other,3,3,0,0,0,15.5,1,1,0,Free,0,0.0
USR-002419,2026-02-21,2026-09-26,Free,Referral,France,10,10,9,0,2,16.5,0,1,0,Free,0,0.0
USR-002420,2025-11-20,2026-09-23,Pro,Referral,Canada,5,5,2,0,3,14.2,1,1,1,Active Paid,0,29.0
USR-002421,2026-03-15,2026-09-27,Team,Content,United Kingdom,0,0,0,0,0,0.0,0,1,1,Active Paid,0,89.0
USR-002422,2025-03-23,2026-09-06,Free,Partnership,Australia,11,11,9,1,3,9.4,0,1,0,Churned,1,0.0
USR-002423,2026-07-03,2026-09-24,Free,Organic Search,United States,7,7,7,2,3,16.9,0,1,1,Free,0,0.0
USR-002424,2025-02-01,2026-09-20,Free,Organic Search,Other,7,3,4,0,0,14.7,0,0,0,Free,0,0.0
USR-002425,2026-01-09,2026-09-25,Free,Social,United States,14,11,13,9,5,17.2,0,1,1,Free,0,0.0
USR-002426,2025-08-10,2026-08-02,Team,Partnership,Other,3,3,3,2,3,9.9,0,0,1,Churned,1,0.0
USR-002427,2026-05-26,2026-09-17,Pro,Social,United States,3,3,0,0,1,10.1,1,0,1,Active Paid,0,29.0
USR-002428,2025-12-14,2026-09-21,Free,Paid Search,Australia,4,4,2,2,0,14.9,0,1,0,Free,0,0.0
USR-002429,2025-03-25,2026-09-24,Free,Social,United States,1,1,0,0,0,13.8,0,0,0,Free,0,0.0
USR-002430,2026-03-06,2026-09-20,Free,Organic Search,Australia,9,9,13,2,3,18.4,0,1,0,Free,0,0.0
USR-002431,2026-06-13,2026-09-23,Free,Organic Search,Germany,0,0,0,0,0,0.0,0,0,1,Free,0,0.0
USR-002432,2025-09-07,2026-07-28,Free,Organic Search,United States,13,13,7,2,1,11.0,0,1,0,Churned,1,0.0
USR-002433,2026-05-22,2026-09-28,Pro,Organic Search,Australia,11,11,9,5,3,19.5,0,1,1,Active Paid,0,29.0
USR-002434,2026-02-02,2026-09-23,Pro,Referral,United States,11,11,5,5,5,21.7,1,1,1,Active Paid,0,29.0
USR-002435,2025-10-28,2026-09-24,Free,Paid Search,Canada,0,0,0,0,0,0.0,0,0,0,Free,0,0.0
USR-002436,2025-08-08,2026-09-23,Pro,Organic Search,United Kingdom,4,4,4,3,1,10.2,0,1,1,Active Paid,0,29.0
USR-002437,2025-06-15,2026-09-20,Pro,Social,France,8,8,13,4,2,15.2,0,1,1,Active Paid,0,29.0
USR-002438,2025-05-20,2026-09-26,Free,Paid Search,Other,6,6,3,1,0,18.6,1,0,1,Free,0,0.0
USR-002439,2025-01-20,2026-09-22,Pro,Paid Search,Canada,13,13,8,2,1,16.9,2,1,1,Active Paid,0,29.0
USR-002440,2026-07-30,2026-09-28,Pro,Paid Search,France,1,1,0,0,0,11.0,0,1,1,Active Paid,0,29.0
USR-002441,2025-12-30,2026-09-25,Pro,Organic Search,Other,12,12,12,4,1,13.4,0,1,1,Active Paid,0,29.0
USR-002442,2026-09-15,2026-09-25,Free,Referral,France,11,11,6,2,1,18.7,1,1,0,Free,0,0.0
USR-002443,2026-09-09,2026-09-09,Free,Organic Search,United Kingdom,2,2,2,0,0,20.5,2,1,0,Churned,1,0.0
USR-002444,2026-04-17,2026-09-20,Free,Organic Search,Canada,2,2,1,0,0,14.9,0,1,1,Free,0,0.0
USR-002445,2025-07-15,2026-09-07,Free,Organic Search,United States,0,0,0,0,0,0.0,1,0,0,Churned,1,0.0
USR-002446,2024-12-15,2026-09-23,Free,Paid Search,United Kingdom,5,4,0,0,0,8.6,0,0,1,Free,0,0.0
USR-002447,2025-03-11,2026-09-21,Pro,Organic Search,United States,5,5,3,2,0,12.2,1,1,1,Active Paid,0,29.0
USR-002448,2025-06-10,2026-08-08,Free,Paid Search,Australia,8,7,3,2,2,22.8,0,0,0,Churned,1,0.0
USR-002449,2025-03-08,2026-09-21,Free,Organic Search,Germany,6,6,3,1,1,12.2,0,1,0,Free,0,0.0
USR-002450,2026-05-16,2026-09-24,Team,Organic Search,Germany,5,5,4,5,3,19.6,0,1,1,Active Paid,0,89.0
USR-002451,2025-01-23,2026-07-20,Free,Content,United States,4,4,1,1,2,13.2,0,1,0,Churned,1,0.0
USR-002452,2024-12-18,2026-08-12,Free,Paid Search,United States,11,7,4,2,2,15.4,0,0,0,Churned,1,0.0
USR-002453,2026-07-10,2026-09-27,Free,Organic Search,Australia,7,6,7,1,1,13.6,0,1,1,Free,0,0.0
USR-002454,2025-10-14,2026-09-21,Free,Social,Canada,10,8,8,0,2,11.1,0,0,0,Free,0,0.0
USR-002455,2025-01-30,2026-08-12,Free,Organic Search,Other,0,0,0,0,0,0.0,0,1,1,Churned,1,0.0
USR-002456,2025-10-10,2026-09-24,Pro,Referral,Canada,11,11,12,4,1,19.1,1,1,1,Active Paid,0,29.0
USR-002457,2025-01-23,2026-09-21,Free,Organic Search,United States,6,5,1,1,0,11.2,1,0,0,Free,0,0.0
USR-002458,2024-11-16,2026-09-22,Free,Social,France,7,7,5,1,1,12.1,0,1,0,Free,0,0.0
USR-002459,2025-10-11,2026-07-05,Free,Partnership,France,13,10,12,1,0,14.5,1,1,0,Churned,1,0.0
USR-002460,2026-08-04,2026-09-21,Pro,Organic Search,United States,12,11,12,2,3,11.4,0,1,1,Active Paid,0,29.0
USR-002461,2026-01-15,2026-09-23,Free,Organic Search,France,13,13,16,4,2,13.5,1,1,1,Free,0,0.0
USR-002462,2026-04-15,2026-09-27,Pro,Social,United States,10,10,10,3,2,20.5,1,1,1,Active Paid,0,29.0
USR-002463,2025-10-12,2026-09-23,Free,Partnership,United States,5,5,1,1,0,19.4,0,1,0,Free,0,0.0
USR-002464,2025-07-24,2026-09-28,Pro,Paid Search,United States,9,9,7,7,1,22.6,0,1,1,Active Paid,0,29.0
USR-002465,2025-10-19,2026-09-20,Free,Referral,Germany,8,8,4,2,0,11.7,0,0,0,Free,0,0.0
USR-002466,2026-04-29,2026-09-25,Free,Organic Search,France,7,7,4,0,0,14.3,1,1,0,Free,0,0.0
USR-002467,2026-02-12,2026-09-11,Free,Referral,United States,0,0,0,0,0,0.0,1,1,0,Churned,1,0.0
USR-002468,2025-05-18,2026-09-27,Pro,Paid Search,Australia,9,9,5,5,2,12.0,0,1,1,Active Paid,0,29.0
USR-002469,2026-08-27,2026-09-23,Free,Social,Australia,0,0,0,0,0,0.0,1,0,0,Free,0,0.0
USR-002470,2026-04-15,2026-09-26,Free,Organic Search,United Kingdom,13,13,18,4,4,20.2,0,1,1,Free,0,0.0
USR-002471,2024-12-16,2026-09-22,Free,Social,United States,6,6,1,0,0,11.8,0,1,0,Free,0,0.0
USR-002472,2026-07-07,2026-08-15,Free,Organic Search,United States,3,3,1,0,0,19.0,0,1,0,Churned,1,0.0
USR-002473,2025-11-23,2026-09-22,Pro,Referral,United States,14,13,15,7,4,18.4,1,1,1,Active Paid,0,29.0
USR-002474,2026-04-21,2026-09-20,Free,Referral,Other,0,0,0,0,1,0.0,0,0,0,Free,0,0.0
USR-002475,2026-07-03,2026-09-23,Free,Content,Australia,12,12,5,4,0,15.1,0,1,1,Free,0,0.0
USR-002476,2025-11-17,2026-08-11,Free,Partnership,United States,0,0,0,0,0,0.0,0,1,0,Churned,1,0.0
USR-002477,2025-09-08,2026-09-27,Free,Social,Canada,0,0,0,0,0,0.0,0,1,1,Free,0,0.0
USR-002478,2026-05-13,2026-09-26,Free,Referral,United States,12,12,16,4,2,22.2,0,1,1,Free,0,0.0
USR-002479,2026-07-22,2026-09-23,Free,Organic Search,United States,10,9,6,3,2,18.1,0,0,0,Free,0,0.0
USR-002480,2026-06-11,2026-09-27,Free,Content,United Kingdom,9,9,9,2,0,19.9,0,1,1,Free,0,0.0
USR-002481,2025-06-07,2026-08-04,Team,Social,United States,6,6,1,2,5,21.9,0,1,1,Churned,1,0.0
USR-002482,2025-01-08,2026-09-25,Free,Paid Search,United States,9,6,5,1,3,21.4,0,1,0,Free,0,0.0
USR-002483,2026-05-10,2026-09-23,Pro,Paid Search,United Kingdom,10,8,9,1,3,13.5,0,1,1,Active Paid,0,29.0
USR-002484,2026-01-29,2026-09-23,Free,Referral,United Kingdom,7,6,4,0,0,13.5,0,1,1,Free,0,0.0
USR-002485,2026-01-13,2026-09-21,Free,Content,Canada,0,0,0,0,0,0.0,0,0,0,Free,0,0.0
USR-002486,2026-01-01,2026-09-25,Free,Content,Canada,10,10,11,2,0,17.4,0,1,1,Free,0,0.0
USR-002487,2026-03-25,2026-09-24,Free,Social,United Kingdom,10,10,3,2,2,17.3,0,1,0,Free,0,0.0
USR-002488,2026-08-07,2026-09-21,Pro,Paid Search,Canada,7,7,7,1,0,23.1,0,1,1,Active Paid,0,29.0
USR-002489,2025-09-05,2026-09-22,Pro,Partnership,United Kingdom,6,6,3,0,1,22.6,0,0,1,Active Paid,0,29.0
USR-002490,2026-01-03,2026-09-29,Pro,Referral,Other,12,12,10,5,2,19.1,0,1,1,Active Paid,0,29.0
USR-002491,2026-01-14,2026-09-24,Pro,Social,United States,8,8,3,3,1,20.4,0,1,1,Active Paid,0,29.0
USR-002492,2026-03-10,2026-08-25,Free,Social,Germany,0,0,0,0,0,0.0,0,1,0,Churned,1,0.0
USR-002493,2024-11-20,2026-09-26,Free,Referral,United States,9,9,9,1,0,18.0,0,1,0,Free,0,0.0
USR-002494,2025-07-06,2026-09-25,Pro,Referral,United Kingdom,12,12,11,6,4,24.4,0,1,1,Active Paid,0,29.0
USR-002495,2025-11-20,2026-08-20,Free,Social,Canada,2,2,1,1,0,2.0,0,0,0,Churned,1,0.0
USR-002496,2026-04-22,2026-09-21,Free,Content,France,5,5,8,2,0,18.2,1,1,0,Free,0,0.0
USR-002497,2025-02-20,2026-09-04,Team,Content,Other,5,5,0,5,2,18.7,0,0,1,Churned,1,0.0
USR-002498,2024-12-19,2026-09-23,Team,Paid Search,Canada,0,0,0,0,0,0.0,1,1,1,Active Paid,0,89.0
USR-002499,2026-08-23,2026-08-23,Pro,Organic Search,United States,1,1,0,0,0,16.5,0,0,1,Churned,1,0.0
USR-002500,2024-11-20,2026-09-18,Free,Social,Australia,6,6,2,0,2,8.6,0,1,1,Free,0,0.0
USR-002501,2025-05-03,2026-09-22,Pro,Referral,United States,8,8,4,5,0,22.5,0,1,1,Active Paid,0,29.0
USR-002502,2026-07-06,2026-09-17,Free,Social,Canada,0,0,0,0,0,0.0,0,0,0,Free,0,0.0
USR-002503,2025-03-26,2026-09-19,Free,Content,Other,0,0,0,0,0,0.0,0,1,0,Free,0,0.0
USR-002504,2026-07-01,2026-09-25,Free,Organic Search,United Kingdom,9,9,9,3,1,10.1,0,1,0,Free,0,0.0
USR-002505,2026-08-10,2026-08-10,Team,Paid Search,Canada,0,0,0,0,0,0.0,1,0,1,Churned,1,0.0
USR-002506,2026-06-25,2026-07-19,Team,Content,United States,4,4,6,2,2,5.6,2,1,1,Churned,1,0.0
USR-002507,2025-10-22,2026-09-05,Pro,Partnership,United States,4,4,3,0,1,14.1,1,0,1,Churned,1,0.0
USR-002508,2025-06-30,2026-09-23,Free,Paid Search,Other,4,3,1,0,0,12.6,0,1,0,Free,0,0.0
USR-002509,2025-11-28,2026-09-20,Free,Organic Search,United States,8,8,3,1,1,16.2,0,1,1,Free,0,0.0
USR-002510,2026-06-20,2026-09-20,Free,Paid Search,United Kingdom,4,4,3,0,0,12.6,0,1,0,Free,0,0.0
USR-002511,2026-04-26,2026-09-25,Team,Social,Canada,5,5,4,1,1,12.2,0,1,1,Active Paid,0,89.0
USR-002512,2025-01-14,2026-09-25,Free,Social,United Kingdom,7,7,3,1,0,10.9,0,1,1,Free,0,0.0
USR-002513,2024-10-27,2026-08-18,Free,Paid Search,United States,2,2,0,0,0,10.8,0,0,0,Churned,1,0.0
USR-002514,2025-03-25,2026-09-23,Pro,Paid Search,United States,10,5,4,2,0,15.0,0,0,1,Active Paid,0,29.0
USR-002515,2026-07-04,2026-09-20,Free,Referral,Canada,6,6,2,0,1,11.5,0,1,1,Free,0,0.0
USR-002516,2025-02-06,2026-09-25,Pro,Referral,United Kingdom,5,5,5,2,2,21.8,0,1,1,Active Paid,0,29.0
USR-002517,2025-05-09,2026-09-21,Free,Referral,Australia,0,0,0,0,0,0.0,0,1,0,Free,0,0.0
USR-002518,2025-09-04,2026-09-24,Pro,Paid Search,United Kingdom,4,4,2,1,0,12.6,0,1,1,Active Paid,0,29.0
USR-002519,2026-06-05,2026-09-21,Free,Paid Search,Other,4,4,2,0,0,15.2,0,0,0,Free,0,0.0
USR-002520,2024-10-03,2026-07-28,Free,Paid Search,United States,0,0,0,0,0,0.0,1,1,1,Churned,1,0.0
USR-002521,2025-11-03,2026-09-25,Free,Partnership,United Kingdom,3,3,0,0,1,19.9,0,1,0,Free,0,0.0
USR-002522,2026-08-15,2026-09-17,Free,Paid Search,Other,3,3,0,1,0,16.4,0,0,0,Free,0,0.0
USR-002523,2026-04-18,2026-08-24,Pro,Social,Other,1,1,0,0,0,4.8,2,0,1,Churned,1,0.0
USR-002524,2025-12-03,2026-08-07,Free,Social,United Kingdom,13,5,8,1,0,15.5,0,1,1,Churned,1,0.0
USR-002525,2026-08-02,2026-08-09,Free,Content,United Kingdom,8,7,5,1,0,18.6,0,1,1,Churned,1,0.0
USR-002526,2026-01-27,2026-09-21,Pro,Paid Search,Other,6,6,6,0,0,16.5,1,1,1,Active Paid,0,29.0
USR-002527,2025-10-16,2026-09-27,Free,Paid Search,United States,9,9,3,2,3,8.9,0,1,0,Free,0,0.0
USR-002528,2024-11-06,2026-09-28,Pro,Content,United States,17,15,14,11,8,17.2,0,1,1,Active Paid,0,29.0
USR-002529,2026-07-16,2026-09-24,Pro,Organic Search,Canada,5,5,5,1,0,12.8,0,1,1,Active Paid,0,29.0
USR-002530,2025-07-30,2026-09-26,Free,Social,Australia,0,0,0,0,0,0.0,0,0,0,Free,0,0.0
USR-002531,2024-11-30,2026-09-24,Pro,Paid Search,Canada,10,10,6,8,2,16.5,0,1,1,Active Paid,0,29.0
USR-002532,2025-02-16,2026-09-23,Free,Partnership,Canada,8,6,5,1,0,17.3,0,1,0,Free,0,0.0
USR-002533,2024-11-23,2026-09-26,Free,Referral,Other,7,7,5,0,0,14.1,0,1,1,Free,0,0.0
USR-002534,2026-05-17,2026-09-23,Free,Organic Search,United States,8,8,2,2,0,19.1,1,1,0,Free,0,0.0
USR-002535,2025-02-20,2026-09-27,Pro,Content,Australia,12,12,17,2,0,18.9,0,1,1,Active Paid,0,29.0
USR-002536,2024-10-16,2026-09-22,Pro,Referral,United States,10,10,11,5,4,22.2,0,1,1,Active Paid,0,29.0
USR-002537,2026-01-25,2026-09-25,Free,Social,France,2,2,0,0,0,5.8,0,1,0,Free,0,0.0
USR-002538,2025-09-24,2026-09-25,Team,Organic Search,Canada,13,13,13,9,7,15.4,0,1,1,Active Paid,0,89.0
USR-002539,2025-09-01,2026-08-08,Free,Organic Search,United States,6,6,1,1,0,19.5,1,1,1,Churned,1,0.0
USR-002540,2025-09-28,2026-09-23,Team,Referral,Canada,9,9,6,0,2,12.7,0,1,1,Active Paid,0,89.0
USR-002541,2026-02-20,2026-09-26,Pro,Paid Search,Other,8,8,7,6,4,12.6,1,0,1,Active Paid,0,29.0
USR-002542,2024-10-21,2026-09-21,Team,Content,Canada,10,10,8,4,5,11.5,0,1,1,Active Paid,0,89.0
USR-002543,2024-11-01,2026-09-25,Team,Paid Search,United States,16,14,12,9,13,11.3,2,1,1,Active Paid,0,89.0
USR-002544,2025-12-17,2026-09-28,Team,Referral,United States,14,14,10,17,10,24.0,0,1,1,Active Paid,0,89.0
USR-002545,2025-02-17,2026-09-24,Free,Organic Search,Germany,1,1,0,0,0,21.7,1,1,0,Free,0,0.0
USR-002546,2025-12-05,2026-08-03,Pro,Referral,France,6,6,4,0,0,10.0,0,1,1,Churned,1,0.0
USR-002547,2025-02-24,2026-09-25,Pro,Organic Search,United Kingdom,11,11,8,3,3,18.5,0,1,1,Active Paid,0,29.0
USR-002548,2025-07-24,2026-09-14,Pro,Paid Search,United States,7,6,1,2,0,12.1,1,1,1,Active Paid,0,29.0
USR-002549,2025-10-14,2026-09-22,Free,Organic Search,France,16,14,17,12,4,18.2,0,1,1,Free,0,0.0
USR-002550,2026-06-16,2026-09-26,Team,Social,United States,8,4,3,2,5,15.9,1,0,1,Active Paid,0,89.0
USR-002551,2025-06-04,2026-09-13,Free,Paid Search,United States,6,6,5,3,0,10.9,1,1,0,Churned,1,0.0
USR-002552,2026-01-29,2026-09-24,Free,Referral,United Kingdom,4,4,2,0,0,14.8,0,1,1,Free,0,0.0
USR-002553,2026-04-13,2026-09-25,Free,Organic Search,Canada,9,9,5,0,2,21.4,0,1,0,Free,0,0.0
USR-002554,2026-04-30,2026-09-25,Free,Social,Other,5,5,0,0,0,14.5,1,0,0,Free,0,0.0
USR-002555,2024-10-13,2026-08-18,Pro,Social,Germany,6,4,3,0,1,14.2,1,1,1,Churned,1,0.0
USR-002556,2026-07-04,2026-09-25,Free,Organic Search,United States,5,5,0,0,0,12.9,0,0,0,Free,0,0.0
USR-002557,2025-02-22,2026-09-20,Pro,Organic Search,Australia,11,11,8,5,3,18.2,0,1,1,Active Paid,0,29.0
USR-002558,2025-01-04,2026-09-27,Pro,Paid Search,United States,8,8,3,3,1,17.2,0,0,1,Active Paid,0,29.0
USR-002559,2026-08-24,2026-09-25,Free,Social,Other,1,1,0,1,0,17.0,0,1,0,Free,0,0.0
USR-002560,2025-07-21,2026-09-24,Pro,Partnership,United Kingdom,10,10,12,1,6,18.1,1,1,1,Active Paid,0,29.0
USR-002561,2025-07-30,2026-09-28,Free,Organic Search,Other,10,10,7,2,2,11.5,2,1,0,Free,0,0.0
USR-002562,2026-01-02,2026-09-27,Pro,Referral,Other,16,15,15,8,6,24.9,1,1,1,Active Paid,0,29.0
USR-002563,2025-05-27,2026-09-20,Team,Referral,Other,7,5,9,1,5,17.0,1,1,1,Active Paid,0,89.0
USR-002564,2025-11-27,2026-09-24,Free,Referral,United States,5,5,3,2,1,13.1,1,1,1,Free,0,0.0
USR-002565,2025-11-05,2026-08-13,Pro,Social,Other,3,3,1,1,0,18.8,1,1,1,Churned,1,0.0
USR-002566,2025-11-11,2026-09-20,Free,Partnership,France,5,5,3,3,1,14.9,0,1,1,Free,0,0.0
USR-002567,2025-02-20,2026-09-26,Free,Social,United Kingdom,2,2,1,0,0,15.3,0,1,1,Free,0,0.0
USR-002568,2025-06-20,2026-08-17,Pro,Content,Canada,13,10,7,5,4,20.1,1,1,1,Churned,1,0.0
USR-002569,2025-12-18,2026-09-12,Free,Paid Search,Germany,5,2,1,0,0,14.9,0,0,0,Free,0,0.0
USR-002570,2024-11-22,2026-07-09,Pro,Content,Other,6,6,1,2,1,15.4,0,0,1,Churned,1,0.0
USR-002571,2025-02-19,2026-08-17,Free,Partnership,Australia,9,9,7,2,0,16.1,0,1,1,Churned,1,0.0
USR-002572,2024-11-18,2026-07-18,Free,Content,United Kingdom,10,10,5,0,1,14.7,0,1,1,Churned,1,0.0
USR-002573,2025-04-11,2026-09-24,Pro,Paid Search,Germany,0,0,0,0,0,0.0,0,0,1,Active Paid,0,29.0
USR-002574,2025-12-10,2026-09-24,Free,Content,United States,5,5,1,1,1,17.7,0,0,0,Free,0,0.0
USR-002575,2025-03-12,2026-09-12,Pro,Organic Search,United Kingdom,5,4,0,2,1,10.3,0,0,1,Churned,1,0.0
USR-002576,2026-01-23,2026-09-22,Free,Referral,Australia,9,4,6,1,1,12.1,0,1,0,Free,0,0.0
USR-002577,2026-03-06,2026-09-22,Pro,Paid Search,Germany,12,12,8,6,3,21.1,0,1,1,Active Paid,0,29.0
USR-002578,2025-10-28,2026-09-28,Pro,Referral,Australia,6,6,8,3,3,20.8,0,0,1,Active Paid,0,29.0
USR-002579,2024-10-22,2026-09-19,Free,Paid Search,Canada,5,5,3,0,1,12.0,0,1,0,Free,0,0.0
USR-002580,2025-08-05,2026-09-27,Free,Organic Search,United Kingdom,8,8,1,1,1,21.2,0,1,1,Free,0,0.0
USR-002581,2025-12-15,2026-09-22,Free,Organic Search,France,2,2,0,0,1,14.8,0,0,1,Free,0,0.0
USR-002582,2025-10-20,2026-09-28,Team,Organic Search,United States,14,14,12,6,6,19.7,0,0,1,Active Paid,0,89.0
USR-002583,2026-02-19,2026-09-27,Free,Paid Search,Other,8,8,10,6,1,18.4,0,1,1,Free,0,0.0
USR-002584,2025-06-01,2026-09-17,Free,Content,Other,4,4,2,2,0,18.2,0,1,0,Free,0,0.0
USR-002585,2026-01-08,2026-07-13,Pro,Referral,Other,7,7,11,0,0,19.7,1,0,1,Churned,1,0.0
USR-002586,2025-08-15,2026-09-24,Free,Content,Other,11,7,0,0,0,12.3,0,1,0,Free,0,0.0
USR-002587,2025-12-25,2026-09-16,Free,Content,Canada,5,1,1,0,0,10.8,0,1,0,Free,0,0.0
USR-002588,2026-01-29,2026-07-27,Free,Paid Search,Canada,0,0,0,0,0,0.0,0,1,0,Churned,1,0.0
USR-002589,2024-10-22,2026-09-01,Free,Social,Australia,4,4,1,0,0,13.0,1,1,0,Churned,1,0.0
USR-002590,2026-01-11,2026-09-25,Pro,Social,United States,13,9,7,4,2,12.2,2,0,1,Active Paid,0,29.0
USR-002591,2026-07-27,2026-09-20,Team,Organic Search,Other,6,6,4,4,1,24.4,0,0,1,Active Paid,0,89.0
USR-002592,2025-12-19,2026-09-23,Team,Social,United States,6,6,2,4,6,13.9,0,1,1,Active Paid,0,89.0
USR-002593,2025-08-31,2026-09-25,Team,Referral,Other,12,11,12,6,10,21.4,0,1,1,Active Paid,0,89.0
USR-002594,2026-07-10,2026-09-15,Free,Social,Canada,1,1,0,0,0,10.6,2,1,0,Free,0,0.0
USR-002595,2026-02-09,2026-09-18,Free,Referral,Other,4,4,2,0,1,18.6,0,1,0,Free,0,0.0
USR-002596,2026-05-20,2026-08-29,Pro,Organic Search,Canada,6,6,1,1,0,14.5,1,0,1,Churned,1,0.0
USR-002597,2025-09-23,2026-07-31,Team,Referral,Germany,11,11,10,8,4,18.5,0,1,1,Churned,1,0.0
USR-002598,2025-04-16,2026-09-20,Pro,Organic Search,Other,1,1,2,0,0,6.1,1,0,1,Active Paid,0,29.0
USR-002599,2024-10-23,2026-09-22,Free,Content,United Kingdom,4,4,3,0,0,10.3,0,0,0,Free,0,0.0
USR-002600,2025-12-11,2026-09-20,Pro,Organic Search,United States,7,4,4,4,0,16.4,0,1,1,Active Paid,0,29.0
USR-002601,2025-01-06,2026-08-07,Pro,Social,United States,12,7,10,3,0,8.1,0,1,1,Churned,1,0.0
USR-002602,2026-04-15,2026-09-22,Team,Social,Germany,7,7,2,1,2,11.9,0,0,1,Active Paid,0,89.0
USR-002603,2025-03-06,2026-09-24,Pro,Paid Search,Germany,11,7,3,3,1,2.9,0,1,1,Active Paid,0,29.0
USR-002604,2025-08-09,2026-08-20,Free,Paid Search,Germany,5,5,1,0,0,3.0,1,0,0,Churned,1,0.0
USR-002605,2025-03-22,2026-09-22,Free,Organic Search,United States,5,5,4,0,0,17.1,0,1,1,Free,0,0.0
USR-002606,2025-03-24,2026-09-16,Free,Social,United States,0,0,0,0,0,0.0,0,1,0,Free,0,0.0
USR-002607,2025-08-31,2026-09-23,Free,Content,Other,8,7,7,0,1,15.8,0,1,0,Free,0,0.0
USR-002608,2026-03-15,2026-09-23,Team,Paid Search,France,4,4,0,2,0,18.7,0,1,1,Active Paid,0,89.0
USR-002609,2025-09-04,2026-09-21,Free,Social,United States,4,4,0,0,0,10.3,1,0,0,Free,0,0.0
USR-002610,2025-02-01,2026-09-23,Free,Content,United States,8,8,0,0,0,13.8,0,1,0,Free,0,0.0
USR-002611,2024-10-21,2026-09-15,Free,Social,United States,7,7,4,0,1,10.4,1,1,0,Free,0,0.0
USR-002612,2024-11-21,2026-09-26,Pro,Content,Australia,14,14,8,10,5,19.9,1,1,1,Active Paid,0,29.0
USR-002613,2026-05-09,2026-09-24,Free,Paid Search,France,12,12,6,2,2,15.1,0,1,0,Free,0,0.0
USR-002614,2025-07-15,2026-09-23,Free,Paid Search,Germany,10,8,6,0,0,8.8,0,0,1,Free,0,0.0
USR-002615,2026-07-03,2026-09-21,Pro,Organic Search,Germany,7,7,1,0,0,12.3,0,0,1,Active Paid,0,29.0
USR-002616,2025-05-25,2026-09-24,Free,Organic Search,Other,12,10,8,1,2,20.8,1,1,0,Free,0,0.0
USR-002617,2024-10-06,2026-09-23,Free,Social,United Kingdom,6,6,2,2,1,17.6,0,0,0,Free,0,0.0
USR-002618,2026-08-09,2026-09-02,Free,Content,United Kingdom,5,5,3,0,1,14.2,1,1,1,Churned,1,0.0
USR-002619,2025-06-03,2026-09-22,Free,Organic Search,United Kingdom,9,8,4,0,1,3.4,0,1,0,Free,0,0.0
USR-002620,2024-11-08,2026-09-24,Pro,Content,Other,10,9,11,3,4,20.3,1,1,1,Active Paid,0,29.0
USR-002621,2025-01-18,2026-09-22,Team,Paid Search,Canada,13,13,12,12,4,12.7,0,0,1,Active Paid,0,89.0
USR-002622,2025-12-09,2026-09-23,Free,Paid Search,Canada,11,5,10,2,1,12.7,0,1,0,Free,0,0.0
USR-002623,2026-07-03,2026-08-19,Team,Content,Australia,11,10,6,7,5,15.7,2,0,1,Churned,1,0.0
USR-002624,2024-11-24,2026-09-19,Pro,Content,United States,7,7,6,4,5,22.3,1,1,1,Active Paid,0,29.0
USR-002625,2024-11-26,2026-09-24,Free,Social,United Kingdom,4,4,1,1,0,13.9,0,1,0,Free,0,0.0
USR-002626,2025-07-29,2026-09-02,Free,Paid Search,Germany,11,6,10,2,2,18.6,0,1,0,Churned,1,0.0
USR-002627,2024-10-16,2026-09-23,Free,Organic Search,Other,7,7,4,2,1,7.9,0,1,0,Free,0,0.0
USR-002628,2026-09-12,2026-09-22,Team,Paid Search,United States,11,11,9,5,7,19.3,0,1,1,Active Paid,0,89.0
USR-002629,2025-07-02,2026-09-23,Free,Content,United Kingdom,7,7,4,2,0,19.3,1,0,0,Free,0,0.0
USR-002630,2026-08-19,2026-08-19,Free,Paid Search,Other,3,3,2,0,0,9.6,0,0,0,Churned,1,0.0
USR-002631,2024-11-15,2026-09-22,Pro,Referral,France,11,11,14,3,3,17.1,0,1,1,Active Paid,0,29.0
USR-002632,2025-05-17,2026-09-22,Team,Organic Search,Germany,9,9,10,3,5,24.5,0,1,1,Active Paid,0,89.0
USR-002633,2024-12-01,2026-09-24,Pro,Social,United States,9,9,3,5,1,13.3,0,1,1,Active Paid,0,29.0
USR-002634,2025-08-09,2026-08-19,Pro,Paid Search,United States,6,6,5,3,3,19.4,0,0,1,Churned,1,0.0
USR-002635,2026-07-18,2026-09-23,Free,Social,United Kingdom,7,6,3,1,0,8.9,0,1,1,Free,0,0.0
USR-002636,2026-08-28,2026-09-23,Team,Social,United States,13,13,10,7,10,16.4,0,1,1,Active Paid,0,89.0
USR-002637,2026-01-19,2026-09-26,Free,Partnership,Australia,1,1,0,0,0,13.6,1,1,1,Free,0,0.0
USR-002638,2025-04-02,2026-08-05,Free,Content,France,5,5,0,0,0,4.4,3,1,0,Churned,1,0.0
USR-002639,2026-05-31,2026-09-25,Team,Referral,Australia,7,7,4,5,4,17.0,0,1,1,Active Paid,0,89.0
USR-002640,2025-01-14,2026-09-22,Free,Organic Search,United States,4,4,0,0,1,17.5,1,1,0,Free,0,0.0
USR-002641,2026-03-28,2026-09-19,Free,Content,United States,0,0,0,0,0,0.0,0,1,0,Free,0,0.0
USR-002642,2025-09-26,2026-07-20,Pro,Content,Australia,7,7,2,1,1,17.6,1,1,1,Churned,1,0.0
USR-002643,2026-04-23,2026-09-25,Free,Content,United States,7,7,3,0,0,9.1,0,1,0,Free,0,0.0
USR-002644,2025-10-17,2026-09-26,Free,Social,United States,3,3,3,1,0,21.5,0,1,1,Free,0,0.0
USR-002645,2025-10-27,2026-09-25,Pro,Organic Search,United Kingdom,8,8,6,7,2,21.0,1,1,1,Active Paid,0,29.0
USR-002646,2026-09-12,2026-09-24,Pro,Referral,United States,13,13,14,11,5,15.4,0,1,1,Active Paid,0,29.0
USR-002647,2025-08-06,2026-09-20,Pro,Paid Search,United States,2,2,2,0,1,9.4,1,1,1,Active Paid,0,29.0
USR-002648,2025-03-02,2026-09-21,Free,Paid Search,United Kingdom,8,8,5,1,1,7.0,0,1,1,Free,0,0.0
USR-002649,2024-11-15,2026-09-21,Free,Paid Search,Other,5,5,3,0,0,6.4,0,1,1,Free,0,0.0
USR-002650,2026-01-22,2026-09-22,Pro,Social,United States,7,7,9,1,2,17.1,1,1,1,Active Paid,0,29.0
USR-002651,2024-12-25,2026-08-09,Free,Paid Search,Canada,0,0,0,0,0,0.0,0,0,0,Churned,1,0.0
USR-002652,2024-12-26,2026-09-25,Free,Referral,Canada,5,5,1,1,0,13.7,0,1,1,Free,0,0.0
USR-002653,2024-10-09,2026-07-10,Free,Referral,Canada,3,1,1,0,0,8.8,0,1,0,Churned,1,0.0
USR-002654,2025-12-23,2026-09-23,Free,Social,Canada,5,5,5,1,0,15.6,0,1,1,Free,0,0.0
USR-002655,2025-01-15,2026-09-22,Free,Organic Search,United States,5,5,2,0,0,12.5,0,1,0,Free,0,0.0
USR-002656,2025-08-07,2026-09-26,Pro,Partnership,United States,12,7,8,3,2,9.9,0,0,1,Active Paid,0,29.0
USR-002657,2026-08-05,2026-09-23,Team,Paid Search,Canada,9,9,8,5,3,14.0,0,1,1,Active Paid,0,89.0
USR-002658,2026-03-06,2026-09-04,Free,Paid Search,Other,5,5,1,1,0,13.5,0,0,0,Churned,1,0.0
USR-002659,2025-05-23,2026-09-20,Pro,Social,United Kingdom,11,11,12,1,1,15.8,2,1,1,Active Paid,0,29.0
USR-002660,2026-05-24,2026-09-27,Free,Paid Search,Canada,3,3,1,0,0,13.0,0,1,0,Free,0,0.0
USR-002661,2025-11-09,2026-09-23,Free,Referral,Other,8,7,3,1,0,19.3,0,1,1,Free,0,0.0
USR-002662,2025-03-10,2026-09-25,Pro,Organic Search,Australia,9,9,3,4,2,20.2,1,1,1,Active Paid,0,29.0
USR-002663,2026-05-31,2026-09-22,Free,Content,Australia,5,5,2,2,0,9.4,1,1,1,Free,0,0.0
USR-002664,2025-09-25,2026-09-22,Team,Organic Search,Canada,20,18,19,8,18,14.4,2,1,1,Active Paid,0,89.0
USR-002665,2026-04-15,2026-09-18,Free,Partnership,Other,12,4,5,1,1,5.6,0,1,0,Free,0,0.0
USR-002666,2025-08-28,2026-09-23,Free,Referral,Germany,4,4,3,0,0,12.7,0,1,0,Free,0,0.0
USR-002667,2026-03-27,2026-09-24,Free,Organic Search,Germany,7,7,4,1,1,17.0,1,1,1,Free,0,0.0
USR-002668,2024-10-25,2026-09-21,Free,Social,Australia,9,7,5,4,0,21.8,0,1,0,Free,0,0.0
USR-002669,2026-07-23,2026-09-24,Team,Paid Search,United Kingdom,13,13,12,5,10,14.2,1,0,1,Active Paid,0,89.0
USR-002670,2024-10-27,2026-09-24,Pro,Partnership,Other,8,8,5,1,0,16.4,0,1,1,Active Paid,0,29.0
USR-002671,2025-02-26,2026-07-09,Free,Referral,Other,0,0,0,0,0,0.0,0,1,1,Churned,1,0.0
USR-002672,2025-01-12,2026-09-22,Free,Social,Germany,4,4,1,0,0,12.5,0,1,1,Free,0,0.0
USR-002673,2025-01-15,2026-07-05,Pro,Paid Search,United States,0,0,0,0,0,0.0,0,1,1,Churned,1,0.0
USR-002674,2026-05-04,2026-09-23,Pro,Partnership,Australia,6,6,6,3,3,14.7,0,1,1,Active Paid,0,29.0
USR-002675,2024-11-19,2026-09-19,Free,Referral,United Kingdom,6,6,0,1,0,14.9,0,1,0,Free,0,0.0
USR-002676,2025-07-18,2026-09-21,Free,Social,Germany,0,0,0,0,0,0.0,0,1,0,Free,0,0.0
USR-002677,2024-10-28,2026-09-22,Free,Paid Search,United States,4,4,3,2,1,13.9,0,1,0,Free,0,0.0
USR-002678,2024-12-27,2026-09-21,Free,Paid Search,Australia,10,9,2,0,1,18.2,1,0,0,Free,0,0.0
USR-002679,2025-07-28,2026-09-24,Free,Referral,Other,6,6,2,2,1,13.6,1,1,0,Free,0,0.0
USR-002680,2025-12-22,2026-09-22,Free,Social,United States,4,4,1,0,1,15.7,0,1,0,Free,0,0.0
USR-002681,2026-06-24,2026-09-25,Free,Content,France,12,12,7,2,2,14.0,0,1,0,Free,0,0.0
USR-002682,2026-07-05,2026-08-14,Free,Social,Other,6,6,0,0,1,15.3,2,0,0,Churned,1,0.0
USR-002683,2025-12-11,2026-09-17,Free,Social,United States,2,2,0,1,1,13.6,0,0,0,Free,0,0.0
USR-002684,2025-02-13,2026-08-02,Team,Social,United States,5,5,1,3,3,19.1,0,1,1,Churned,1,0.0
USR-002685,2025-09-19,2026-07-26,Pro,Referral,United Kingdom,5,5,4,3,0,24.2,1,0,1,Churned,1,0.0
USR-002686,2025-10-06,2026-09-20,Free,Paid Search,Australia,6,5,1,0,0,22.2,0,1,0,Free,0,0.0
USR-002687,2026-03-25,2026-07-08,Free,Content,Canada,5,5,4,1,1,9.1,0,1,1,Churned,1,0.0
USR-002688,2025-08-08,2026-09-08,Free,Paid Search,United States,0,0,0,0,0,0.0,1,0,0,Churned,1,0.0
USR-002689,2025-06-16,2026-09-19,Pro,Referral,United States,7,6,7,1,1,9.3,0,1,1,Active Paid,0,29.0
USR-002690,2024-10-13,2026-09-26,Pro,Content,Canada,12,12,10,3,4,28.4,0,1,1,Active Paid,0,29.0
USR-002691,2025-04-12,2026-09-22,Free,Referral,United States,6,6,3,2,1,11.8,0,1,0,Free,0,0.0
USR-002692,2025-07-08,2026-09-22,Team,Paid Search,Germany,10,10,8,4,2,16.6,0,1,1,Active Paid,0,89.0
USR-002693,2024-12-04,2026-09-20,Pro,Referral,United States,7,7,4,1,0,17.3,1,1,1,Active Paid,0,29.0
USR-002694,2025-11-16,2026-09-29,Pro,Organic Search,Australia,11,11,11,4,3,19.7,0,1,1,Active Paid,0,29.0
USR-002695,2024-11-16,2026-09-28,Free,Organic Search,France,14,9,11,3,1,19.5,1,1,1,Free,0,0.0
USR-002696,2025-12-25,2026-09-20,Free,Content,Other,0,0,0,0,0,0.0,0,1,0,Free,0,0.0
USR-002697,2026-06-16,2026-09-24,Pro,Content,United States,7,7,7,4,1,22.5,0,1,1,Active Paid,0,29.0
USR-002698,2025-11-21,2026-09-27,Free,Organic Search,Germany,6,6,10,1,1,12.4,1,1,1,Free,0,0.0
USR-002699,2026-06-15,2026-09-23,Pro,Partnership,Australia,11,7,8,3,1,13.4,1,0,1,Active Paid,0,29.0
USR-002700,2026-06-23,2026-09-25,Pro,Paid Search,Canada,7,7,0,3,4,16.1,0,0,1,Active Paid,0,29.0
USR-002701,2024-12-24,2026-09-14,Free,Content,United States,0,0,0,0,0,0.0,0,1,1,Free,0,0.0
USR-002702,2025-02-24,2026-09-24,Free,Content,United States,8,8,1,0,1,14.3,0,1,0,Free,0,0.0
USR-002703,2026-04-10,2026-09-21,Free,Content,Germany,3,3,0,1,1,13.7,0,1,0,Free,0,0.0
USR-002704,2025-01-25,2026-09-19,Free,Content,Canada,8,6,3,1,2,10.3,0,1,1,Free,0,0.0
USR-002705,2026-07-28,2026-09-22,Pro,Partnership,Other,7,7,4,6,0,22.8,0,1,1,Active Paid,0,29.0
USR-002706,2026-02-24,2026-09-22,Pro,Referral,Australia,6,6,1,0,0,9.2,0,1,1,Active Paid,0,29.0
USR-002707,2025-04-29,2026-07-12,Free,Organic Search,France,0,0,0,0,0,0.0,1,0,0,Churned,1,0.0
USR-002708,2026-02-10,2026-09-27,Pro,Paid Search,Other,6,6,1,1,0,8.3,0,1,1,Active Paid,0,29.0
USR-002709,2025-04-11,2026-09-24,Free,Referral,France,8,8,6,0,0,19.9,0,1,0,Free,0,0.0
USR-002710,2024-12-29,2026-09-27,Pro,Organic Search,United States,11,11,5,3,2,19.1,0,1,1,Active Paid,0,29.0
USR-002711,2026-07-30,2026-09-22,Free,Partnership,United States,3,3,1,1,1,10.2,1,1,1,Free,0,0.0
USR-002712,2026-08-29,2026-09-24,Pro,Organic Search,Australia,11,11,4,3,1,20.8,1,1,1,Active Paid,0,29.0
USR-002713,2024-11-12,2026-09-25,Pro,Content,United Kingdom,4,4,1,2,0,12.4,2,1,1,Active Paid,0,29.0
USR-002714,2025-09-08,2026-09-19,Free,Social,Other,2,2,0,1,0,2.0,1,0,0,Free,0,0.0
USR-002715,2025-09-18,2026-09-14,Free,Content,United States,2,2,1,0,2,16.6,0,1,0,Free,0,0.0
USR-002716,2025-10-19,2026-09-26,Pro,Partnership,United States,5,5,6,1,0,9.7,0,0,1,Active Paid,0,29.0
USR-002717,2025-11-09,2026-09-20,Free,Paid Search,Australia,5,5,1,0,0,8.0,0,1,0,Free,0,0.0
USR-002718,2025-05-10,2026-09-26,Pro,Referral,Other,11,11,12,6,2,12.7,0,1,1,Active Paid,0,29.0
USR-002719,2025-07-28,2026-09-24,Team,Organic Search,Other,9,9,6,1,2,11.6,0,0,1,Active Paid,0,89.0
USR-002720,2026-05-22,2026-09-22,Pro,Content,United States,10,10,6,2,1,22.4,0,1,1,Active Paid,0,29.0
USR-002721,2025-06-24,2026-09-21,Free,Content,United Kingdom,8,8,6,2,3,21.7,0,0,0,Free,0,0.0
USR-002722,2025-05-26,2026-09-25,Pro,Paid Search,Germany,1,1,2,0,1,12.0,0,0,1,Active Paid,0,29.0
USR-002723,2026-06-26,2026-09-23,Team,Organic Search,Other,7,7,7,3,4,15.6,0,1,1,Active Paid,0,89.0
USR-002724,2025-12-20,2026-07-20,Pro,Paid Search,United States,9,9,8,3,5,19.1,0,1,1,Churned,1,0.0
USR-002725,2025-02-27,2026-09-25,Free,Organic Search,Germany,9,9,5,2,0,11.1,0,1,0,Free,0,0.0
USR-002726,2025-06-30,2026-09-12,Free,Content,United States,5,5,0,2,2,15.4,0,1,1,Free,0,0.0
USR-002727,2026-06-10,2026-09-26,Pro,Paid Search,France,6,6,4,0,2,18.8,3,0,1,Active Paid,0,29.0
USR-002728,2026-08-18,2026-09-23,Free,Partnership,United States,0,0,0,0,0,0.0,0,1,0,Free,0,0.0
USR-002729,2025-07-27,2026-09-18,Free,Partnership,Other,8,8,6,4,0,20.9,0,1,0,Free,0,0.0
USR-002730,2025-10-20,2026-09-22,Free,Content,United States,2,2,0,0,0,6.4,0,1,1,Free,0,0.0
USR-002731,2024-10-28,2026-09-23,Pro,Social,France,6,6,2,1,1,12.4,1,1,1,Active Paid,0,29.0
USR-002732,2025-09-07,2026-09-27,Free,Paid Search,Australia,8,8,5,0,1,22.9,0,0,0,Free,0,0.0
USR-002733,2024-11-18,2026-09-22,Pro,Content,United States,5,5,3,1,1,22.1,0,1,1,Active Paid,0,29.0
USR-002734,2026-04-15,2026-09-26,Pro,Referral,United States,13,13,14,8,2,13.7,1,1,1,Active Paid,0,29.0
USR-002735,2025-10-31,2026-09-28,Team,Partnership,Germany,9,9,7,8,6,24.8,0,1,1,Active Paid,0,89.0
USR-002736,2026-06-08,2026-07-18,Team,Paid Search,Germany,6,6,8,7,4,12.4,1,1,1,Churned,1,0.0
USR-002737,2025-08-01,2026-07-25,Free,Organic Search,France,0,0,0,0,0,0.0,1,1,1,Churned,1,0.0
USR-002738,2026-05-04,2026-09-29,Pro,Partnership,Germany,6,6,6,1,0,15.3,0,1,1,Active Paid,0,29.0
USR-002739,2025-09-29,2026-09-26,Free,Content,United States,0,0,0,0,0,0.0,0,1,0,Free,0,0.0
USR-002740,2026-01-12,2026-09-27,Team,Organic Search,Other,10,8,1,2,5,17.4,0,0,1,Active Paid,0,89.0
USR-002741,2026-05-06,2026-09-28,Free,Referral,United States,6,6,3,4,1,16.9,1,1,0,Free,0,0.0
USR-002742,2026-07-08,2026-09-27,Pro,Organic Search,Canada,12,8,8,5,0,14.3,0,1,1,Active Paid,0,29.0
USR-002743,2025-09-14,2026-09-25,Pro,Social,Other,10,8,6,4,1,23.1,1,1,1,Active Paid,0,29.0
USR-002744,2024-11-07,2026-09-25,Free,Paid Search,Other,4,4,7,0,2,11.4,0,0,0,Free,0,0.0
USR-002745,2026-04-26,2026-09-22,Pro,Paid Search,United States,6,6,0,5,0,11.9,0,1,1,Active Paid,0,29.0
USR-002746,2025-11-30,2026-09-18,Free,Organic Search,United States,0,0,0,0,0,0.0,0,1,0,Free,0,0.0
USR-002747,2026-04-08,2026-07-17,Free,Paid Search,Germany,5,5,2,1,0,8.5,0,1,1,Churned,1,0.0
USR-002748,2025-02-14,2026-07-20,Free,Social,United Kingdom,0,0,0,0,0,0.0,0,0,1,Churned,1,0.0
USR-002749,2025-11-23,2026-09-13,Free,Organic Search,France,10,10,8,1,0,15.0,0,1,0,Churned,1,0.0
USR-002750,2024-10-19,2026-09-26,Pro,Social,Canada,10,10,7,9,3,13.8,0,0,1,Active Paid,0,29.0
USR-002751,2026-03-24,2026-07-02,Team,Social,United States,10,8,7,4,7,19.5,0,0,1,Churned,1,0.0
USR-002752,2026-07-20,2026-08-08,Free,Referral,United Kingdom,11,11,7,4,1,15.7,0,0,0,Churned,1,0.0
USR-002753,2025-07-26,2026-09-23,Pro,Referral,France,12,12,12,8,3,18.1,0,1,1,Active Paid,0,29.0
USR-002754,2025-06-07,2026-09-25,Team,Organic Search,Australia,12,12,12,4,5,19.1,0,1,1,Active Paid,0,89.0
USR-002755,2024-10-07,2026-09-26,Pro,Organic Search,United Kingdom,7,7,4,1,1,17.3,0,0,1,Active Paid,0,29.0
USR-002756,2024-12-31,2026-09-23,Free,Content,United States,6,6,2,0,2,7.6,0,0,1,Free,0,0.0
USR-002757,2024-12-22,2026-09-24,Team,Content,United Kingdom,3,3,1,0,2,19.0,0,0,1,Active Paid,0,89.0
USR-002758,2025-06-19,2026-09-23,Free,Partnership,Germany,3,3,0,0,0,9.3,0,0,0,Free,0,0.0
USR-002759,2026-01-01,2026-09-26,Pro,Partnership,France,6,6,2,1,0,7.3,1,1,1,Active Paid,0,29.0
USR-002760,2025-11-13,2026-08-31,Pro,Referral,Other,8,8,6,1,2,21.7,1,1,1,Churned,1,0.0
USR-002761,2026-06-12,2026-09-23,Pro,Content,Other,7,7,4,0,1,20.0,0,0,1,Active Paid,0,29.0
USR-002762,2025-11-11,2026-09-22,Free,Paid Search,Canada,3,3,1,0,0,12.0,0,1,0,Free,0,0.0
USR-002763,2025-12-29,2026-08-06,Free,Content,Other,0,0,1,0,1,0.0,0,0,0,Churned,1,0.0
USR-002764,2026-08-21,2026-09-20,Pro,Partnership,United States,1,1,1,1,0,10.0,0,0,1,Active Paid,0,29.0
USR-002765,2026-04-22,2026-09-24,Free,Content,Canada,6,6,6,2,1,9.0,0,1,1,Free,0,0.0
USR-002766,2025-08-29,2026-09-29,Free,Paid Search,Canada,7,7,5,1,3,13.5,0,1,0,Free,0,0.0
USR-002767,2025-12-25,2026-09-24,Pro,Paid Search,Australia,12,11,6,3,4,10.8,0,1,1,Active Paid,0,29.0
USR-002768,2024-10-05,2026-09-25,Pro,Paid Search,Australia,8,8,6,1,3,15.8,3,0,1,Active Paid,0,29.0
USR-002769,2025-10-08,2026-09-21,Free,Paid Search,United States,6,6,2,1,0,13.5,0,1,1,Free,0,0.0
USR-002770,2024-10-30,2026-09-25,Free,Content,Other,7,7,5,1,1,16.8,0,1,0,Free,0,0.0
USR-002771,2025-05-31,2026-09-26,Team,Referral,Other,13,13,12,5,10,15.6,0,1,1,Active Paid,0,89.0
USR-002772,2026-08-18,2026-08-18,Free,Organic Search,Other,0,0,0,0,0,0.0,0,0,0,Churned,1,0.0
USR-002773,2026-04-23,2026-09-25,Free,Referral,United Kingdom,8,8,4,3,3,19.6,0,1,1,Free,0,0.0
USR-002774,2025-04-29,2026-09-11,Free,Paid Search,Other,3,3,0,0,0,15.4,1,1,1,Churned,1,0.0
USR-002775,2025-08-22,2026-08-22,Free,Social,Australia,5,5,3,0,0,9.5,2,1,0,Churned,1,0.0
USR-002776,2026-02-12,2026-09-24,Team,Paid Search,Germany,12,8,13,4,10,13.8,1,1,1,Active Paid,0,89.0
USR-002777,2025-09-07,2026-09-23,Free,Social,United Kingdom,4,4,2,2,2,11.8,1,0,0,Free,0,0.0
USR-002778,2024-12-09,2026-09-23,Free,Referral,Other,10,7,4,4,0,15.7,0,1,0,Free,0,0.0
USR-002779,2025-12-12,2026-07-29,Free,Referral,Australia,0,0,0,0,0,0.0,0,1,1,Churned,1,0.0
USR-002780,2026-08-14,2026-09-25,Free,Referral,Germany,11,11,5,1,5,18.0,1,1,1,Free,0,0.0
USR-002781,2026-02-05,2026-09-21,Free,Paid Search,Other,3,3,1,0,0,10.8,0,1,0,Free,0,0.0
USR-002782,2024-11-15,2026-09-25,Team,Referral,United States,13,13,8,11,12,22.2,0,1,1,Active Paid,0,89.0
USR-002783,2025-03-20,2026-09-27,Pro,Organic Search,Germany,10,10,3,2,2,18.2,0,1,1,Active Paid,0,29.0
USR-002784,2025-01-25,2026-09-28,Free,Social,United Kingdom,7,7,3,0,1,12.2,2,1,1,Free,0,0.0
USR-002785,2024-12-03,2026-08-24,Free,Social,United Kingdom,1,1,2,0,0,19.4,1,0,1,Churned,1,0.0
USR-002786,2026-06-23,2026-09-27,Free,Referral,United Kingdom,8,8,5,4,3,14.2,0,1,0,Free,0,0.0
USR-002787,2026-02-25,2026-09-26,Free,Content,United Kingdom,8,8,6,2,2,12.9,1,0,1,Free,0,0.0
USR-002788,2026-08-04,2026-08-27,Pro,Paid Search,United Kingdom,10,10,9,7,5,15.5,0,1,1,Churned,1,0.0
USR-002789,2026-09-12,2026-09-25,Free,Content,United States,3,3,0,0,0,9.7,0,1,0,Free,0,0.0
USR-002790,2025-01-27,2026-09-19,Pro,Paid Search,United States,3,3,1,0,0,11.3,0,1,1,Active Paid,0,29.0
USR-002791,2024-11-15,2026-09-25,Team,Social,France,8,8,4,1,3,15.4,1,0,1,Active Paid,0,89.0
USR-002792,2026-05-27,2026-09-28,Free,Content,United Kingdom,9,9,12,5,4,19.6,0,1,0,Free,0,0.0
USR-002793,2025-04-17,2026-09-27,Team,Referral,United States,9,9,5,7,8,29.1,0,1,1,Active Paid,0,89.0
USR-002794,2025-08-29,2026-07-30,Free,Content,United States,5,5,1,0,1,10.0,0,1,1,Churned,1,0.0
USR-002795,2026-07-28,2026-09-21,Free,Content,United States,9,6,3,1,0,10.8,0,1,0,Free,0,0.0
USR-002796,2024-11-30,2026-08-08,Pro,Paid Search,United States,0,0,1,0,0,0.0,1,0,1,Churned,1,0.0
USR-002797,2025-01-01,2026-09-26,Free,Partnership,Other,0,0,0,0,0,0.0,1,1,0,Free,0,0.0
USR-002798,2025-08-06,2026-09-27,Free,Partnership,Canada,10,10,12,1,3,19.3,0,0,0,Free,0,0.0
USR-002799,2025-04-27,2026-09-24,Pro,Paid Search,United Kingdom,9,9,7,3,1,22.0,0,0,1,Active Paid,0,29.0
USR-002800,2025-12-05,2026-09-21,Free,Organic Search,Canada,4,4,1,0,0,8.5,0,1,1,Free,0,0.0
USR-002801,2025-02-26,2026-09-26,Pro,Paid Search,United States,12,12,10,3,4,14.6,1,1,1,Active Paid,0,29.0
USR-002802,2025-11-01,2026-09-21,Free,Content,France,5,5,2,0,0,10.0,0,1,0,Free,0,0.0
USR-002803,2024-10-08,2026-09-21,Pro,Partnership,Other,7,5,4,0,1,16.5,1,1,1,Active Paid,0,29.0
USR-002804,2026-08-01,2026-08-01,Free,Content,United States,5,5,4,2,1,14.2,2,0,0,Churned,1,0.0
USR-002805,2026-05-15,2026-07-04,Free,Paid Search,United States,0,0,1,0,0,0.0,1,0,0,Churned,1,0.0
USR-002806,2024-10-23,2026-09-13,Free,Organic Search,Germany,13,10,5,4,4,13.4,2,1,0,Churned,1,0.0
USR-002807,2026-02-21,2026-08-27,Pro,Social,United States,0,0,1,1,0,0.0,0,0,1,Churned,1,0.0
USR-002808,2026-02-05,2026-09-22,Free,Paid Search,United States,8,8,5,0,2,13.5,0,1,0,Free,0,0.0
USR-002809,2025-02-27,2026-09-29,Team,Organic Search,France,17,10,17,8,14,30.6,0,1,1,Active Paid,0,89.0
USR-002810,2026-05-03,2026-09-22,Free,Organic Search,Germany,1,1,1,0,0,6.8,0,1,1,Free,0,0.0
USR-002811,2025-09-13,2026-09-24,Free,Organic Search,United States,4,4,5,1,0,21.6,1,0,0,Free,0,0.0
USR-002812,2026-02-23,2026-09-19,Free,Organic Search,Australia,3,3,0,0,1,9.7,1,1,1,Free,0,0.0
USR-002813,2026-04-27,2026-09-25,Free,Referral,United States,7,7,8,1,1,10.4,0,1,1,Free,0,0.0
USR-002814,2024-10-26,2026-09-24,Team,Paid Search,United Kingdom,7,7,2,1,3,15.8,1,1,1,Active Paid,0,89.0
USR-002815,2026-04-26,2026-08-30,Free,Paid Search,France,2,2,0,0,0,6.3,0,1,1,Churned,1,0.0
USR-002816,2026-07-10,2026-09-22,Pro,Social,Germany,9,9,2,2,0,18.0,0,1,1,Active Paid,0,29.0
USR-002817,2025-05-22,2026-09-27,Pro,Partnership,Germany,9,9,4,5,3,21.0,0,1,1,Active Paid,0,29.0
USR-002818,2025-01-03,2026-09-20,Free,Referral,France,10,7,3,1,1,11.0,0,0,0,Free,0,0.0
USR-002819,2026-06-16,2026-08-06,Pro,Referral,Germany,8,8,4,7,1,12.1,0,0,1,Churned,1,0.0
USR-002820,2025-04-27,2026-09-27,Team,Referral,Other,19,17,18,10,13,25.5,0,1,1,Active Paid,0,89.0
USR-002821,2025-08-25,2026-09-04,Pro,Referral,Canada,11,11,8,6,3,16.1,1,0,1,Churned,1,0.0
USR-002822,2025-01-30,2026-09-23,Free,Referral,United Kingdom,5,5,4,0,0,9.4,0,0,0,Free,0,0.0
USR-002823,2026-06-17,2026-09-23,Pro,Social,Australia,9,9,2,3,0,18.0,1,0,1,Active Paid,0,29.0
USR-002824,2024-10-18,2026-09-24,Pro,Social,United States,7,6,3,1,0,13.0,1,1,1,Active Paid,0,29.0
USR-002825,2025-06-30,2026-09-20,Free,Social,France,3,3,0,0,0,12.3,0,0,0,Free,0,0.0
USR-002826,2025-01-21,2026-09-22,Pro,Paid Search,United States,7,7,3,3,0,13.6,1,1,1,Active Paid,0,29.0
USR-002827,2025-12-31,2026-07-04,Free,Paid Search,Canada,5,5,3,0,0,17.5,1,1,0,Churned,1,0.0
USR-002828,2024-11-10,2026-09-19,Pro,Paid Search,France,6,6,1,0,0,14.9,1,0,1,Active Paid,0,29.0
USR-002829,2025-06-25,2026-09-22,Team,Paid Search,Germany,13,13,8,8,17,10.9,1,1,1,Active Paid,0,89.0
USR-002830,2026-06-17,2026-09-26,Team,Social,United States,12,12,11,10,9,29.6,0,0,1,Active Paid,0,89.0
USR-002831,2024-11-25,2026-09-18,Pro,Social,United Kingdom,8,7,4,3,2,8.0,0,1,1,Active Paid,0,29.0
USR-002832,2025-02-24,2026-09-25,Pro,Organic Search,Australia,10,10,9,5,6,15.4,0,1,1,Active Paid,0,29.0
USR-002833,2026-02-13,2026-09-25,Pro,Paid Search,Other,0,0,0,0,0,0.0,0,1,1,Active Paid,0,29.0
USR-002834,2025-08-21,2026-09-25,Free,Paid Search,Canada,1,1,0,0,0,3.3,0,0,1,Free,0,0.0
USR-002835,2025-12-12,2026-09-22,Free,Referral,United States,7,5,0,0,0,9.1,2,1,1,Free,0,0.0
USR-002836,2025-08-23,2026-09-20,Free,Paid Search,United Kingdom,0,0,1,0,0,0.0,1,0,0,Free,0,0.0
USR-002837,2024-10-25,2026-09-23,Free,Organic Search,Canada,6,6,2,1,0,11.8,0,1,1,Free,0,0.0
USR-002838,2024-12-12,2026-09-26,Team,Organic Search,United States,11,11,6,4,4,15.3,1,1,1,Active Paid,0,89.0
USR-002839,2026-04-14,2026-09-25,Pro,Social,Other,12,11,2,3,4,22.0,0,1,1,Active Paid,0,29.0
USR-002840,2024-10-21,2026-09-25,Free,Organic Search,Canada,6,6,4,2,0,16.0,1,0,0,Free,0,0.0
USR-002841,2025-11-06,2026-09-27,Free,Social,United Kingdom,1,1,0,0,0,13.5,1,0,0,Free,0,0.0
USR-002842,2025-04-30,2026-09-24,Pro,Social,United Kingdom,12,10,9,3,1,15.0,1,1,1,Active Paid,0,29.0
USR-002843,2025-03-18,2026-09-07,Free,Partnership,United States,3,3,0,0,0,14.4,1,1,1,Churned,1,0.0
USR-002844,2025-10-05,2026-09-27,Pro,Referral,Canada,7,7,7,6,5,18.1,0,1,1,Active Paid,0,29.0
USR-002845,2025-10-24,2026-09-23,Team,Organic Search,Canada,11,11,8,3,6,20.8,0,1,1,Active Paid,0,89.0
USR-002846,2025-10-24,2026-09-25,Free,Paid Search,United Kingdom,5,5,3,2,0,7.2,0,1,0,Free,0,0.0
USR-002847,2025-01-07,2026-09-24,Free,Content,Germany,9,9,6,2,2,20.2,0,1,0,Free,0,0.0
USR-002848,2025-12-13,2026-09-17,Free,Paid Search,United Kingdom,11,9,6,1,1,13.8,0,1,1,Free,0,0.0
USR-002849,2026-02-27,2026-08-04,Free,Partnership,Germany,2,2,0,0,0,12.6,1,0,1,Churned,1,0.0
USR-002850,2025-12-31,2026-07-23,Free,Social,Other,8,8,7,1,1,21.0,0,1,1,Churned,1,0.0
USR-002851,2026-04-29,2026-09-20,Free,Organic Search,United Kingdom,3,3,0,0,0,10.3,0,0,0,Free,0,0.0
USR-002852,2025-12-10,2026-09-21,Free,Organic Search,United Kingdom,5,5,2,1,3,14.3,0,1,0,Free,0,0.0
USR-002853,2026-06-26,2026-09-23,Free,Content,Other,10,10,4,5,0,22.6,0,1,1,Free,0,0.0
USR-002854,2026-07-13,2026-09-26,Free,Partnership,United Kingdom,0,0,1,0,0,0.0,1,1,1,Free,0,0.0
USR-002855,2025-04-16,2026-09-22,Pro,Content,United Kingdom,10,10,4,1,1,14.0,0,0,1,Active Paid,0,29.0
USR-002856,2026-07-22,2026-07-23,Free,Paid Search,Australia,0,0,0,0,0,0.0,0,0,0,Churned,1,0.0
USR-002857,2025-08-05,2026-09-26,Pro,Referral,Germany,6,6,8,2,2,12.4,0,1,1,Active Paid,0,29.0
USR-002858,2025-03-07,2026-09-23,Free,Organic Search,Other,6,6,3,0,1,14.9,0,1,1,Free,0,0.0
USR-002859,2025-04-15,2026-08-05,Free,Paid Search,Canada,8,8,1,1,1,15.7,0,1,0,Churned,1,0.0
USR-002860,2025-11-01,2026-07-15,Free,Referral,Canada,7,7,4,0,1,12.1,0,1,0,Churned,1,0.0
USR-002861,2026-04-30,2026-09-22,Pro,Partnership,United States,9,9,4,3,2,12.7,0,0,1,Active Paid,0,29.0
USR-002862,2024-11-19,2026-09-18,Free,Paid Search,United States,2,2,1,0,0,6.8,0,1,1,Free,0,0.0
USR-002863,2025-01-26,2026-09-20,Free,Social,Canada,4,4,1,0,1,11.9,0,0,0,Free,0,0.0
USR-002864,2025-07-05,2026-09-20,Free,Organic Search,United States,7,7,5,2,0,18.7,1,1,1,Free,0,0.0
USR-002865,2026-07-15,2026-09-25,Team,Paid Search,United Kingdom,10,10,7,5,4,13.9,0,0,1,Active Paid,0,89.0
USR-002866,2026-08-21,2026-09-21,Free,Organic Search,United States,7,6,2,1,1,9.6,0,0,0,Free,0,0.0
USR-002867,2026-02-02,2026-09-29,Free,Content,United States,15,14,10,12,3,14.4,0,1,0,Free,0,0.0
USR-002868,2026-05-26,2026-09-25,Pro,Organic Search,Canada,8,8,9,4,1,23.1,0,1,1,Active Paid,0,29.0
USR-002869,2025-01-08,2026-09-10,Free,Referral,Germany,2,2,0,0,1,7.6,0,0,0,Free,0,0.0
USR-002870,2026-04-21,2026-07-17,Free,Paid Search,United Kingdom,0,0,2,0,1,0.0,0,0,0,Churned,1,0.0
USR-002871,2026-02-25,2026-09-24,Pro,Social,Australia,6,6,1,2,1,12.0,1,1,1,Active Paid,0,29.0
USR-002872,2024-10-18,2026-09-19,Free,Paid Search,United States,1,1,0,0,0,10.1,0,0,0,Free,0,0.0
USR-002873,2025-02-07,2026-09-01,Free,Paid Search,United States,5,5,1,0,0,6.6,0,0,0,Churned,1,0.0
USR-002874,2026-04-12,2026-09-21,Free,Social,Other,3,3,2,0,1,15.2,0,1,0,Free,0,0.0
USR-002875,2025-12-15,2026-09-25,Free,Referral,Other,11,8,6,0,0,16.4,0,1,1,Free,0,0.0
USR-002876,2025-09-12,2026-09-25,Team,Partnership,United Kingdom,13,13,13,9,7,21.5,1,1,1,Active Paid,0,89.0
USR-002877,2025-05-29,2026-09-25,Pro,Paid Search,United Kingdom,10,10,10,1,5,15.6,0,1,1,Active Paid,0,29.0
USR-002878,2024-11-15,2026-09-26,Pro,Social,Other,8,8,11,1,0,17.8,2,0,1,Active Paid,0,29.0
USR-002879,2025-01-01,2026-09-27,Free,Content,Canada,5,5,2,0,1,11.2,0,0,0,Free,0,0.0
USR-002880,2024-10-17,2026-09-26,Pro,Paid Search,United States,6,6,1,1,0,14.5,0,1,1,Active Paid,0,29.0
USR-002881,2026-08-17,2026-09-24,Pro,Content,United States,12,11,9,4,4,20.1,0,1,1,Active Paid,0,29.0
USR-002882,2026-03-31,2026-09-21,Free,Partnership,United States,3,3,2,1,0,11.7,0,1,1,Free,0,0.0
USR-002883,2025-08-09,2026-09-24,Team,Content,Australia,18,18,11,13,10,18.6,1,1,1,Active Paid,0,89.0
USR-002884,2026-08-11,2026-09-23,Pro,Social,Germany,4,4,1,0,2,9.8,0,0,1,Active Paid,0,29.0
USR-002885,2026-01-04,2026-09-26,Pro,Referral,United States,6,6,5,3,1,13.7,0,1,1,Active Paid,0,29.0
USR-002886,2026-05-29,2026-09-25,Free,Social,United States,9,9,9,1,0,12.7,0,1,1,Free,0,0.0
USR-002887,2024-11-17,2026-09-23,Free,Social,United States,4,4,2,0,1,10.3,0,1,0,Free,0,0.0
USR-002888,2026-08-01,2026-09-19,Pro,Partnership,France,9,9,3,1,4,18.9,1,0,1,Active Paid,0,29.0
USR-002889,2026-06-01,2026-09-21,Pro,Paid Search,Other,3,3,1,0,0,13.9,0,1,1,Active Paid,0,29.0
USR-002890,2026-04-29,2026-09-20,Free,Content,Canada,9,9,3,2,2,15.7,0,1,0,Free,0,0.0
USR-002891,2026-06-01,2026-09-20,Free,Social,Australia,5,5,0,0,0,15.8,0,0,1,Free,0,0.0
USR-002892,2025-08-05,2026-09-25,Pro,Organic Search,United States,16,16,19,12,4,19.3,0,0,1,Active Paid,0,29.0
USR-002893,2025-12-29,2026-09-25,Free,Referral,Germany,4,4,1,0,1,22.6,0,1,0,Free,0,0.0
USR-002894,2024-12-02,2026-09-24,Free,Content,United Kingdom,8,8,2,2,0,17.7,0,1,0,Free,0,0.0
USR-002895,2026-03-13,2026-09-24,Pro,Social,United States,7,7,11,2,1,14.1,0,1,1,Active Paid,0,29.0
USR-002896,2025-08-27,2026-09-15,Free,Content,Canada,9,6,5,1,1,8.0,0,1,1,Free,0,0.0
USR-002897,2025-06-01,2026-09-23,Free,Paid Search,Other,5,5,0,0,2,19.6,0,1,0,Free,0,0.0
USR-002898,2025-06-25,2026-09-28,Free,Content,United States,14,12,18,4,4,15.2,2,1,1,Free,0,0.0
USR-002899,2025-02-23,2026-09-24,Team,Referral,Canada,10,10,6,6,9,14.1,0,1,1,Active Paid,0,89.0
USR-002900,2026-04-24,2026-09-25,Free,Content,Other,12,12,9,5,2,14.1,0,1,1,Free,0,0.0
USR-002901,2025-09-18,2026-09-07,Pro,Paid Search,Australia,5,4,0,2,1,6.7,0,0,1,Churned,1,0.0
USR-002902,2025-02-20,2026-09-24,Team,Paid Search,Canada,10,10,13,12,5,17.2,0,1,1,Active Paid,0,89.0
USR-002903,2025-01-06,2026-09-24,Pro,Content,United States,5,5,5,4,3,13.1,0,1,1,Active Paid,0,29.0
USR-002904,2025-07-01,2026-09-27,Free,Organic Search,Other,8,8,4,1,1,13.5,0,1,1,Free,0,0.0
USR-002905,2025-06-06,2026-09-22,Free,Paid Search,United States,4,3,5,2,0,22.3,0,1,0,Free,0,0.0
USR-002906,2025-01-06,2026-08-19,Free,Content,United States,5,5,4,1,0,13.8,0,1,1,Churned,1,0.0
USR-002907,2025-06-26,2026-08-06,Pro,Referral,United States,1,1,0,0,0,18.7,0,1,1,Churned,1,0.0
USR-002908,2024-11-06,2026-09-28,Team,Content,United Kingdom,11,11,11,4,10,16.1,0,0,1,Active Paid,0,89.0
USR-002909,2026-06-16,2026-09-26,Pro,Referral,Germany,6,5,3,2,0,16.4,1,0,1,Active Paid,0,29.0
USR-002910,2026-01-10,2026-09-24,Free,Partnership,Australia,9,8,2,0,0,2.5,0,0,0,Free,0,0.0
USR-002911,2026-06-27,2026-07-10,Free,Social,Canada,8,5,5,2,0,17.4,1,1,1,Churned,1,0.0
USR-002912,2026-07-13,2026-09-26,Team,Referral,Other,10,10,12,8,3,14.3,0,1,1,Active Paid,0,89.0
USR-002913,2025-10-13,2026-09-20,Free,Content,Germany,0,0,0,0,0,0.0,0,1,0,Free,0,0.0
USR-002914,2026-04-07,2026-09-21,Pro,Referral,Germany,5,4,2,0,1,3.9,0,1,1,Active Paid,0,29.0
USR-002915,2025-11-28,2026-09-23,Free,Organic Search,United States,12,12,8,3,0,12.9,1,1,1,Free,0,0.0
USR-002916,2025-11-06,2026-09-21,Pro,Paid Search,United States,10,10,5,4,4,18.6,0,1,1,Active Paid,0,29.0
USR-002917,2025-06-29,2026-09-17,Pro,Social,Germany,10,10,8,3,2,16.0,1,1,1,Active Paid,0,29.0
USR-002918,2024-11-08,2026-09-24,Free,Referral,France,7,7,9,0,0,10.5,0,0,1,Free,0,0.0
USR-002919,2025-01-16,2026-09-23,Free,Social,United States,0,0,1,0,0,0.0,0,0,0,Free,0,0.0
USR-002920,2025-12-19,2026-09-22,Pro,Referral,Canada,13,10,9,3,3,20.1,0,0,1,Active Paid,0,29.0
USR-002921,2026-01-26,2026-08-06,Free,Content,United Kingdom,4,4,1,1,0,6.9,0,1,1,Churned,1,0.0
USR-002922,2025-03-13,2026-09-26,Free,Paid Search,United Kingdom,4,4,4,0,2,15.7,0,1,1,Free,0,0.0
USR-002923,2026-06-19,2026-09-09,Free,Social,United States,4,4,3,0,1,16.6,0,1,1,Churned,1,0.0
USR-002924,2025-08-25,2026-09-27,Free,Social,United States,0,0,0,1,0,0.0,0,1,1,Free,0,0.0
USR-002925,2025-11-17,2026-09-26,Pro,Organic Search,United Kingdom,1,1,0,0,0,17.3,0,0,1,Active Paid,0,29.0
USR-002926,2026-05-08,2026-09-19,Free,Social,Other,12,12,11,4,4,14.9,0,1,0,Free,0,0.0
USR-002927,2025-07-02,2026-08-28,Free,Social,Australia,0,0,0,0,0,0.0,0,1,1,Churned,1,0.0
USR-002928,2026-01-29,2026-09-25,Team,Content,United States,11,9,9,8,7,16.7,0,1,1,Active Paid,0,89.0
USR-002929,2026-05-06,2026-07-14,Free,Social,United States,7,3,1,0,0,15.5,0,0,1,Churned,1,0.0
USR-002930,2025-06-05,2026-09-26,Free,Organic Search,Canada,12,9,13,4,3,25.7,0,1,0,Free,0,0.0
USR-002931,2026-05-14,2026-09-22,Pro,Social,United States,3,3,2,0,0,7.9,0,1,1,Active Paid,0,29.0
USR-002932,2025-05-22,2026-09-23,Team,Content,Australia,5,5,1,1,1,13.2,0,1,1,Active Paid,0,89.0
USR-002933,2026-05-23,2026-09-24,Pro,Social,Canada,16,8,15,7,3,16.9,0,1,1,Active Paid,0,29.0
USR-002934,2025-11-09,2026-09-24,Pro,Paid Search,Other,11,11,7,6,2,9.9,0,1,1,Active Paid,0,29.0
USR-002935,2025-02-15,2026-09-22,Free,Partnership,United States,0,0,0,0,0,0.0,0,1,1,Free,0,0.0
USR-002936,2026-04-05,2026-09-23,Free,Organic Search,Other,6,3,4,1,0,13.2,1,1,0,Free,0,0.0
USR-002937,2025-03-16,2026-09-26,Team,Paid Search,Australia,17,17,21,9,16,23.4,1,1,1,Active Paid,0,89.0
USR-002938,2025-04-17,2026-09-20,Team,Paid Search,France,6,6,5,2,5,18.3,0,1,1,Active Paid,0,89.0
USR-002939,2024-12-09,2026-09-21,Free,Referral,Other,8,8,5,3,1,15.8,0,1,0,Free,0,0.0
USR-002940,2026-05-18,2026-09-24,Free,Content,Canada,1,1,0,0,0,19.1,0,1,0,Free,0,0.0
USR-002941,2025-04-22,2026-09-22,Free,Organic Search,United States,3,3,0,0,0,6.1,0,1,0,Free,0,0.0
USR-002942,2024-11-15,2026-09-22,Free,Content,Canada,7,7,2,0,1,13.0,0,1,1,Free,0,0.0
USR-002943,2025-03-19,2026-09-26,Team,Referral,Australia,9,9,5,3,3,19.7,0,1,1,Active Paid,0,89.0
USR-002944,2026-05-04,2026-09-22,Pro,Content,Other,4,4,1,1,1,20.0,1,1,1,Active Paid,0,29.0
USR-002945,2025-02-05,2026-09-21,Free,Content,Canada,9,8,0,1,1,10.3,1,0,0,Free,0,0.0
USR-002946,2026-07-01,2026-09-20,Free,Referral,France,2,2,0,0,0,15.2,0,0,1,Free,0,0.0
USR-002947,2025-07-21,2026-08-05,Free,Organic Search,United States,4,4,3,2,0,12.1,0,1,1,Churned,1,0.0
USR-002948,2025-09-25,2026-09-25,Free,Paid Search,United States,11,11,8,2,2,22.3,0,1,0,Free,0,0.0
USR-002949,2025-09-01,2026-09-29,Pro,Partnership,Germany,9,9,16,2,1,25.1,0,1,1,Active Paid,0,29.0
USR-002950,2025-09-09,2026-07-23,Free,Social,United Kingdom,2,2,1,0,0,12.1,0,0,0,Churned,1,0.0
USR-002951,2026-08-24,2026-09-17,Free,Social,United States,4,4,2,1,0,13.9,0,1,0,Free,0,0.0
USR-002952,2025-09-17,2026-09-20,Pro,Content,Australia,7,7,4,2,0,16.3,0,0,1,Active Paid,0,29.0
USR-002953,2024-11-15,2026-09-24,Team,Content,Canada,10,10,5,3,5,18.5,0,1,1,Active Paid,0,89.0
USR-002954,2025-11-07,2026-09-29,Free,Referral,Canada,6,6,8,1,4,14.7,0,1,0,Free,0,0.0
USR-002955,2026-03-02,2026-09-21,Free,Content,United States,9,9,3,0,0,14.3,0,0,0,Free,0,0.0
USR-002956,2024-10-04,2026-08-03,Free,Organic Search,United States,9,9,9,1,0,23.0,0,1,0,Churned,1,0.0
USR-002957,2026-07-07,2026-09-26,Free,Referral,France,5,5,2,2,0,14.7,2,0,0,Free,0,0.0
USR-002958,2025-10-03,2026-08-27,Free,Partnership,Other,4,4,4,1,0,11.7,0,1,1,Churned,1,0.0
USR-002959,2025-09-14,2026-09-26,Pro,Organic Search,United States,10,10,13,12,4,16.2,1,1,1,Active Paid,0,29.0
USR-002960,2025-10-09,2026-09-15,Free,Organic Search,Australia,11,6,5,2,0,14.7,0,1,0,Free,0,0.0
USR-002961,2024-11-25,2026-09-20,Free,Content,Australia,0,0,0,0,0,0.0,0,1,0,Free,0,0.0
USR-002962,2025-11-18,2026-09-21,Pro,Social,Australia,10,9,4,3,1,15.6,0,0,1,Active Paid,0,29.0
USR-002963,2024-10-20,2026-09-19,Free,Organic Search,Germany,10,7,5,1,1,5.3,0,1,1,Free,0,0.0
USR-002964,2026-07-30,2026-09-24,Pro,Paid Search,United Kingdom,10,10,10,4,2,14.4,0,1,1,Active Paid,0,29.0
USR-002965,2025-04-09,2026-09-24,Pro,Paid Search,Australia,7,7,8,1,3,14.0,0,1,1,Active Paid,0,29.0
USR-002966,2025-07-19,2026-09-25,Pro,Paid Search,Canada,2,2,0,0,0,12.1,1,0,1,Active Paid,0,29.0
USR-002967,2026-03-28,2026-09-28,Pro,Content,United States,5,5,3,1,1,11.8,0,0,1,Active Paid,0,29.0
USR-002968,2026-04-06,2026-09-20,Pro,Referral,United Kingdom,10,10,9,3,3,22.6,1,1,1,Active Paid,0,29.0
USR-002969,2025-04-19,2026-09-23,Pro,Referral,United Kingdom,0,0,0,1,0,0.0,2,1,1,Active Paid,0,29.0
USR-002970,2025-06-17,2026-09-23,Free,Organic Search,Canada,6,6,5,0,1,17.5,0,0,0,Free,0,0.0
USR-002971,2025-07-06,2026-09-16,Free,Paid Search,Other,6,3,0,0,2,2.6,0,1,0,Free,0,0.0
USR-002972,2026-08-10,2026-09-04,Free,Paid Search,United Kingdom,6,5,3,0,2,10.5,1,0,0,Churned,1,0.0
USR-002973,2025-07-15,2026-09-25,Free,Content,United States,7,4,2,2,2,12.0,0,1,1,Free,0,0.0
USR-002974,2024-10-14,2026-08-08,Free,Partnership,Other,0,0,0,0,0,0.0,0,0,0,Churned,1,0.0
USR-002975,2026-09-03,2026-09-23,Free,Paid Search,United States,8,8,6,2,0,14.0,0,1,0,Free,0,0.0
USR-002976,2025-10-15,2026-08-07,Free,Partnership,United States,0,0,1,0,0,0.0,0,0,0,Churned,1,0.0
USR-002977,2025-09-27,2026-09-22,Free,Organic Search,Other,5,5,2,4,0,12.8,0,1,0,Free,0,0.0
USR-002978,2024-12-13,2026-09-25,Free,Paid Search,Other,6,6,3,0,0,10.0,0,1,0,Free,0,0.0
USR-002979,2026-02-25,2026-09-27,Pro,Referral,France,9,9,6,1,2,13.5,1,0,1,Active Paid,0,29.0
USR-002980,2025-10-10,2026-09-21,Pro,Paid Search,United Kingdom,0,0,0,0,0,0.0,1,1,1,Active Paid,0,29.0
USR-002981,2025-04-21,2026-07-10,Pro,Partnership,Canada,10,9,6,5,2,7.6,0,1,1,Churned,1,0.0
USR-002982,2026-08-03,2026-08-03,Free,Organic Search,Australia,6,6,1,0,0,9.7,1,1,0,Churned,1,0.0
USR-002983,2025-02-20,2026-09-24,Pro,Content,Other,12,12,10,8,1,15.8,0,1,1,Active Paid,0,29.0
USR-002984,2025-02-05,2026-09-26,Pro,Organic Search,United States,5,5,2,0,0,11.6,2,1,1,Active Paid,0,29.0
USR-002985,2025-04-19,2026-09-26,Free,Organic Search,Other,10,10,7,2,3,12.7,0,1,1,Free,0,0.0
USR-002986,2025-06-09,2026-09-25,Team,Paid Search,Germany,5,5,1,6,3,17.5,1,1,1,Active Paid,0,89.0
USR-002987,2025-03-30,2026-09-22,Free,Partnership,United States,4,4,3,0,0,11.2,0,1,0,Free,0,0.0
USR-002988,2025-03-06,2026-09-23,Pro,Social,United States,15,13,12,6,3,24.1,2,0,1,Active Paid,0,29.0
USR-002989,2024-12-09,2026-09-22,Pro,Referral,United States,10,10,11,3,4,14.7,3,1,1,Active Paid,0,29.0
USR-002990,2025-11-13,2026-09-21,Free,Organic Search,Other,2,2,3,2,1,16.4,0,1,0,Free,0,0.0
USR-002991,2025-10-24,2026-09-26,Pro,Organic Search,United Kingdom,12,12,13,5,6,17.6,0,1,1,Active Paid,0,29.0
USR-002992,2025-06-16,2026-08-27,Free,Organic Search,France,2,2,1,1,0,11.2,0,0,0,Churned,1,0.0
USR-002993,2026-04-30,2026-09-23,Free,Content,United States,9,9,6,1,0,14.4,0,1,0,Free,0,0.0
USR-002994,2025-01-11,2026-09-18,Free,Organic Search,Australia,6,6,2,0,0,18.2,0,1,0,Free,0,0.0
USR-002995,2025-03-14,2026-09-20,Free,Paid Search,Canada,1,1,0,0,0,11.9,0,0,0,Free,0,0.0
USR-002996,2025-06-21,2026-07-15,Free,Social,Other,1,1,0,0,0,6.0,1,1,0,Churned,1,0.0
USR-002997,2026-02-12,2026-09-22,Pro,Social,Canada,5,5,4,5,1,18.8,0,0,1,Active Paid,0,29.0
USR-002998,2026-01-10,2026-08-12,Free,Paid Search,Australia,5,5,2,0,0,16.6,0,1,0,Churned,1,0.0
USR-002999,2025-11-08,2026-09-24,Free,Organic Search,Germany,5,5,2,1,0,10.9,0,0,0,Free,0,0.0
USR-003000,2025-05-30,2026-09-25,Pro,Paid Search,Canada,9,9,4,3,3,18.7,0,1,1,Active Paid,0,29.0
USR-003001,2025-03-08,2026-09-23,Free,Referral,Other,5,5,1,1,0,12.4,0,1,1,Free,0,0.0
USR-003002,2025-05-23,2026-09-27,Free,Organic Search,Canada,3,3,2,0,1,14.2,0,1,0,Free,0,0.0
USR-003003,2024-11-20,2026-09-25,Pro,Referral,Other,18,12,14,9,11,16.2,0,1,1,Active Paid,0,29.0
USR-003004,2024-10-29,2026-09-20,Team,Organic Search,United States,11,11,12,7,3,19.5,0,0,1,Active Paid,0,89.0
USR-003005,2025-04-29,2026-09-23,Free,Content,Germany,9,9,2,2,0,14.9,0,1,1,Free,0,0.0
USR-003006,2025-12-24,2026-09-23,Free,Partnership,Other,5,4,1,0,0,10.2,0,1,1,Free,0,0.0
USR-003007,2025-07-14,2026-09-25,Pro,Organic Search,Other,9,9,8,3,3,18.4,0,1,1,Active Paid,0,29.0
USR-003008,2025-11-16,2026-09-26,Team,Social,Canada,7,7,2,1,4,7.4,0,0,1,Active Paid,0,89.0
USR-003009,2025-06-23,2026-07-16,Free,Paid Search,Canada,0,0,0,0,0,0.0,0,0,1,Churned,1,0.0
USR-003010,2025-02-12,2026-09-29,Free,Content,Australia,6,6,4,0,2,13.2,1,1,0,Free,0,0.0
USR-003011,2025-12-25,2026-09-21,Free,Social,United Kingdom,6,6,5,1,0,19.9,0,1,0,Free,0,0.0
USR-003012,2025-09-19,2026-09-19,Pro,Social,Other,3,2,2,0,0,10.2,0,0,1,Active Paid,0,29.0
USR-003013,2026-08-14,2026-09-23,Team,Organic Search,United States,8,8,4,3,3,12.0,0,0,1,Active Paid,0,89.0
USR-003014,2025-04-07,2026-09-20,Pro,Organic Search,United States,1,1,1,1,0,22.5,0,1,1,Active Paid,0,29.0
USR-003015,2025-09-30,2026-09-20,Free,Referral,Australia,6,6,8,1,3,19.0,0,1,1,Free,0,0.0
USR-003016,2025-10-22,2026-09-26,Pro,Referral,United Kingdom,7,7,5,3,3,12.4,1,1,1,Active Paid,0,29.0
USR-003017,2025-08-31,2026-09-26,Pro,Content,United Kingdom,6,6,5,3,0,18.2,1,1,1,Active Paid,0,29.0
USR-003018,2026-04-14,2026-09-10,Free,Content,United Kingdom,7,4,1,0,0,16.6,0,0,0,Churned,1,0.0
USR-003019,2025-07-15,2026-09-22,Pro,Referral,Other,7,7,9,2,0,3.1,0,0,1,Active Paid,0,29.0
USR-003020,2025-04-01,2026-08-30,Free,Social,Germany,0,0,0,0,0,0.0,1,0,0,Churned,1,0.0
USR-003021,2026-01-08,2026-09-23,Free,Content,Other,2,2,0,0,0,12.8,0,0,0,Free,0,0.0
USR-003022,2026-06-14,2026-09-20,Pro,Content,United Kingdom,9,9,11,6,1,19.2,0,0,1,Active Paid,0,29.0
USR-003023,2025-12-13,2026-09-27,Free,Content,United Kingdom,7,7,4,2,0,8.5,0,1,1,Free,0,0.0
USR-003024,2026-04-27,2026-09-22,Team,Partnership,United States,7,7,5,2,1,15.2,0,0,1,Active Paid,0,89.0
USR-003025,2025-12-22,2026-09-20,Free,Paid Search,United Kingdom,0,0,0,0,0,0.0,0,1,1,Free,0,0.0
USR-003026,2025-06-24,2026-09-26,Free,Referral,United States,8,8,2,1,3,17.1,0,1,1,Free,0,0.0
USR-003027,2026-06-26,2026-09-22,Free,Referral,United States,3,3,4,0,0,10.5,0,1,1,Free,0,0.0
USR-003028,2025-03-30,2026-09-25,Free,Organic Search,United Kingdom,7,7,5,1,0,17.1,0,1,1,Free,0,0.0
USR-003029,2026-04-08,2026-09-12,Free,Referral,France,6,6,3,0,1,11.9,0,1,0,Churned,1,0.0
USR-003030,2024-12-15,2026-09-27,Pro,Paid Search,United Kingdom,6,6,4,1,2,15.1,0,1,1,Active Paid,0,29.0
USR-003031,2025-04-10,2026-09-20,Free,Social,Canada,2,2,0,0,0,7.7,0,1,1,Free,0,0.0
USR-003032,2026-03-05,2026-09-09,Free,Organic Search,United Kingdom,5,5,5,0,1,14.9,0,1,1,Churned,1,0.0
USR-003033,2025-08-09,2026-09-23,Pro,Referral,Canada,8,8,1,1,1,17.4,0,1,1,Active Paid,0,29.0
USR-003034,2026-06-28,2026-09-25,Free,Referral,Australia,9,8,8,5,2,21.8,0,1,1,Free,0,0.0
USR-003035,2026-07-06,2026-09-26,Pro,Social,Australia,5,5,1,3,2,14.7,0,1,1,Active Paid,0,29.0
USR-003036,2024-11-01,2026-09-21,Free,Organic Search,Australia,8,7,2,1,0,16.2,0,0,1,Free,0,0.0
USR-003037,2025-02-19,2026-09-24,Free,Social,United States,3,3,1,1,0,15.3,0,0,0,Free,0,0.0
USR-003038,2026-05-28,2026-09-24,Pro,Organic Search,United Kingdom,8,8,7,6,3,17.0,0,1,1,Active Paid,0,29.0
USR-003039,2026-02-25,2026-09-24,Pro,Paid Search,Australia,14,11,10,7,2,18.5,0,1,1,Active Paid,0,29.0
USR-003040,2026-04-27,2026-09-21,Pro,Paid Search,Other,11,11,7,5,5,18.1,0,1,1,Active Paid,0,29.0
USR-003041,2025-12-07,2026-09-23,Free,Content,Canada,6,3,3,3,1,5.7,0,1,1,Free,0,0.0
USR-003042,2026-02-19,2026-09-22,Free,Paid Search,Canada,8,6,2,0,0,13.6,1,1,1,Free,0,0.0
USR-003043,2026-01-24,2026-09-29,Pro,Social,Australia,9,9,10,0,2,19.1,0,0,1,Active Paid,0,29.0
USR-003044,2025-09-02,2026-09-22,Pro,Content,Other,10,10,6,4,1,18.0,0,1,1,Active Paid,0,29.0
USR-003045,2026-05-03,2026-08-03,Pro,Paid Search,United Kingdom,13,13,9,5,1,11.0,0,0,1,Churned,1,0.0
USR-003046,2024-12-23,2026-09-28,Free,Content,United States,8,8,6,0,4,14.2,0,1,1,Free,0,0.0
USR-003047,2025-04-13,2026-09-21,Pro,Organic Search,Australia,7,7,3,2,4,12.6,1,1,1,Active Paid,0,29.0
USR-003048,2025-03-21,2026-08-15,Free,Paid Search,France,9,5,4,0,3,13.4,0,1,0,Churned,1,0.0
USR-003049,2026-05-17,2026-09-18,Free,Organic Search,United States,5,4,1,0,0,14.9,0,0,0,Free,0,0.0
USR-003050,2025-04-27,2026-09-06,Free,Social,United Kingdom,5,5,1,0,0,3.1,1,0,0,Churned,1,0.0
USR-003051,2025-01-26,2026-09-25,Free,Partnership,Canada,6,6,5,3,1,13.5,0,1,0,Free,0,0.0
USR-003052,2026-05-13,2026-09-29,Pro,Referral,France,3,3,0,2,1,17.4,0,1,1,Active Paid,0,29.0
USR-003053,2025-03-27,2026-09-28,Free,Referral,Australia,9,9,12,4,3,19.9,0,1,0,Free,0,0.0
USR-003054,2026-01-03,2026-08-11,Free,Paid Search,United States,3,3,0,2,0,10.8,2,1,1,Churned,1,0.0
USR-003055,2025-03-01,2026-07-11,Team,Partnership,United States,5,5,6,6,4,19.0,0,1,1,Churned,1,0.0
USR-003056,2025-10-08,2026-07-29,Pro,Social,France,4,4,1,0,1,14.2,0,0,1,Churned,1,0.0
USR-003057,2025-02-19,2026-09-25,Free,Paid Search,United States,0,0,0,0,0,0.0,2,0,0,Free,0,0.0
USR-003058,2026-06-02,2026-07-27,Team,Partnership,Canada,0,0,1,0,0,0.0,0,1,1,Churned,1,0.0
USR-003059,2025-12-11,2026-09-22,Free,Paid Search,Canada,1,1,1,0,0,11.4,1,1,0,Free,0,0.0
USR-003060,2026-03-04,2026-09-21,Pro,Paid Search,United Kingdom,0,0,1,0,0,0.0,1,1,1,Active Paid,0,29.0
USR-003061,2026-03-22,2026-07-24,Free,Organic Search,Australia,6,6,1,2,0,9.1,2,0,0,Churned,1,0.0
USR-003062,2026-02-07,2026-09-21,Free,Organic Search,United States,7,7,5,2,2,14.3,1,1,0,Free,0,0.0
USR-003063,2025-12-16,2026-09-24,Free,Content,Australia,5,5,4,5,0,14.4,1,1,0,Free,0,0.0
USR-003064,2026-06-16,2026-09-20,Free,Social,Germany,13,11,5,4,1,13.6,1,1,0,Free,0,0.0
USR-003065,2025-04-28,2026-07-28,Free,Partnership,Canada,0,0,0,0,0,0.0,0,0,0,Churned,1,0.0
USR-003066,2025-08-18,2026-09-22,Free,Organic Search,Other,11,11,4,2,2,10.8,0,1,1,Free,0,0.0
USR-003067,2025-01-31,2026-09-22,Pro,Social,United States,7,7,5,1,3,14.5,0,0,1,Active Paid,0,29.0
USR-003068,2025-04-29,2026-09-26,Free,Referral,Australia,8,8,6,0,3,13.1,0,1,1,Free,0,0.0
USR-003069,2026-06-01,2026-09-22,Free,Referral,United States,5,5,4,0,0,11.7,0,0,0,Free,0,0.0
USR-003070,2026-07-27,2026-09-25,Team,Social,Other,11,11,6,3,6,9.3,0,1,1,Active Paid,0,89.0
USR-003071,2025-11-17,2026-09-22,Pro,Social,United States,0,0,0,0,0,0.0,1,0,1,Active Paid,0,29.0
USR-003072,2025-10-06,2026-09-24,Team,Referral,Canada,17,12,17,14,9,17.7,1,0,1,Active Paid,0,89.0
USR-003073,2026-03-28,2026-09-24,Free,Content,United States,0,0,2,1,0,0.0,0,1,1,Free,0,0.0
USR-003074,2025-03-05,2026-09-24,Free,Paid Search,United Kingdom,11,11,7,3,1,9.2,1,1,1,Free,0,0.0
USR-003075,2025-07-27,2026-08-09,Pro,Social,United States,3,3,1,2,0,14.0,0,0,1,Churned,1,0.0
USR-003076,2025-03-30,2026-09-27,Free,Referral,United States,8,8,3,3,1,14.8,0,1,1,Free,0,0.0
USR-003077,2026-06-30,2026-08-10,Free,Paid Search,United States,0,0,0,0,0,0.0,0,0,0,Churned,1,0.0
USR-003078,2025-02-10,2026-09-26,Pro,Organic Search,United States,7,7,8,6,4,25.3,0,0,1,Active Paid,0,29.0
USR-003079,2026-04-21,2026-09-21,Pro,Partnership,France,10,10,6,6,1,21.2,0,1,1,Active Paid,0,29.0
USR-003080,2025-10-30,2026-07-10,Pro,Organic Search,United Kingdom,6,6,2,3,0,17.8,0,1,1,Churned,1,0.0
USR-003081,2025-11-05,2026-09-22,Free,Organic Search,United States,9,9,8,0,1,17.6,0,1,0,Free,0,0.0
USR-003082,2025-02-06,2026-09-26,Pro,Social,Other,8,8,6,2,2,16.8,0,1,1,Active Paid,0,29.0
USR-003083,2026-03-02,2026-09-20,Free,Organic Search,Germany,9,8,9,4,2,13.1,0,1,1,Free,0,0.0
USR-003084,2026-03-27,2026-09-26,Team,Organic Search,United States,7,7,7,7,5,13.1,0,1,1,Active Paid,0,89.0
USR-003085,2026-01-16,2026-08-28,Free,Organic Search,United Kingdom,3,3,1,0,0,10.1,0,1,1,Churned,1,0.0
USR-003086,2026-01-01,2026-09-27,Free,Organic Search,Canada,0,0,0,0,0,0.0,0,0,0,Free,0,0.0
USR-003087,2026-05-09,2026-09-25,Free,Paid Search,Canada,5,5,2,0,0,21.1,0,1,0,Free,0,0.0
USR-003088,2026-05-12,2026-09-27,Pro,Content,Other,12,10,12,2,2,12.3,3,1,1,Active Paid,0,29.0
USR-003089,2026-04-03,2026-09-21,Team,Paid Search,Germany,6,6,4,1,2,15.8,0,1,1,Active Paid,0,89.0
USR-003090,2025-10-16,2026-09-23,Team,Paid Search,Other,8,8,5,5,4,17.2,0,1,1,Active Paid,0,89.0
USR-003091,2026-01-13,2026-09-20,Pro,Social,France,12,12,13,2,9,19.9,0,1,1,Active Paid,0,29.0
USR-003092,2025-12-09,2026-09-27,Team,Paid Search,Other,5,5,6,0,3,12.3,1,0,1,Active Paid,0,89.0
USR-003093,2025-04-19,2026-09-22,Pro,Paid Search,Canada,12,12,16,7,4,17.3,0,1,1,Active Paid,0,29.0
USR-003094,2026-03-27,2026-09-25,Free,Paid Search,France,5,5,3,1,0,23.0,0,1,0,Free,0,0.0
USR-003095,2024-12-04,2026-09-23,Pro,Paid Search,France,10,10,11,4,1,14.3,1,1,1,Active Paid,0,29.0
USR-003096,2025-03-27,2026-09-24,Free,Paid Search,France,3,2,0,0,0,19.0,1,0,0,Free,0,0.0
USR-003097,2026-05-14,2026-09-24,Free,Organic Search,United States,10,10,4,2,1,13.6,1,1,0,Free,0,0.0
USR-003098,2026-02-03,2026-07-09,Free,Content,United States,5,5,2,0,0,12.7,0,1,1,Churned,1,0.0
USR-003099,2026-05-07,2026-08-30,Free,Partnership,United States,8,8,4,0,2,17.9,0,1,1,Churned,1,0.0
USR-003100,2026-03-04,2026-09-27,Team,Content,United States,14,14,16,8,6,17.0,0,1,1,Active Paid,0,89.0
USR-003101,2025-12-28,2026-09-23,Team,Organic Search,Other,11,10,5,2,8,11.6,0,1,1,Active Paid,0,89.0
USR-003102,2026-06-14,2026-07-15,Free,Referral,France,5,2,0,0,1,11.8,0,1,0,Churned,1,0.0
USR-003103,2026-09-05,2026-09-25,Pro,Social,United States,14,14,10,6,5,15.0,0,1,1,Active Paid,0,29.0
USR-003104,2025-11-06,2026-09-24,Free,Organic Search,United Kingdom,8,7,3,0,1,2.0,1,0,0,Free,0,0.0
USR-003105,2025-05-02,2026-09-28,Free,Partnership,United States,6,6,4,1,2,16.2,0,1,0,Free,0,0.0
USR-003106,2026-02-11,2026-09-23,Free,Referral,Australia,3,3,0,0,0,9.0,0,1,1,Free,0,0.0
USR-003107,2025-01-08,2026-09-15,Free,Organic Search,Other,5,5,4,2,3,17.9,0,0,0,Free,0,0.0
USR-003108,2025-12-25,2026-09-24,Free,Partnership,United States,6,6,6,0,1,14.1,0,1,0,Free,0,0.0
USR-003109,2024-12-10,2026-07-19,Free,Organic Search,United Kingdom,0,0,0,0,0,0.0,0,0,0,Churned,1,0.0
USR-003110,2026-03-31,2026-08-07,Free,Social,Other,0,0,1,0,0,0.0,1,0,1,Churned,1,0.0
USR-003111,2025-08-26,2026-09-19,Free,Organic Search,Germany,3,3,0,0,0,14.3,0,1,1,Free,0,0.0
USR-003112,2025-03-19,2026-09-24,Team,Organic Search,Other,8,8,6,1,7,21.1,1,1,1,Active Paid,0,89.0
USR-003113,2026-08-04,2026-09-25,Free,Partnership,United Kingdom,8,8,4,0,0,12.8,0,1,0,Free,0,0.0
USR-003114,2024-11-20,2026-09-24,Free,Social,United States,5,5,1,0,0,18.7,1,0,0,Free,0,0.0
USR-003115,2025-12-29,2026-09-17,Free,Paid Search,France,4,4,0,0,0,11.7,0,0,0,Free,0,0.0
USR-003116,2025-09-24,2026-08-03,Free,Referral,United States,5,5,1,1,1,15.6,0,1,0,Churned,1,0.0
USR-003117,2025-06-23,2026-09-24,Free,Content,Australia,11,6,4,3,5,19.2,0,1,1,Free,0,0.0
USR-003118,2025-06-13,2026-07-23,Free,Content,France,7,6,0,0,0,14.6,0,1,0,Churned,1,0.0
USR-003119,2026-08-30,2026-09-27,Pro,Partnership,United States,10,10,10,8,1,20.6,1,1,1,Active Paid,0,29.0
USR-003120,2025-01-03,2026-09-26,Pro,Content,Canada,4,4,1,0,0,7.6,0,1,1,Active Paid,0,29.0
USR-003121,2025-06-27,2026-09-24,Pro,Referral,Australia,2,2,0,0,0,22.2,0,1,1,Active Paid,0,29.0
USR-003122,2024-10-01,2026-09-25,Pro,Paid Search,Other,11,10,3,8,3,14.5,0,1,1,Active Paid,0,29.0
USR-003123,2025-10-13,2026-09-20,Free,Partnership,United Kingdom,2,2,1,0,0,15.4,0,1,0,Free,0,0.0
USR-003124,2025-07-04,2026-09-28,Free,Organic Search,Australia,3,3,2,1,0,14.8,0,1,1,Free,0,0.0
USR-003125,2025-11-04,2026-09-24,Free,Organic Search,United States,12,12,13,2,1,9.2,0,1,0,Free,0,0.0
USR-003126,2024-12-18,2026-09-22,Free,Paid Search,Other,0,0,0,0,0,0.0,0,1,1,Free,0,0.0
USR-003127,2025-01-28,2026-09-06,Free,Paid Search,France,0,0,1,0,0,0.0,0,1,1,Churned,1,0.0
USR-003128,2024-12-05,2026-09-19,Free,Social,United States,3,3,2,1,0,23.7,0,1,0,Free,0,0.0
USR-003129,2025-09-20,2026-09-22,Pro,Content,France,3,3,1,0,0,16.9,0,0,1,Active Paid,0,29.0
USR-003130,2025-02-27,2026-09-25,Free,Social,France,0,0,0,0,1,0.0,0,1,0,Free,0,0.0
USR-003131,2026-01-02,2026-09-20,Free,Social,France,1,1,0,0,0,14.4,0,1,1,Free,0,0.0
USR-003132,2025-10-21,2026-09-27,Pro,Paid Search,United Kingdom,9,9,9,1,3,23.3,0,0,1,Active Paid,0,29.0
USR-003133,2025-03-21,2026-09-23,Free,Referral,France,3,3,1,1,0,13.4,0,1,0,Free,0,0.0
USR-003134,2026-07-19,2026-07-19,Pro,Organic Search,Australia,8,5,4,2,1,14.2,1,1,1,Churned,1,0.0
USR-003135,2025-04-25,2026-09-21,Team,Organic Search,United Kingdom,0,0,0,0,0,0.0,0,1,1,Active Paid,0,89.0
USR-003136,2026-09-04,2026-09-28,Team,Referral,United States,12,8,11,3,7,18.4,0,0,1,Active Paid,0,89.0
USR-003137,2025-07-27,2026-09-25,Free,Social,Other,1,1,0,0,0,11.4,0,1,1,Free,0,0.0
USR-003138,2025-10-09,2026-09-21,Free,Paid Search,Germany,5,5,0,0,0,9.5,0,1,0,Free,0,0.0
USR-003139,2025-10-15,2026-09-24,Pro,Paid Search,Canada,12,8,8,3,2,8.5,2,1,1,Active Paid,0,29.0
USR-003140,2025-09-27,2026-09-23,Pro,Organic Search,Other,12,12,7,12,2,14.8,1,1,1,Active Paid,0,29.0
USR-003141,2025-09-29,2026-09-25,Pro,Referral,United States,12,12,8,5,4,15.1,1,1,1,Active Paid,0,29.0
USR-003142,2025-11-28,2026-07-17,Free,Paid Search,Australia,3,3,0,0,0,10.1,0,0,0,Churned,1,0.0
USR-003143,2025-10-28,2026-07-17,Free,Paid Search,Canada,0,0,0,0,0,0.0,1,0,1,Churned,1,0.0
USR-003144,2025-08-05,2026-09-25,Free,Content,United States,7,7,4,1,1,11.4,0,1,1,Free,0,0.0
USR-003145,2025-03-19,2026-09-20,Free,Referral,Other,8,8,3,3,0,11.1,1,0,0,Free,0,0.0
USR-003146,2025-08-17,2026-09-22,Free,Organic Search,Australia,6,6,1,5,1,16.6,0,0,0,Free,0,0.0
USR-003147,2025-06-13,2026-09-22,Team,Referral,United States,6,6,3,5,2,13.0,0,0,1,Active Paid,0,89.0
USR-003148,2025-01-25,2026-07-20,Free,Organic Search,Other,3,3,1,0,0,9.7,0,0,0,Churned,1,0.0
USR-003149,2024-10-08,2026-09-23,Pro,Organic Search,Other,15,11,7,7,2,16.1,1,0,1,Active Paid,0,29.0
USR-003150,2026-06-30,2026-09-23,Team,Referral,Australia,3,3,2,1,0,12.6,1,1,1,Active Paid,0,89.0
USR-003151,2025-04-24,2026-09-23,Free,Organic Search,United States,0,0,0,0,0,0.0,0,1,0,Free,0,0.0
USR-003152,2026-04-07,2026-09-25,Free,Paid Search,United States,4,4,3,2,0,15.7,0,1,0,Free,0,0.0
USR-003153,2026-04-28,2026-09-28,Pro,Content,France,6,6,2,3,0,22.3,1,1,1,Active Paid,0,29.0
USR-003154,2025-02-26,2026-09-21,Free,Referral,Other,3,3,1,0,0,9.7,0,0,0,Free,0,0.0
USR-003155,2026-07-28,2026-09-23,Free,Partnership,United States,10,9,8,0,1,23.1,1,0,0,Free,0,0.0
USR-003156,2025-01-17,2026-08-18,Pro,Content,Canada,5,5,4,2,0,10.8,1,0,1,Churned,1,0.0
USR-003157,2025-03-14,2026-09-25,Pro,Paid Search,United States,7,7,4,2,0,13.3,0,0,1,Active Paid,0,29.0
USR-003158,2024-10-04,2026-09-22,Pro,Referral,Canada,15,11,9,9,3,11.0,1,1,1,Active Paid,0,29.0
USR-003159,2025-05-26,2026-09-24,Team,Paid Search,Germany,1,1,3,0,1,17.5,0,1,1,Active Paid,0,89.0
USR-003160,2024-12-30,2026-09-25,Free,Referral,United States,6,6,2,0,2,18.0,0,1,0,Free,0,0.0
USR-003161,2026-06-23,2026-09-29,Pro,Paid Search,Germany,18,18,12,9,4,21.0,0,1,1,Active Paid,0,29.0
USR-003162,2024-12-18,2026-09-25,Pro,Organic Search,Germany,8,8,8,4,0,18.1,1,0,1,Active Paid,0,29.0
USR-003163,2026-05-24,2026-09-26,Pro,Organic Search,United Kingdom,9,9,5,4,3,12.2,2,1,1,Active Paid,0,29.0
USR-003164,2026-02-03,2026-09-27,Pro,Referral,Other,14,14,16,7,4,14.0,1,1,1,Active Paid,0,29.0
USR-003165,2026-06-16,2026-07-28,Pro,Organic Search,United States,1,1,2,0,0,21.9,1,1,1,Churned,1,0.0
USR-003166,2025-12-02,2026-09-26,Team,Social,United States,13,13,11,8,10,21.5,0,1,1,Active Paid,0,89.0
USR-003167,2025-03-29,2026-09-27,Free,Content,Canada,4,4,1,0,0,11.2,0,0,0,Free,0,0.0
USR-003168,2026-03-08,2026-09-21,Pro,Referral,Canada,3,3,0,0,0,16.6,1,0,1,Active Paid,0,29.0
USR-003169,2025-02-05,2026-09-22,Free,Paid Search,United States,4,2,2,0,0,12.3,0,1,1,Free,0,0.0
USR-003170,2025-07-09,2026-09-19,Pro,Organic Search,Other,7,7,10,0,1,19.3,2,0,1,Active Paid,0,29.0
USR-003171,2025-06-23,2026-09-19,Pro,Partnership,United States,5,5,1,1,3,7.3,1,1,1,Active Paid,0,29.0
USR-003172,2024-11-13,2026-09-20,Pro,Social,United States,9,9,4,2,2,14.4,1,1,1,Active Paid,0,29.0
USR-003173,2025-11-11,2026-09-26,Free,Paid Search,Australia,9,9,7,4,2,18.9,0,1,0,Free,0,0.0
USR-003174,2026-01-12,2026-09-21,Free,Partnership,Other,5,5,2,1,1,13.5,0,0,1,Free,0,0.0
USR-003175,2024-10-04,2026-09-21,Free,Organic Search,Canada,4,4,3,0,0,13.7,0,0,0,Free,0,0.0
USR-003176,2025-08-13,2026-08-30,Free,Paid Search,United States,6,6,2,1,2,8.6,0,1,0,Churned,1,0.0
USR-003177,2025-07-03,2026-09-20,Free,Organic Search,United Kingdom,5,5,3,0,1,13.5,0,0,0,Free,0,0.0
USR-003178,2026-02-16,2026-07-14,Team,Organic Search,United States,0,0,1,0,0,0.0,1,0,1,Churned,1,0.0
USR-003179,2026-04-14,2026-09-19,Free,Paid Search,Canada,0,0,0,0,0,0.0,0,0,0,Free,0,0.0
USR-003180,2026-05-17,2026-09-23,Team,Referral,France,14,14,14,7,5,18.0,1,1,1,Active Paid,0,89.0
USR-003181,2026-04-09,2026-07-12,Free,Paid Search,United Kingdom,5,3,0,1,0,9.5,0,1,0,Churned,1,0.0
USR-003182,2026-04-29,2026-09-28,Pro,Referral,Canada,6,6,3,0,1,12.9,1,1,1,Active Paid,0,29.0
USR-003183,2025-03-31,2026-07-04,Pro,Content,France,8,8,9,2,4,13.2,1,0,1,Churned,1,0.0
USR-003184,2026-08-05,2026-09-22,Pro,Content,United States,9,9,7,4,0,12.3,1,1,1,Active Paid,0,29.0
USR-003185,2025-06-22,2026-09-19,Pro,Organic Search,United States,9,9,6,1,3,16.6,1,1,1,Active Paid,0,29.0
USR-003186,2024-11-06,2026-09-24,Pro,Referral,Australia,6,6,7,5,0,12.4,0,0,1,Active Paid,0,29.0
USR-003187,2025-03-17,2026-09-24,Team,Organic Search,United States,10,10,11,7,4,12.7,1,1,1,Active Paid,0,89.0
USR-003188,2025-12-01,2026-09-26,Pro,Referral,United States,9,8,8,1,1,16.8,0,1,1,Active Paid,0,29.0
USR-003189,2026-08-04,2026-08-04,Free,Paid Search,United States,3,3,0,1,0,14.1,0,0,1,Churned,1,0.0
USR-003190,2025-01-27,2026-09-20,Free,Referral,Canada,10,10,4,3,2,15.2,0,1,0,Free,0,0.0
USR-003191,2026-09-13,2026-09-28,Pro,Organic Search,Germany,12,12,13,4,6,10.1,0,1,1,Active Paid,0,29.0
USR-003192,2025-05-16,2026-09-23,Free,Referral,Canada,9,9,7,2,0,12.9,0,1,0,Free,0,0.0
USR-003193,2025-05-24,2026-09-22,Free,Organic Search,United Kingdom,5,5,2,1,0,14.7,0,1,0,Free,0,0.0
USR-003194,2026-05-01,2026-09-25,Pro,Organic Search,Canada,19,19,30,17,8,22.3,0,1,1,Active Paid,0,29.0
USR-003195,2025-04-04,2026-09-22,Free,Social,United States,10,10,5,0,4,9.2,0,1,0,Free,0,0.0
USR-003196,2026-05-13,2026-09-28,Pro,Paid Search,Australia,9,9,2,3,2,20.1,0,1,1,Active Paid,0,29.0
USR-003197,2026-04-07,2026-09-21,Pro,Referral,Other,7,5,5,2,2,12.1,0,1,1,Active Paid,0,29.0
USR-003198,2025-02-12,2026-09-23,Pro,Referral,Canada,18,17,16,18,9,25.3,0,0,1,Active Paid,0,29.0
USR-003199,2024-10-15,2026-09-25,Pro,Referral,United Kingdom,10,10,8,2,1,12.3,1,1,1,Active Paid,0,29.0
USR-003200,2026-03-10,2026-09-27,Team,Referral,Australia,18,15,14,15,14,18.7,0,1,1,Active Paid,0,89.0
USR-003201,2024-11-26,2026-09-22,Pro,Content,United States,14,13,8,5,3,14.8,0,0,1,Active Paid,0,29.0
USR-003202,2024-12-02,2026-09-24,Team,Content,United Kingdom,8,8,2,2,7,15.8,1,1,1,Active Paid,0,89.0
USR-003203,2025-03-14,2026-09-18,Free,Organic Search,Other,3,3,1,0,1,6.4,0,1,0,Free,0,0.0
USR-003204,2026-06-07,2026-08-01,Pro,Social,United States,5,5,3,2,0,16.3,1,1,1,Churned,1,0.0
USR-003205,2026-02-13,2026-09-26,Pro,Referral,United States,15,12,12,6,4,16.0,0,1,1,Active Paid,0,29.0
USR-003206,2025-05-19,2026-09-28,Free,Organic Search,Canada,20,12,20,3,7,19.1,0,1,0,Free,0,0.0
USR-003207,2024-10-01,2026-07-26,Free,Paid Search,Germany,1,1,1,1,1,9.1,0,1,1,Churned,1,0.0
USR-003208,2025-02-10,2026-09-21,Free,Paid Search,Germany,7,7,3,1,1,19.1,0,0,0,Free,0,0.0
USR-003209,2025-11-19,2026-09-01,Free,Social,United States,0,0,0,0,0,0.0,0,1,0,Churned,1,0.0
USR-003210,2026-03-31,2026-09-23,Team,Paid Search,France,12,12,10,5,10,14.9,0,1,1,Active Paid,0,89.0
USR-003211,2024-10-29,2026-09-24,Free,Referral,United States,4,4,0,1,1,11.5,2,0,0,Free,0,0.0
USR-003212,2026-03-02,2026-09-26,Free,Social,Other,5,4,1,1,0,9.4,0,0,0,Free,0,0.0
USR-003213,2026-01-14,2026-09-25,Pro,Referral,United States,14,14,12,8,1,21.0,3,1,1,Active Paid,0,29.0
USR-003214,2024-10-26,2026-09-22,Free,Paid Search,United States,4,4,3,0,0,12.7,0,1,0,Free,0,0.0
USR-003215,2025-08-10,2026-08-27,Free,Referral,Canada,3,3,1,0,1,10.9,0,1,1,Churned,1,0.0
USR-003216,2026-03-10,2026-08-02,Pro,Referral,United States,8,8,6,2,1,19.9,0,1,1,Churned,1,0.0
USR-003217,2026-09-12,2026-09-19,Free,Organic Search,Germany,8,8,5,0,1,23.3,0,1,0,Free,0,0.0
USR-003218,2025-11-12,2026-08-21,Free,Organic Search,United States,5,4,1,0,0,8.5,2,1,1,Churned,1,0.0
USR-003219,2024-10-11,2026-09-21,Pro,Paid Search,United Kingdom,11,11,5,3,0,16.3,0,0,1,Active Paid,0,29.0
USR-003220,2025-11-10,2026-09-23,Pro,Partnership,United States,12,12,11,3,3,15.8,0,1,1,Active Paid,0,29.0
USR-003221,2025-05-03,2026-09-17,Pro,Paid Search,United Kingdom,13,13,9,7,4,19.2,0,0,1,Active Paid,0,29.0
USR-003222,2026-03-19,2026-09-22,Free,Organic Search,United States,5,5,5,2,0,19.9,0,1,0,Free,0,0.0
USR-003223,2025-03-10,2026-09-18,Free,Organic Search,United Kingdom,5,5,1,1,0,4.8,0,1,0,Free,0,0.0
USR-003224,2025-03-10,2026-08-30,Team,Organic Search,United States,10,10,6,5,9,18.5,0,0,1,Churned,1,0.0
USR-003225,2025-07-08,2026-09-20,Pro,Paid Search,Australia,6,6,7,1,3,11.3,0,1,1,Active Paid,0,29.0
USR-003226,2025-03-13,2026-09-21,Free,Content,France,7,7,1,1,2,10.6,0,1,1,Free,0,0.0
USR-003227,2025-07-29,2026-09-18,Pro,Social,United States,3,3,1,1,1,15.1,0,1,1,Active Paid,0,29.0
USR-003228,2025-12-19,2026-09-21,Free,Content,United States,9,5,7,2,3,17.8,0,1,1,Free,0,0.0
USR-003229,2025-04-06,2026-09-22,Pro,Organic Search,United States,12,12,11,5,8,16.0,2,1,1,Active Paid,0,29.0
USR-003230,2025-01-26,2026-07-15,Pro,Social,United States,2,2,1,0,0,8.4,1,0,1,Churned,1,0.0
USR-003231,2025-01-22,2026-09-27,Team,Content,Canada,14,14,12,12,7,16.8,1,1,1,Active Paid,0,89.0
USR-003232,2026-04-16,2026-08-29,Team,Referral,United Kingdom,6,6,4,3,0,18.0,0,0,1,Churned,1,0.0
USR-003233,2025-05-20,2026-08-20,Free,Content,Other,5,5,2,0,1,7.0,0,0,0,Churned,1,0.0
USR-003234,2026-09-12,2026-09-12,Pro,Paid Search,Australia,8,8,8,5,2,26.5,2,0,1,Churned,1,0.0
USR-003235,2025-08-03,2026-08-14,Free,Social,United States,3,3,0,0,0,6.6,0,0,0,Churned,1,0.0
USR-003236,2025-08-03,2026-09-25,Pro,Referral,United States,10,10,9,5,3,14.5,0,1,1,Active Paid,0,29.0
USR-003237,2025-12-30,2026-09-26,Pro,Organic Search,United States,7,7,7,4,3,11.4,0,1,1,Active Paid,0,29.0
USR-003238,2024-10-05,2026-09-01,Free,Content,United States,0,0,0,0,0,0.0,0,0,0,Churned,1,0.0
USR-003239,2024-12-23,2026-09-26,Free,Paid Search,Canada,8,8,5,5,1,13.7,0,1,0,Free,0,0.0
USR-003240,2026-08-19,2026-09-22,Free,Organic Search,United States,6,6,4,2,0,18.0,0,1,0,Free,0,0.0
USR-003241,2026-04-19,2026-09-21,Free,Referral,United States,13,10,7,1,3,16.3,0,1,1,Free,0,0.0
USR-003242,2026-04-20,2026-08-08,Free,Referral,United States,3,3,0,0,0,21.9,0,1,0,Churned,1,0.0
USR-003243,2024-12-13,2026-08-22,Team,Content,Germany,9,9,5,8,6,13.2,0,1,1,Churned,1,0.0
USR-003244,2025-09-09,2026-09-26,Free,Content,United States,11,6,9,1,3,13.8,0,0,1,Free,0,0.0
USR-003245,2025-04-12,2026-09-26,Pro,Paid Search,Other,10,10,5,3,2,15.1,0,1,1,Active Paid,0,29.0
USR-003246,2025-02-13,2026-09-20,Pro,Referral,United Kingdom,7,7,3,4,2,7.9,2,1,1,Active Paid,0,29.0
USR-003247,2025-03-16,2026-09-24,Pro,Partnership,United Kingdom,7,7,7,2,2,17.3,3,1,1,Active Paid,0,29.0
USR-003248,2026-07-14,2026-09-23,Free,Organic Search,Canada,8,8,6,3,0,12.8,0,1,0,Free,0,0.0
USR-003249,2026-06-07,2026-09-23,Pro,Social,Canada,11,7,4,6,0,16.6,0,1,1,Active Paid,0,29.0
USR-003250,2025-12-07,2026-09-29,Pro,Content,United Kingdom,15,5,8,6,2,18.3,0,1,1,Active Paid,0,29.0
USR-003251,2026-01-17,2026-09-21,Pro,Organic Search,Canada,8,4,0,1,0,13.0,1,0,1,Active Paid,0,29.0
USR-003252,2025-03-30,2026-09-21,Team,Partnership,United Kingdom,8,8,6,9,2,20.8,1,1,1,Active Paid,0,89.0
USR-003253,2026-05-27,2026-09-25,Pro,Social,United Kingdom,16,16,8,13,5,19.2,0,1,1,Active Paid,0,29.0
USR-003254,2025-12-24,2026-09-27,Free,Content,United States,15,10,15,7,5,21.6,1,1,0,Free,0,0.0
USR-003255,2026-03-30,2026-09-25,Team,Referral,France,11,11,12,4,7,20.1,0,1,1,Active Paid,0,89.0
USR-003256,2026-05-03,2026-09-26,Free,Referral,Germany,4,4,2,0,0,23.1,0,1,1,Free,0,0.0
USR-003257,2026-05-15,2026-09-24,Pro,Referral,Germany,12,12,10,8,1,18.6,1,1,1,Active Paid,0,29.0
USR-003258,2026-04-29,2026-09-27,Free,Organic Search,Other,3,3,1,0,0,22.9,0,1,0,Free,0,0.0
USR-003259,2025-08-08,2026-09-21,Free,Referral,Canada,8,8,2,0,3,13.6,0,1,1,Free,0,0.0
USR-003260,2025-11-26,2026-09-23,Free,Partnership,Other,5,5,1,1,0,15.1,0,1,1,Free,0,0.0
USR-003261,2025-11-08,2026-09-25,Free,Partnership,United Kingdom,10,10,6,2,3,14.0,1,1,0,Free,0,0.0
USR-003262,2025-10-08,2026-09-27,Team,Partnership,Canada,13,11,12,10,6,23.4,2,1,1,Active Paid,0,89.0
USR-003263,2025-04-04,2026-09-28,Free,Referral,Germany,9,9,10,3,3,15.9,1,1,1,Free,0,0.0
USR-003264,2025-01-07,2026-09-28,Pro,Referral,United States,13,11,13,10,4,28.7,1,1,1,Active Paid,0,29.0
USR-003265,2025-09-04,2026-09-28,Free,Social,United States,7,7,5,3,1,18.2,0,1,0,Free,0,0.0
USR-003266,2025-06-13,2026-09-28,Team,Social,Canada,6,6,2,2,3,14.3,1,0,1,Active Paid,0,89.0
USR-003267,2025-04-05,2026-07-04,Free,Social,United States,6,6,6,1,1,13.4,0,1,0,Churned,1,0.0
USR-003268,2025-05-10,2026-08-17,Free,Organic Search,United States,1,1,0,0,0,5.1,0,1,1,Churned,1,0.0
USR-003269,2026-06-12,2026-07-30,Free,Organic Search,Australia,2,2,1,0,0,12.7,0,1,0,Churned,1,0.0
USR-003270,2024-10-13,2026-09-26,Free,Social,Canada,11,10,7,0,2,11.0,0,0,0,Free,0,0.0
USR-003271,2026-05-21,2026-09-22,Team,Paid Search,United States,7,7,9,2,4,21.2,1,1,1,Active Paid,0,89.0
USR-003272,2025-11-25,2026-09-28,Team,Paid Search,United States,6,6,2,1,6,5.4,2,0,1,Active Paid,0,89.0
USR-003273,2025-06-06,2026-07-13,Free,Organic Search,Other,0,0,0,0,0,0.0,0,0,0,Churned,1,0.0
USR-003274,2025-12-01,2026-09-23,Free,Content,Other,6,6,1,0,0,12.9,0,1,0,Free,0,0.0
USR-003275,2026-03-26,2026-08-21,Free,Partnership,Germany,3,3,1,0,0,18.0,0,1,0,Churned,1,0.0
USR-003276,2024-11-24,2026-07-09,Free,Referral,United States,6,6,1,0,1,14.8,1,1,0,Churned,1,0.0
USR-003277,2026-07-26,2026-09-15,Pro,Partnership,United Kingdom,10,10,4,3,1,15.1,0,0,1,Active Paid,0,29.0
USR-003278,2026-03-24,2026-09-19,Free,Content,United States,5,3,2,0,0,5.9,0,1,1,Free,0,0.0
USR-003279,2024-10-06,2026-09-22,Pro,Organic Search,Australia,20,13,21,7,4,18.3,1,0,1,Active Paid,0,29.0
USR-003280,2025-04-12,2026-09-27,Team,Organic Search,Canada,8,8,7,1,5,15.1,0,1,1,Active Paid,0,89.0
USR-003281,2026-07-15,2026-09-22,Free,Organic Search,Australia,8,8,10,1,1,21.3,0,0,0,Free,0,0.0
USR-003282,2025-03-25,2026-09-22,Free,Organic Search,United Kingdom,1,1,0,0,0,4.4,0,1,0,Free,0,0.0
USR-003283,2024-10-22,2026-08-09,Free,Social,Other,6,6,4,0,0,16.2,0,1,0,Churned,1,0.0
USR-003284,2026-07-08,2026-09-27,Free,Paid Search,United Kingdom,9,9,1,3,1,12.4,0,1,1,Free,0,0.0
USR-003285,2025-11-23,2026-08-20,Free,Content,United Kingdom,4,4,0,1,0,13.4,1,0,0,Churned,1,0.0
USR-003286,2025-10-16,2026-09-26,Pro,Social,Canada,6,6,2,4,0,14.2,0,1,1,Active Paid,0,29.0
USR-003287,2026-06-14,2026-09-08,Free,Paid Search,Germany,4,4,1,0,0,10.5,0,0,0,Churned,1,0.0
USR-003288,2026-04-25,2026-09-26,Pro,Partnership,Other,12,12,11,9,3,13.6,0,1,1,Active Paid,0,29.0
USR-003289,2026-05-14,2026-09-23,Team,Partnership,United Kingdom,6,6,2,1,9,11.0,1,1,1,Active Paid,0,89.0
USR-003290,2026-05-06,2026-09-19,Team,Referral,Other,4,4,2,2,1,26.1,1,1,1,Active Paid,0,89.0
USR-003291,2025-12-01,2026-09-28,Pro,Content,United Kingdom,11,11,8,4,2,15.1,0,1,1,Active Paid,0,29.0
USR-003292,2025-10-19,2026-09-21,Free,Partnership,United Kingdom,5,5,2,0,0,9.0,0,1,0,Free,0,0.0
USR-003293,2026-03-29,2026-09-28,Free,Social,United States,2,2,0,0,0,14.1,1,0,0,Free,0,0.0
USR-003294,2026-02-21,2026-09-25,Free,Content,United States,8,8,11,2,0,19.3,0,0,0,Free,0,0.0
USR-003295,2026-05-01,2026-09-23,Team,Organic Search,Other,7,7,5,4,3,17.8,1,0,1,Active Paid,0,89.0
USR-003296,2025-02-23,2026-09-24,Team,Social,United States,6,6,2,2,5,10.8,3,1,1,Active Paid,0,89.0
USR-003297,2026-04-17,2026-09-25,Free,Social,United Kingdom,7,4,4,1,2,18.7,0,0,0,Free,0,0.0
USR-003298,2024-12-06,2026-08-14,Free,Organic Search,United States,6,6,1,1,0,10.6,1,1,0,Churned,1,0.0
USR-003299,2025-08-26,2026-09-25,Free,Organic Search,France,7,7,6,4,1,11.8,0,1,1,Free,0,0.0
USR-003300,2025-02-19,2026-09-22,Free,Organic Search,Other,6,5,0,1,0,7.8,1,1,0,Free,0,0.0
USR-003301,2025-06-17,2026-09-22,Team,Paid Search,Australia,11,5,10,1,6,9.8,0,0,1,Active Paid,0,89.0
USR-003302,2026-03-09,2026-09-22,Free,Organic Search,United Kingdom,12,12,6,6,1,19.1,0,1,1,Free,0,0.0
USR-003303,2025-07-13,2026-09-09,Free,Paid Search,United Kingdom,5,5,2,0,0,9.4,0,1,1,Churned,1,0.0
USR-003304,2026-03-03,2026-09-01,Free,Content,United States,6,6,5,3,1,24.2,0,1,0,Churned,1,0.0
USR-003305,2026-06-23,2026-08-06,Free,Social,Other,0,0,1,0,0,0.0,0,0,0,Churned,1,0.0
USR-003306,2026-03-17,2026-09-24,Free,Referral,United States,8,7,3,1,4,13.3,0,1,0,Free,0,0.0
USR-003307,2026-03-02,2026-09-17,Pro,Organic Search,Other,5,3,0,0,0,12.3,1,0,1,Active Paid,0,29.0
USR-003308,2026-06-11,2026-08-01,Free,Content,Australia,1,1,0,0,0,13.9,0,1,0,Churned,1,0.0
USR-003309,2026-08-30,2026-09-26,Pro,Organic Search,France,19,19,20,13,6,25.9,1,1,1,Active Paid,0,29.0
USR-003310,2024-11-10,2026-09-25,Free,Paid Search,Australia,3,3,1,0,0,9.0,0,0,0,Free,0,0.0
USR-003311,2025-09-13,2026-09-13,Free,Social,United Kingdom,3,3,5,1,0,12.4,1,1,1,Churned,1,0.0
USR-003312,2025-12-02,2026-09-20,Free,Partnership,United States,0,0,1,0,0,0.0,0,1,0,Free,0,0.0
USR-003313,2024-11-20,2026-09-23,Free,Partnership,United Kingdom,6,6,4,0,0,20.6,1,0,0,Free,0,0.0
USR-003314,2026-04-08,2026-09-24,Free,Content,United States,5,5,3,2,0,21.9,0,1,1,Free,0,0.0
USR-003315,2025-12-01,2026-09-27,Free,Referral,France,8,8,10,3,2,15.5,0,1,0,Free,0,0.0
USR-003316,2025-01-18,2026-07-12,Pro,Social,Canada,14,9,3,4,4,17.2,2,0,1,Churned,1,0.0
USR-003317,2025-06-21,2026-09-27,Pro,Referral,Other,14,12,12,7,7,11.6,2,1,1,Active Paid,0,29.0
USR-003318,2025-12-04,2026-09-22,Team,Organic Search,Other,10,10,10,5,5,23.4,1,0,1,Active Paid,0,89.0
USR-003319,2026-03-17,2026-09-25,Free,Paid Search,United States,5,5,0,1,1,12.0,0,0,0,Free,0,0.0
USR-003320,2026-08-21,2026-09-25,Pro,Partnership,United States,10,10,8,0,2,20.0,1,1,1,Active Paid,0,29.0
USR-003321,2026-07-17,2026-09-23,Pro,Partnership,United Kingdom,8,8,10,3,6,21.1,1,1,1,Active Paid,0,29.0
USR-003322,2026-05-23,2026-09-27,Free,Paid Search,United States,4,4,1,1,1,13.8,1,1,0,Free,0,0.0
USR-003323,2025-03-02,2026-09-24,Free,Organic Search,France,6,6,7,0,0,11.0,0,1,1,Free,0,0.0
USR-003324,2025-06-15,2026-09-25,Free,Organic Search,France,5,5,4,3,0,14.1,0,1,0,Free,0,0.0
USR-003325,2025-11-10,2026-09-17,Pro,Social,France,9,7,4,0,2,17.8,0,0,1,Active Paid,0,29.0
USR-003326,2025-03-05,2026-09-18,Free,Organic Search,Canada,8,4,0,0,0,9.5,0,0,0,Free,0,0.0
USR-003327,2026-05-24,2026-09-23,Free,Referral,Other,4,4,3,0,0,12.4,0,0,0,Free,0,0.0
USR-003328,2026-04-18,2026-09-26,Team,Organic Search,Germany,5,5,4,4,1,17.1,0,0,1,Active Paid,0,89.0
USR-003329,2025-12-09,2026-09-18,Free,Organic Search,Other,1,1,2,0,0,10.9,1,1,0,Free,0,0.0
USR-003330,2024-11-29,2026-09-23,Team,Paid Search,Australia,15,12,15,5,7,16.7,0,1,1,Active Paid,0,89.0
USR-003331,2025-07-03,2026-09-26,Pro,Referral,France,15,11,10,7,6,17.2,2,1,1,Active Paid,0,29.0
USR-003332,2025-01-15,2026-09-22,Pro,Paid Search,United States,13,13,8,4,4,18.5,0,1,1,Active Paid,0,29.0
USR-003333,2026-03-22,2026-09-22,Pro,Social,Australia,6,6,2,3,0,9.8,2,0,1,Active Paid,0,29.0
USR-003334,2025-01-17,2026-09-12,Free,Referral,United States,3,3,0,1,0,9.4,0,0,1,Churned,1,0.0
USR-003335,2026-07-26,2026-09-21,Pro,Content,United Kingdom,3,3,3,0,0,13.8,0,0,1,Active Paid,0,29.0
USR-003336,2026-04-06,2026-09-23,Pro,Paid Search,Canada,3,2,0,0,1,15.8,0,1,1,Active Paid,0,29.0
USR-003337,2025-09-07,2026-07-08,Pro,Referral,United Kingdom,10,10,7,6,2,17.7,0,1,1,Churned,1,0.0
USR-003338,2026-08-10,2026-09-23,Free,Paid Search,United States,20,14,15,5,5,16.4,1,1,0,Free,0,0.0
USR-003339,2025-01-10,2026-09-25,Free,Referral,United States,7,7,5,1,1,18.8,0,1,0,Free,0,0.0
USR-003340,2025-01-03,2026-08-03,Free,Social,Australia,0,0,1,0,0,0.0,0,1,0,Churned,1,0.0
USR-003341,2025-08-24,2026-09-20,Free,Partnership,Germany,1,1,1,0,0,7.9,0,0,1,Free,0,0.0
USR-003342,2026-02-09,2026-09-21,Pro,Partnership,Other,6,6,2,2,2,11.7,0,1,1,Active Paid,0,29.0
USR-003343,2026-07-07,2026-09-29,Pro,Referral,Australia,9,9,9,3,6,10.3,0,1,1,Active Paid,0,29.0
USR-003344,2025-06-30,2026-09-25,Pro,Content,United Kingdom,9,9,3,1,2,23.2,0,0,1,Active Paid,0,29.0
USR-003345,2025-08-27,2026-09-26,Pro,Organic Search,Australia,15,15,10,17,7,13.6,0,1,1,Active Paid,0,29.0
USR-003346,2025-03-21,2026-09-22,Free,Referral,Germany,6,6,5,0,2,18.7,0,1,0,Free,0,0.0
USR-003347,2025-07-12,2026-08-24,Free,Organic Search,United States,10,10,3,3,1,15.7,0,0,0,Churned,1,0.0
USR-003348,2026-06-16,2026-07-19,Free,Paid Search,Other,0,0,0,0,0,0.0,0,0,0,Churned,1,0.0
USR-003349,2026-06-20,2026-09-21,Free,Social,Other,6,6,4,0,0,19.7,0,1,0,Free,0,0.0
USR-003350,2025-03-06,2026-09-27,Free,Referral,United States,13,11,10,3,1,17.8,0,1,0,Free,0,0.0
USR-003351,2026-05-25,2026-09-19,Free,Referral,Australia,7,7,3,2,0,14.1,0,1,1,Free,0,0.0
USR-003352,2024-11-13,2026-09-16,Free,Content,United States,7,7,3,1,0,21.1,1,1,0,Free,0,0.0
USR-003353,2026-07-02,2026-09-23,Pro,Social,Other,7,7,4,5,1,7.7,2,1,1,Active Paid,0,29.0
USR-003354,2025-04-13,2026-09-02,Free,Partnership,Germany,11,10,15,1,3,21.2,0,1,0,Churned,1,0.0
USR-003355,2024-10-18,2026-09-24,Free,Content,United States,4,4,4,0,0,16.0,0,1,1,Free,0,0.0
USR-003356,2025-11-04,2026-09-23,Free,Content,Australia,10,10,6,1,2,14.8,1,1,0,Free,0,0.0
USR-003357,2026-08-06,2026-09-22,Pro,Organic Search,Canada,9,9,10,1,0,17.5,0,1,1,Active Paid,0,29.0
USR-003358,2024-12-28,2026-09-21,Pro,Social,United States,5,5,4,1,1,14.3,0,1,1,Active Paid,0,29.0
USR-003359,2026-05-05,2026-09-11,Free,Referral,Australia,7,5,0,1,1,9.6,3,0,1,Churned,1,0.0
USR-003360,2025-09-03,2026-09-21,Free,Partnership,Australia,6,6,1,0,0,7.3,0,1,1,Free,0,0.0
USR-003361,2024-10-12,2026-09-26,Team,Organic Search,Canada,12,11,11,5,3,19.1,0,1,1,Active Paid,0,89.0
USR-003362,2025-04-01,2026-09-26,Pro,Paid Search,France,9,9,8,2,1,19.7,1,1,1,Active Paid,0,29.0
USR-003363,2026-08-13,2026-09-26,Pro,Paid Search,United States,13,13,15,7,5,18.3,1,1,1,Active Paid,0,29.0
USR-003364,2025-02-06,2026-09-26,Free,Paid Search,United Kingdom,3,3,4,0,0,16.0,1,1,0,Free,0,0.0
USR-003365,2026-05-23,2026-09-23,Pro,Content,France,6,6,0,0,2,16.8,0,0,1,Active Paid,0,29.0
USR-003366,2025-03-29,2026-09-23,Team,Organic Search,United States,10,10,7,1,5,20.6,1,1,1,Active Paid,0,89.0
USR-003367,2025-06-29,2026-09-22,Free,Paid Search,United Kingdom,7,7,0,0,1,11.8,1,1,0,Free,0,0.0
USR-003368,2026-02-22,2026-09-25,Pro,Referral,Other,10,10,5,4,1,19.2,0,1,1,Active Paid,0,29.0
USR-003369,2025-11-17,2026-09-23,Free,Paid Search,Australia,3,2,0,0,0,7.9,0,0,0,Free,0,0.0
USR-003370,2026-06-23,2026-09-25,Pro,Organic Search,Canada,7,7,3,6,1,8.8,0,1,1,Active Paid,0,29.0
USR-003371,2024-10-10,2026-07-18,Free,Social,Germany,4,2,3,0,0,9.5,1,1,0,Churned,1,0.0
USR-003372,2026-03-29,2026-09-20,Free,Social,Other,7,7,4,0,0,11.6,0,1,0,Free,0,0.0
USR-003373,2026-02-07,2026-09-21,Team,Partnership,Other,10,7,8,4,3,18.9,1,1,1,Active Paid,0,89.0
USR-003374,2025-09-21,2026-09-22,Pro,Referral,United States,5,5,4,1,1,14.2,1,1,1,Active Paid,0,29.0
USR-003375,2025-05-23,2026-09-24,Free,Partnership,Canada,8,8,8,3,0,19.3,0,1,1,Free,0,0.0
USR-003376,2025-09-19,2026-08-07,Team,Organic Search,United States,10,10,4,3,1,20.5,0,1,1,Churned,1,0.0
USR-003377,2025-09-19,2026-09-21,Free,Referral,United States,6,4,2,2,1,22.9,0,0,0,Free,0,0.0
USR-003378,2025-07-26,2026-09-21,Free,Social,United States,6,4,3,0,3,13.9,0,1,1,Free,0,0.0
USR-003379,2025-01-10,2026-09-25,Pro,Referral,Germany,5,5,1,1,0,11.5,0,1,1,Active Paid,0,29.0
USR-003380,2025-12-07,2026-09-24,Free,Social,Australia,0,0,0,0,0,0.0,0,0,0,Free,0,0.0
USR-003381,2025-01-29,2026-09-21,Free,Organic Search,Other,10,10,8,5,3,20.1,0,1,1,Free,0,0.0
USR-003382,2025-03-02,2026-07-11,Pro,Organic Search,United Kingdom,8,8,6,4,0,9.6,0,1,1,Churned,1,0.0
USR-003383,2024-10-28,2026-08-03,Free,Content,United Kingdom,6,6,0,1,2,18.0,0,1,1,Churned,1,0.0
USR-003384,2024-12-02,2026-09-12,Free,Content,United States,6,6,3,1,0,11.8,0,1,1,Churned,1,0.0
USR-003385,2025-02-22,2026-09-24,Free,Organic Search,United States,2,2,0,0,0,13.2,1,1,1,Free,0,0.0
USR-003386,2026-03-23,2026-09-17,Pro,Referral,United States,7,7,3,3,1,12.1,1,1,1,Active Paid,0,29.0
USR-003387,2025-03-11,2026-09-27,Free,Referral,Other,5,5,5,1,3,20.1,1,1,0,Free,0,0.0
USR-003388,2025-04-07,2026-09-23,Free,Social,United States,12,12,6,3,1,9.8,0,1,1,Free,0,0.0
USR-003389,2026-02-21,2026-09-25,Pro,Paid Search,France,9,9,5,2,1,15.0,0,1,1,Active Paid,0,29.0
USR-003390,2025-05-19,2026-09-23,Free,Content,United Kingdom,17,9,20,3,4,14.5,2,1,1,Free,0,0.0
USR-003391,2026-03-19,2026-09-04,Free,Referral,Canada,10,10,8,5,0,18.8,1,1,0,Churned,1,0.0
USR-003392,2025-09-06,2026-09-23,Pro,Referral,Other,8,8,5,1,2,12.4,1,1,1,Active Paid,0,29.0
USR-003393,2025-02-23,2026-09-25,Pro,Referral,Other,7,7,2,5,2,22.5,0,1,1,Active Paid,0,29.0
USR-003394,2026-05-04,2026-09-23,Free,Referral,United States,4,4,2,0,0,13.4,0,1,1,Free,0,0.0
USR-003395,2026-01-18,2026-08-06,Pro,Organic Search,Other,17,15,16,9,9,22.1,0,1,1,Churned,1,0.0
USR-003396,2025-02-24,2026-09-26,Pro,Partnership,United States,7,7,3,1,3,20.7,0,0,1,Active Paid,0,29.0
USR-003397,2025-10-26,2026-08-31,Free,Paid Search,Australia,8,7,5,0,1,15.7,0,1,0,Churned,1,0.0
USR-003398,2024-10-29,2026-09-24,Pro,Content,United States,7,7,4,3,2,21.7,0,1,1,Active Paid,0,29.0
USR-003399,2026-09-10,2026-09-17,Pro,Content,Canada,5,5,5,6,0,10.4,1,1,1,Active Paid,0,29.0
USR-003400,2025-04-17,2026-09-26,Pro,Referral,France,12,12,13,6,5,17.5,1,1,1,Active Paid,0,29.0
USR-003401,2025-02-10,2026-09-21,Free,Social,Australia,4,4,0,2,0,11.2,0,1,0,Free,0,0.0
USR-003402,2024-11-28,2026-09-27,Pro,Organic Search,Other,9,9,4,3,2,19.8,0,0,1,Active Paid,0,29.0
USR-003403,2026-05-26,2026-09-26,Team,Paid Search,United States,13,9,14,8,11,22.3,0,0,1,Active Paid,0,89.0
USR-003404,2024-10-12,2026-09-22,Pro,Social,Other,12,11,15,5,3,18.2,0,1,1,Active Paid,0,29.0
USR-003405,2025-12-09,2026-09-22,Pro,Organic Search,United Kingdom,4,4,2,1,0,12.2,0,0,1,Active Paid,0,29.0
USR-003406,2026-01-07,2026-09-26,Pro,Organic Search,United States,6,6,2,6,0,15.9,0,1,1,Active Paid,0,29.0
USR-003407,2026-01-04,2026-09-28,Pro,Partnership,United States,7,7,6,2,0,19.3,1,1,1,Active Paid,0,29.0
USR-003408,2025-06-16,2026-09-26,Team,Paid Search,United States,11,11,6,4,8,18.4,0,1,1,Active Paid,0,89.0
USR-003409,2025-06-01,2026-09-27,Free,Paid Search,United States,6,6,4,0,0,11.0,0,1,1,Free,0,0.0
USR-003410,2025-10-12,2026-09-22,Free,Paid Search,France,0,0,0,0,0,0.0,0,0,0,Free,0,0.0
USR-003411,2026-07-27,2026-09-26,Pro,Referral,United States,12,12,12,7,5,13.9,0,1,1,Active Paid,0,29.0
USR-003412,2024-10-10,2026-09-25,Free,Social,Germany,7,7,3,0,1,7.8,0,1,1,Free,0,0.0
USR-003413,2026-04-10,2026-09-25,Pro,Content,United States,0,0,0,0,1,0.0,0,1,1,Active Paid,0,29.0
USR-003414,2026-07-10,2026-09-26,Pro,Social,France,16,16,10,8,5,17.1,1,1,1,Active Paid,0,29.0
USR-003415,2025-07-15,2026-09-26,Team,Organic Search,United States,9,9,6,4,5,19.2,1,1,1,Active Paid,0,89.0
USR-003416,2025-11-25,2026-09-20,Free,Social,United States,8,7,2,1,1,3.3,1,0,0,Free,0,0.0
USR-003417,2025-07-02,2026-09-20,Pro,Organic Search,Germany,7,7,9,1,0,12.0,0,0,1,Active Paid,0,29.0
USR-003418,2024-12-28,2026-07-02,Free,Content,Other,3,3,0,0,0,11.2,2,1,0,Churned,1,0.0
USR-003419,2026-07-08,2026-09-24,Free,Organic Search,Other,3,3,0,0,0,12.2,0,1,0,Free,0,0.0
USR-003420,2026-02-24,2026-09-15,Free,Organic Search,United Kingdom,9,6,0,2,1,12.4,0,0,0,Free,0,0.0
USR-003421,2025-09-11,2026-09-23,Free,Social,Other,0,0,0,0,0,0.0,1,1,0,Free,0,0.0
USR-003422,2025-03-01,2026-09-25,Free,Organic Search,Germany,12,12,16,6,5,23.7,0,1,1,Free,0,0.0
USR-003423,2025-07-13,2026-07-19,Pro,Social,Other,3,3,3,0,0,14.9,0,0,1,Churned,1,0.0
USR-003424,2025-12-16,2026-09-18,Pro,Social,United States,7,6,4,2,0,13.4,2,0,1,Active Paid,0,29.0
USR-003425,2025-07-06,2026-09-25,Free,Partnership,United States,12,12,8,1,0,16.8,1,0,0,Free,0,0.0
USR-003426,2024-10-15,2026-07-29,Free,Organic Search,United States,1,1,0,0,0,13.4,1,1,0,Churned,1,0.0
USR-003427,2025-10-07,2026-07-05,Free,Social,Australia,0,0,0,0,0,0.0,1,1,0,Churned,1,0.0
USR-003428,2024-12-23,2026-09-21,Team,Referral,United States,9,9,6,1,5,17.2,1,1,1,Active Paid,0,89.0
USR-003429,2025-03-07,2026-09-27,Team,Organic Search,United States,10,10,9,7,7,17.0,0,1,1,Active Paid,0,89.0
USR-003430,2026-02-12,2026-09-25,Free,Referral,Germany,12,12,12,4,2,18.9,0,1,1,Free,0,0.0
USR-003431,2026-03-21,2026-09-26,Free,Content,Other,8,8,2,0,0,9.9,0,1,0,Free,0,0.0
USR-003432,2025-03-14,2026-08-31,Free,Content,Canada,10,10,3,3,2,21.6,0,1,0,Churned,1,0.0
USR-003433,2026-04-20,2026-09-24,Pro,Partnership,France,6,6,5,0,0,5.6,0,1,1,Active Paid,0,29.0
USR-003434,2026-01-18,2026-08-12,Free,Referral,United States,5,5,6,0,1,13.3,0,1,1,Churned,1,0.0
USR-003435,2026-03-31,2026-09-21,Free,Paid Search,Other,5,5,1,2,0,16.6,0,1,0,Free,0,0.0
USR-003436,2025-07-09,2026-09-27,Free,Partnership,United States,10,8,5,2,0,20.3,1,1,0,Free,0,0.0
USR-003437,2026-02-17,2026-09-23,Free,Organic Search,United States,6,4,3,1,1,21.8,0,1,0,Free,0,0.0
USR-003438,2025-06-02,2026-07-07,Free,Social,United Kingdom,1,1,0,0,0,7.0,0,0,0,Churned,1,0.0
USR-003439,2024-11-16,2026-09-22,Free,Referral,United States,8,6,6,0,1,12.4,0,1,1,Free,0,0.0
USR-003440,2025-01-30,2026-09-26,Pro,Content,Germany,9,9,12,2,3,19.4,0,1,1,Active Paid,0,29.0
USR-003441,2024-11-07,2026-09-29,Free,Content,France,4,4,3,3,0,17.3,0,1,0,Free,0,0.0
USR-003442,2026-08-29,2026-09-25,Free,Organic Search,United States,6,6,4,0,0,16.6,0,1,0,Free,0,0.0
USR-003443,2025-10-25,2026-09-24,Free,Referral,United States,5,5,0,0,0,17.8,1,1,0,Free,0,0.0
USR-003444,2026-04-11,2026-09-27,Free,Organic Search,United States,6,6,6,0,1,25.6,1,1,1,Free,0,0.0
USR-003445,2024-11-28,2026-09-20,Pro,Referral,United States,10,10,7,2,1,21.3,0,1,1,Active Paid,0,29.0
USR-003446,2025-04-24,2026-09-27,Team,Referral,Other,5,5,3,2,2,20.7,1,1,1,Active Paid,0,89.0
USR-003447,2026-01-30,2026-08-10,Free,Organic Search,Germany,9,7,1,2,1,10.5,1,1,0,Churned,1,0.0
USR-003448,2025-08-09,2026-09-22,Team,Content,United States,11,11,11,9,7,22.4,0,1,1,Active Paid,0,89.0
USR-003449,2025-07-10,2026-09-22,Pro,Social,United States,17,8,9,2,1,20.1,0,1,1,Active Paid,0,29.0
USR-003450,2025-09-26,2026-09-26,Pro,Social,Australia,7,4,4,2,2,18.2,0,1,1,Active Paid,0,29.0
USR-003451,2025-10-11,2026-09-10,Free,Partnership,Australia,9,9,2,1,0,6.4,0,0,0,Churned,1,0.0
USR-003452,2026-08-07,2026-09-24,Free,Referral,Other,12,8,7,3,6,14.5,0,1,0,Free,0,0.0
USR-003453,2025-10-27,2026-09-23,Free,Social,United States,3,3,3,1,1,8.5,0,1,0,Free,0,0.0
USR-003454,2026-01-09,2026-08-06,Team,Organic Search,Canada,0,0,0,0,0,0.0,0,1,1,Churned,1,0.0
USR-003455,2025-02-07,2026-09-27,Pro,Organic Search,United States,14,14,13,14,6,21.2,1,1,1,Active Paid,0,29.0
USR-003456,2025-01-05,2026-09-21,Free,Organic Search,Australia,9,9,6,0,0,27.2,0,1,0,Free,0,0.0
USR-003457,2025-03-28,2026-08-18,Free,Paid Search,United Kingdom,0,0,0,0,0,0.0,1,0,0,Churned,1,0.0
USR-003458,2026-08-24,2026-09-21,Free,Paid Search,France,4,4,0,1,0,12.7,1,1,0,Free,0,0.0
USR-003459,2025-01-22,2026-09-17,Free,Social,United States,7,6,1,0,0,14.1,0,1,1,Free,0,0.0
USR-003460,2025-12-06,2026-09-24,Pro,Referral,Australia,12,10,8,5,3,17.1,0,0,1,Active Paid,0,29.0
USR-003461,2025-11-22,2026-09-20,Free,Organic Search,United States,7,7,6,1,1,22.6,0,1,1,Free,0,0.0
USR-003462,2024-11-09,2026-08-20,Pro,Social,Other,6,6,1,1,3,14.8,1,0,1,Churned,1,0.0
USR-003463,2025-01-03,2026-09-27,Pro,Content,United States,5,5,4,5,3,20.0,0,1,1,Active Paid,0,29.0
USR-003464,2026-08-10,2026-09-23,Pro,Organic Search,Australia,9,9,3,3,2,15.9,0,1,1,Active Paid,0,29.0
USR-003465,2026-01-01,2026-09-27,Pro,Referral,United States,15,13,18,5,2,20.7,0,1,1,Active Paid,0,29.0
USR-003466,2025-03-28,2026-09-21,Free,Organic Search,Germany,2,2,1,0,0,17.1,1,1,0,Free,0,0.0
USR-003467,2025-08-26,2026-09-18,Pro,Social,Australia,3,3,0,0,0,16.4,3,1,1,Active Paid,0,29.0
USR-003468,2026-03-15,2026-09-28,Pro,Referral,United Kingdom,4,4,2,1,1,13.2,1,1,1,Active Paid,0,29.0
USR-003469,2025-09-05,2026-09-18,Free,Organic Search,United States,6,6,1,0,0,11.6,0,1,1,Free,0,0.0
USR-003470,2025-01-04,2026-09-21,Free,Paid Search,United Kingdom,5,3,2,0,0,12.4,0,0,1,Free,0,0.0
USR-003471,2026-04-09,2026-09-26,Free,Content,United States,9,9,6,1,2,22.7,2,1,1,Free,0,0.0
USR-003472,2025-03-31,2026-09-22,Free,Organic Search,Germany,4,4,2,2,0,14.4,0,0,0,Free,0,0.0
USR-003473,2025-04-08,2026-09-21,Free,Referral,United States,11,11,8,1,2,15.5,0,1,1,Free,0,0.0
USR-003474,2024-12-21,2026-09-22,Free,Social,United States,0,0,0,0,0,0.0,1,1,0,Free,0,0.0
USR-003475,2026-02-14,2026-09-24,Pro,Organic Search,United States,11,11,13,7,2,10.2,0,1,1,Active Paid,0,29.0
USR-003476,2026-04-14,2026-08-02,Free,Referral,United States,6,6,4,6,0,21.5,1,1,1,Churned,1,0.0
USR-003477,2025-08-20,2026-09-28,Free,Social,United States,0,0,1,0,0,0.0,0,1,0,Free,0,0.0
USR-003478,2025-09-01,2026-09-26,Free,Organic Search,France,9,9,4,1,4,17.1,1,1,0,Free,0,0.0
USR-003479,2025-11-27,2026-09-24,Free,Partnership,United States,5,5,5,1,0,16.4,0,1,1,Free,0,0.0
USR-003480,2025-03-07,2026-09-25,Team,Social,Other,8,8,5,2,6,25.9,0,1,1,Active Paid,0,89.0
USR-003481,2025-02-21,2026-09-26,Free,Referral,France,8,4,9,1,1,21.6,0,1,1,Free,0,0.0
USR-003482,2026-03-24,2026-09-24,Free,Organic Search,United Kingdom,10,8,5,2,0,16.0,0,1,0,Free,0,0.0
USR-003483,2025-02-24,2026-09-23,Free,Organic Search,Other,8,8,7,0,0,16.8,0,1,1,Free,0,0.0
USR-003484,2026-04-04,2026-09-20,Free,Referral,Germany,0,0,0,0,0,0.0,0,0,1,Free,0,0.0
USR-003485,2025-11-28,2026-09-22,Pro,Referral,Germany,15,8,9,6,5,16.0,1,1,1,Active Paid,0,29.0
USR-003486,2026-08-27,2026-09-16,Pro,Paid Search,United Kingdom,9,8,1,2,2,14.6,1,1,1,Active Paid,0,29.0
USR-003487,2026-01-15,2026-08-07,Free,Referral,Germany,12,7,4,1,0,7.3,0,0,1,Churned,1,0.0
USR-003488,2024-10-30,2026-09-25,Pro,Social,United States,11,11,12,6,6,21.1,0,1,1,Active Paid,0,29.0
USR-003489,2025-11-03,2026-09-20,Free,Paid Search,Canada,4,4,1,1,1,10.9,0,1,0,Free,0,0.0
USR-003490,2025-04-26,2026-09-23,Pro,Content,United States,4,4,1,0,0,14.0,0,1,1,Active Paid,0,29.0
USR-003491,2026-06-30,2026-09-20,Pro,Social,United Kingdom,3,3,1,0,2,7.3,0,1,1,Active Paid,0,29.0
USR-003492,2025-06-18,2026-09-06,Free,Social,Germany,0,0,0,0,0,0.0,0,0,0,Churned,1,0.0
USR-003493,2025-12-24,2026-09-24,Pro,Referral,United States,5,5,2,2,1,20.1,0,1,1,Active Paid,0,29.0
USR-003494,2025-04-02,2026-08-19,Pro,Social,United States,4,4,1,0,0,10.8,0,0,1,Churned,1,0.0
USR-003495,2024-11-21,2026-09-24,Free,Partnership,Australia,11,9,7,2,0,11.0,0,1,0,Free,0,0.0
USR-003496,2025-08-31,2026-09-25,Team,Content,United States,14,14,12,5,10,17.5,1,1,1,Active Paid,0,89.0
USR-003497,2026-07-04,2026-07-15,Team,Paid Search,United States,12,12,9,9,3,19.4,0,0,1,Churned,1,0.0
USR-003498,2025-10-10,2026-08-13,Free,Social,United Kingdom,8,8,2,2,1,18.8,0,1,0,Churned,1,0.0
USR-003499,2026-06-19,2026-07-24,Pro,Partnership,Other,14,14,14,1,2,21.5,4,0,1,Churned,1,0.0
USR-003500,2025-10-29,2026-09-26,Pro,Content,France,11,11,8,4,0,15.8,1,0,1,Active Paid,0,29.0
USR-003501,2026-08-03,2026-08-09,Free,Organic Search,Germany,0,0,0,1,0,0.0,0,0,0,Churned,1,0.0
USR-003502,2025-06-15,2026-09-25,Free,Paid Search,Other,6,6,5,1,0,10.7,0,1,0,Free,0,0.0
USR-003503,2026-02-06,2026-07-18,Pro,Paid Search,Germany,3,3,2,2,0,20.3,0,1,1,Churned,1,0.0
USR-003504,2026-04-24,2026-09-28,Pro,Content,Australia,19,14,14,12,5,14.7,0,0,1,Active Paid,0,29.0
USR-003505,2026-09-03,2026-09-27,Free,Partnership,Germany,6,6,5,2,3,16.5,0,1,1,Free,0,0.0
USR-003506,2024-12-20,2026-09-15,Free,Content,Other,8,6,3,2,1,21.1,0,1,1,Free,0,0.0
USR-003507,2025-01-25,2026-09-25,Free,Paid Search,Germany,4,4,0,2,1,18.6,0,1,0,Free,0,0.0
USR-003508,2025-02-12,2026-09-22,Team,Content,United States,15,14,12,12,7,21.3,2,1,1,Active Paid,0,89.0
USR-003509,2026-08-05,2026-09-20,Pro,Organic Search,United States,5,5,4,2,0,20.7,0,0,1,Active Paid,0,29.0
USR-003510,2026-01-09,2026-09-19,Free,Paid Search,United States,1,1,0,0,0,9.5,0,0,0,Free,0,0.0
USR-003511,2024-10-21,2026-09-26,Team,Paid Search,Canada,17,17,19,15,10,18.1,0,1,1,Active Paid,0,89.0
USR-003512,2025-07-29,2026-09-19,Pro,Social,Other,12,10,4,6,5,17.0,0,1,1,Active Paid,0,29.0
USR-003513,2026-06-16,2026-09-04,Free,Social,France,3,3,1,0,2,8.1,0,1,0,Churned,1,0.0
USR-003514,2026-06-07,2026-09-24,Free,Organic Search,Australia,11,11,12,3,4,11.4,0,1,1,Free,0,0.0
USR-003515,2026-03-11,2026-08-11,Pro,Organic Search,Germany,5,5,1,3,0,12.1,0,1,1,Churned,1,0.0
USR-003516,2024-10-20,2026-08-28,Free,Content,Other,6,6,4,4,0,11.8,0,1,0,Churned,1,0.0
USR-003517,2026-05-17,2026-09-19,Free,Organic Search,France,0,0,0,0,0,0.0,0,1,1,Free,0,0.0
USR-003518,2024-12-09,2026-09-26,Pro,Social,United States,6,6,3,0,1,12.7,2,0,1,Active Paid,0,29.0
USR-003519,2025-05-19,2026-09-28,Team,Organic Search,Canada,13,13,11,7,9,17.1,0,1,1,Active Paid,0,89.0
USR-003520,2024-11-25,2026-09-19,Free,Paid Search,United Kingdom,6,4,0,0,0,8.7,0,1,0,Free,0,0.0
USR-003521,2025-02-02,2026-09-23,Pro,Paid Search,United States,10,10,6,5,2,16.6,0,0,1,Active Paid,0,29.0
USR-003522,2026-01-21,2026-09-20,Team,Referral,United States,7,7,1,0,4,10.8,1,1,1,Active Paid,0,89.0
USR-003523,2025-02-01,2026-09-23,Free,Social,United States,6,6,6,2,0,11.2,1,1,1,Free,0,0.0
USR-003524,2026-05-18,2026-09-24,Free,Paid Search,United States,3,3,1,0,0,10.0,1,1,0,Free,0,0.0
USR-003525,2026-02-19,2026-09-26,Pro,Content,United States,8,8,5,5,2,9.5,0,1,1,Active Paid,0,29.0
USR-003526,2026-04-17,2026-09-27,Pro,Organic Search,Other,7,7,4,5,0,12.7,0,1,1,Active Paid,0,29.0
USR-003527,2026-06-12,2026-09-18,Free,Referral,United Kingdom,6,6,3,1,0,19.9,0,0,0,Free,0,0.0
USR-003528,2026-07-13,2026-09-22,Pro,Organic Search,Australia,11,11,10,7,7,23.9,0,1,1,Active Paid,0,29.0
USR-003529,2026-05-05,2026-09-25,Pro,Content,United States,3,3,0,3,2,13.4,0,1,1,Active Paid,0,29.0
USR-003530,2026-06-22,2026-09-26,Pro,Organic Search,Other,12,12,11,7,1,11.6,0,1,1,Active Paid,0,29.0
USR-003531,2025-12-17,2026-08-30,Pro,Social,Australia,5,5,3,3,1,14.1,1,0,1,Churned,1,0.0
USR-003532,2026-07-27,2026-09-26,Free,Referral,Other,0,0,0,0,0,0.0,0,1,0,Free,0,0.0
USR-003533,2026-08-03,2026-08-03,Free,Social,Canada,1,1,1,0,0,11.4,1,0,0,Churned,1,0.0
USR-003534,2024-10-08,2026-09-15,Free,Content,Germany,7,7,0,3,1,12.4,1,1,0,Free,0,0.0
USR-003535,2026-07-15,2026-09-21,Team,Organic Search,United Kingdom,9,9,9,3,9,21.6,1,1,1,Active Paid,0,89.0
USR-003536,2026-07-25,2026-08-03,Team,Paid Search,United Kingdom,3,3,2,2,0,15.8,0,0,1,Churned,1,0.0
USR-003537,2026-08-25,2026-09-25,Pro,Content,France,12,12,10,1,2,19.8,2,1,1,Active Paid,0,29.0
USR-003538,2026-06-13,2026-09-25,Free,Content,United States,8,5,2,0,1,12.6,1,0,0,Free,0,0.0
USR-003539,2025-09-03,2026-09-23,Pro,Social,United States,17,12,13,11,7,21.8,1,1,1,Active Paid,0,29.0
USR-003540,2025-02-01,2026-09-02,Free,Social,Other,0,0,0,0,0,0.0,0,1,1,Churned,1,0.0
USR-003541,2025-04-08,2026-09-26,Free,Referral,United States,1,1,0,0,0,8.9,0,1,0,Free,0,0.0
USR-003542,2025-07-28,2026-09-22,Free,Referral,France,3,3,0,0,0,15.3,0,1,0,Free,0,0.0
USR-003543,2026-07-17,2026-09-24,Pro,Content,United States,9,9,6,3,1,16.5,0,1,1,Active Paid,0,29.0
USR-003544,2025-03-11,2026-09-25,Free,Content,United Kingdom,12,12,9,5,4,18.2,0,1,0,Free,0,0.0
USR-003545,2026-08-20,2026-09-19,Pro,Paid Search,United States,6,6,2,4,0,15.5,0,1,1,Active Paid,0,29.0
USR-003546,2025-06-21,2026-09-29,Team,Referral,Canada,20,15,20,13,11,24.5,1,0,1,Active Paid,0,89.0
USR-003547,2025-11-27,2026-08-03,Pro,Social,Australia,11,11,10,5,3,18.2,0,0,1,Churned,1,0.0
USR-003548,2024-12-24,2026-08-15,Free,Organic Search,Other,5,5,3,0,0,18.7,0,1,0,Churned,1,0.0
USR-003549,2026-02-08,2026-09-25,Team,Content,United States,3,3,2,1,0,3.5,1,1,1,Active Paid,0,89.0
USR-003550,2025-06-16,2026-09-21,Pro,Social,United Kingdom,1,1,0,0,0,15.3,0,1,1,Active Paid,0,29.0
USR-003551,2025-11-05,2026-09-06,Free,Organic Search,Australia,4,4,2,0,0,18.5,0,1,1,Churned,1,0.0
USR-003552,2025-09-07,2026-07-03,Pro,Referral,United States,21,21,17,7,7,25.3,1,1,1,Churned,1,0.0
USR-003553,2024-11-13,2026-08-16,Team,Paid Search,United States,2,2,1,1,0,11.8,1,1,1,Churned,1,0.0
USR-003554,2025-04-24,2026-08-04,Free,Organic Search,Canada,5,5,2,0,0,9.9,0,1,1,Churned,1,0.0
USR-003555,2025-11-23,2026-09-23,Free,Social,Australia,8,5,4,1,2,20.3,0,1,0,Free,0,0.0
USR-003556,2025-10-31,2026-09-14,Free,Referral,United Kingdom,9,6,0,1,0,21.7,0,1,0,Free,0,0.0
USR-003557,2025-04-30,2026-09-25,Free,Social,United States,9,6,6,2,1,14.9,0,1,1,Free,0,0.0
USR-003558,2026-01-11,2026-08-04,Pro,Organic Search,Other,4,4,2,3,2,29.2,2,1,1,Churned,1,0.0
USR-003559,2026-05-18,2026-09-29,Free,Social,Other,13,11,12,6,2,17.7,0,1,0,Free,0,0.0
USR-003560,2025-10-16,2026-09-22,Free,Organic Search,Germany,0,0,0,0,0,0.0,0,0,0,Free,0,0.0
USR-003561,2026-07-29,2026-09-26,Free,Partnership,France,11,10,11,3,5,14.3,1,1,1,Free,0,0.0
USR-003562,2026-05-17,2026-09-17,Free,Paid Search,Other,5,5,1,0,0,13.0,0,1,0,Free,0,0.0
USR-003563,2025-11-19,2026-09-22,Free,Content,Germany,9,5,2,1,1,8.2,0,0,0,Free,0,0.0
USR-003564,2025-02-23,2026-09-25,Pro,Organic Search,Australia,10,10,7,2,2,20.3,0,1,1,Active Paid,0,29.0
USR-003565,2025-03-06,2026-09-25,Free,Organic Search,Canada,4,4,6,1,0,11.9,0,1,1,Free,0,0.0
USR-003566,2026-03-13,2026-09-20,Free,Social,United States,4,4,4,1,1,7.6,0,0,0,Free,0,0.0
USR-003567,2025-11-18,2026-09-23,Pro,Referral,Australia,16,14,20,5,8,25.3,0,1,1,Active Paid,0,29.0
USR-003568,2026-05-29,2026-09-25,Team,Partnership,France,8,8,5,6,4,20.7,1,1,1,Active Paid,0,89.0
USR-003569,2025-03-25,2026-09-20,Free,Social,United States,4,4,2,0,1,9.5,0,1,0,Free,0,0.0
USR-003570,2026-03-23,2026-09-18,Free,Paid Search,Germany,1,1,0,0,0,7.5,0,0,0,Free,0,0.0
USR-003571,2025-02-21,2026-07-28,Free,Organic Search,Australia,0,0,0,0,0,0.0,1,1,1,Churned,1,0.0
USR-003572,2025-01-21,2026-09-21,Free,Social,United States,8,7,2,0,0,10.1,1,1,0,Free,0,0.0
USR-003573,2025-05-11,2026-08-10,Free,Paid Search,Australia,1,1,0,0,0,8.4,0,0,1,Churned,1,0.0
USR-003574,2026-01-22,2026-09-23,Team,Content,United States,9,9,9,4,2,19.7,2,1,1,Active Paid,0,89.0
USR-003575,2024-11-03,2026-09-28,Pro,Social,Germany,8,8,4,1,2,13.6,0,1,1,Active Paid,0,29.0
USR-003576,2025-05-13,2026-09-19,Free,Referral,Other,5,5,2,0,1,9.0,0,1,0,Free,0,0.0
USR-003577,2025-06-11,2026-09-19,Team,Content,Other,17,12,19,9,8,15.7,0,1,1,Active Paid,0,89.0
USR-003578,2025-01-11,2026-09-17,Free,Organic Search,Other,5,2,1,0,0,14.9,0,0,0,Free,0,0.0
USR-003579,2024-12-24,2026-08-20,Free,Paid Search,France,4,4,0,1,1,17.5,0,0,0,Churned,1,0.0
USR-003580,2026-07-22,2026-09-25,Free,Content,Canada,0,0,0,0,0,0.0,1,0,0,Free,0,0.0
USR-003581,2024-12-24,2026-07-15,Free,Paid Search,France,10,10,5,2,2,16.6,0,1,0,Churned,1,0.0
USR-003582,2025-03-18,2026-09-12,Team,Social,United Kingdom,9,9,5,3,4,12.6,1,0,1,Churned,1,0.0
USR-003583,2026-04-21,2026-08-23,Free,Content,Canada,0,0,0,0,0,0.0,1,1,1,Churned,1,0.0
USR-003584,2026-02-08,2026-09-27,Pro,Organic Search,Canada,10,10,8,4,4,13.8,0,1,1,Active Paid,0,29.0
USR-003585,2025-03-26,2026-09-02,Free,Content,Canada,0,0,0,0,0,0.0,1,0,0,Churned,1,0.0
USR-003586,2026-04-14,2026-09-23,Team,Paid Search,United Kingdom,13,13,13,10,11,16.5,0,1,1,Active Paid,0,89.0
USR-003587,2025-10-27,2026-09-09,Pro,Social,United Kingdom,6,6,3,2,1,23.3,0,1,1,Churned,1,0.0
USR-003588,2025-05-11,2026-09-26,Free,Paid Search,United Kingdom,8,8,2,1,2,14.6,0,1,0,Free,0,0.0
USR-003589,2025-06-07,2026-09-06,Free,Social,United States,3,3,1,0,0,8.9,0,0,1,Churned,1,0.0
USR-003590,2024-12-04,2026-07-02,Team,Organic Search,United Kingdom,12,12,11,7,5,23.8,0,1,1,Churned,1,0.0
USR-003591,2026-06-28,2026-09-23,Free,Organic Search,United States,2,2,0,0,1,8.1,0,1,0,Free,0,0.0
USR-003592,2026-02-17,2026-09-24,Free,Paid Search,Other,6,6,1,0,0,16.1,0,1,0,Free,0,0.0
USR-003593,2024-10-11,2026-09-22,Team,Paid Search,United States,13,6,9,6,3,13.6,1,0,1,Active Paid,0,89.0
USR-003594,2025-08-05,2026-09-24,Free,Social,Australia,4,4,3,2,1,13.0,0,0,0,Free,0,0.0
USR-003595,2026-03-22,2026-09-21,Free,Organic Search,United States,11,11,0,1,0,17.6,0,1,0,Free,0,0.0
USR-003596,2026-02-20,2026-09-21,Free,Organic Search,Other,2,2,0,0,0,14.4,1,0,0,Free,0,0.0
USR-003597,2026-01-16,2026-09-24,Free,Organic Search,France,7,5,1,0,0,6.6,0,1,0,Free,0,0.0
USR-003598,2025-08-15,2026-07-23,Free,Paid Search,Other,1,1,1,0,0,14.9,0,1,1,Churned,1,0.0
USR-003599,2026-02-24,2026-09-23,Free,Organic Search,Other,6,6,3,1,0,15.0,0,1,0,Free,0,0.0
USR-003600,2025-06-28,2026-09-25,Free,Organic Search,France,0,0,0,1,0,0.0,0,1,0,Free,0,0.0
USR-003601,2025-11-01,2026-07-10,Free,Social,United States,8,7,3,2,0,14.9,0,1,1,Churned,1,0.0
USR-003602,2025-07-06,2026-09-16,Free,Referral,Canada,15,15,13,5,2,22.2,0,1,1,Free,0,0.0
USR-003603,2026-05-28,2026-09-28,Team,Referral,United Kingdom,7,7,6,3,6,18.5,0,1,1,Active Paid,0,89.0
USR-003604,2025-06-27,2026-09-23,Pro,Paid Search,Other,9,8,2,1,0,16.8,0,0,1,Active Paid,0,29.0
USR-003605,2024-11-23,2026-09-25,Free,Content,Other,8,7,2,0,2,13.4,0,1,0,Free,0,0.0
USR-003606,2026-06-11,2026-09-16,Free,Social,United Kingdom,0,0,0,0,0,0.0,1,0,0,Free,0,0.0
USR-003607,2026-01-24,2026-09-03,Pro,Social,France,5,5,0,0,0,15.0,0,0,1,Churned,1,0.0
USR-003608,2025-05-08,2026-07-13,Free,Organic Search,United Kingdom,7,5,2,1,0,17.5,0,1,0,Churned,1,0.0
USR-003609,2025-07-01,2026-08-28,Free,Organic Search,France,1,1,1,0,0,5.3,1,0,0,Churned,1,0.0
USR-003610,2025-05-21,2026-08-26,Pro,Social,Germany,6,6,1,2,2,18.4,1,1,1,Churned,1,0.0
USR-003611,2025-08-11,2026-09-25,Free,Organic Search,Canada,3,3,2,0,0,18.3,1,1,0,Free,0,0.0
USR-003612,2025-05-15,2026-09-23,Pro,Referral,Other,1,1,0,0,0,17.4,0,1,1,Active Paid,0,29.0
USR-003613,2025-07-07,2026-09-27,Team,Paid Search,United States,9,9,3,6,4,13.2,1,1,1,Active Paid,0,89.0
USR-003614,2026-07-25,2026-09-24,Pro,Organic Search,Australia,17,17,22,12,2,22.1,1,1,1,Active Paid,0,29.0
USR-003615,2025-03-27,2026-09-23,Free,Organic Search,France,4,4,3,1,0,17.8,0,0,1,Free,0,0.0
USR-003616,2025-10-31,2026-07-12,Free,Organic Search,United States,5,5,2,0,0,11.4,1,0,0,Churned,1,0.0
USR-003617,2026-08-10,2026-09-27,Free,Paid Search,United Kingdom,6,6,0,1,0,18.2,0,1,0,Free,0,0.0
USR-003618,2025-11-27,2026-09-25,Pro,Organic Search,United States,6,6,3,3,0,13.7,0,1,1,Active Paid,0,29.0
USR-003619,2025-11-08,2026-09-26,Team,Social,Germany,10,10,6,5,2,16.4,0,0,1,Active Paid,0,89.0
USR-003620,2026-07-16,2026-09-25,Team,Paid Search,Other,9,9,5,0,4,13.1,0,0,1,Active Paid,0,89.0
USR-003621,2024-10-03,2026-09-21,Free,Social,United States,0,0,0,0,0,0.0,0,0,0,Free,0,0.0
USR-003622,2026-04-10,2026-09-25,Pro,Partnership,United States,10,10,15,6,0,11.8,0,0,1,Active Paid,0,29.0
USR-003623,2026-01-22,2026-09-22,Free,Content,Canada,4,4,0,0,0,2.0,0,1,1,Free,0,0.0
USR-003624,2025-11-04,2026-09-22,Pro,Social,United States,10,8,9,3,2,9.9,0,1,1,Active Paid,0,29.0
USR-003625,2025-01-28,2026-09-19,Free,Paid Search,United States,1,1,0,0,0,11.1,1,0,0,Free,0,0.0
USR-003626,2025-04-02,2026-09-25,Free,Referral,Germany,7,7,9,0,1,23.5,1,1,1,Free,0,0.0
USR-003627,2025-03-13,2026-07-28,Free,Partnership,United Kingdom,6,6,4,1,1,15.9,0,1,0,Churned,1,0.0
USR-003628,2026-03-30,2026-09-26,Team,Social,Other,7,7,4,0,5,23.6,0,1,1,Active Paid,0,89.0
USR-003629,2025-01-19,2026-09-23,Free,Organic Search,United Kingdom,4,4,5,0,1,21.1,0,1,0,Free,0,0.0
USR-003630,2025-01-30,2026-09-17,Free,Referral,Germany,3,3,3,0,0,5.0,0,1,0,Free,0,0.0
USR-003631,2025-10-19,2026-09-25,Free,Organic Search,United Kingdom,3,3,0,0,0,12.6,0,1,0,Free,0,0.0
USR-003632,2025-08-21,2026-08-12,Free,Referral,United States,8,8,3,0,1,12.9,1,1,1,Churned,1,0.0
USR-003633,2026-08-20,2026-09-23,Team,Organic Search,Canada,20,14,21,13,16,17.0,2,1,1,Active Paid,0,89.0
USR-003634,2025-03-21,2026-08-21,Free,Organic Search,France,4,4,1,1,0,11.3,0,1,1,Churned,1,0.0
USR-003635,2024-10-28,2026-09-26,Free,Content,Other,6,6,2,0,2,16.6,3,1,1,Free,0,0.0
USR-003636,2025-10-13,2026-09-23,Pro,Referral,United States,6,6,1,2,2,8.4,0,0,1,Active Paid,0,29.0
USR-003637,2025-08-25,2026-09-25,Free,Social,Canada,9,9,5,0,4,11.3,0,1,0,Free,0,0.0
USR-003638,2025-09-24,2026-09-19,Free,Content,Germany,10,10,7,1,1,13.3,0,1,0,Free,0,0.0
USR-003639,2026-07-18,2026-09-20,Free,Content,United States,7,6,1,1,1,12.1,0,0,0,Free,0,0.0
USR-003640,2025-06-29,2026-09-19,Free,Social,Australia,3,3,4,1,1,15.1,1,0,0,Free,0,0.0
USR-003641,2025-04-18,2026-08-17,Free,Partnership,United States,0,0,1,0,0,0.0,0,0,0,Churned,1,0.0
USR-003642,2024-11-21,2026-09-21,Free,Paid Search,Other,7,6,2,0,0,15.1,0,0,0,Free,0,0.0
USR-003643,2024-11-20,2026-09-25,Free,Organic Search,Canada,3,3,1,1,0,25.0,0,1,0,Free,0,0.0
USR-003644,2025-09-29,2026-09-24,Pro,Content,United States,9,9,10,5,1,17.3,0,1,1,Active Paid,0,29.0
USR-003645,2024-10-30,2026-09-24,Pro,Paid Search,France,5,5,3,1,2,16.6,0,1,1,Active Paid,0,29.0
USR-003646,2025-09-03,2026-09-26,Team,Content,United States,17,16,14,11,12,16.7,1,1,1,Active Paid,0,89.0
USR-003647,2025-06-13,2026-09-26,Free,Organic Search,France,10,8,8,4,2,12.7,1,1,0,Free,0,0.0
USR-003648,2025-07-12,2026-09-18,Free,Organic Search,Australia,5,4,0,0,0,10.1,2,0,0,Free,0,0.0
USR-003649,2024-10-01,2026-09-25,Team,Organic Search,Germany,7,7,5,4,3,18.3,0,1,1,Active Paid,0,89.0
USR-003650,2025-04-06,2026-09-11,Pro,Social,United States,7,7,4,2,1,11.4,1,0,1,Churned,1,0.0
USR-003651,2026-06-22,2026-08-30,Free,Content,United Kingdom,4,4,2,0,0,9.7,0,1,0,Churned,1,0.0
USR-003652,2026-07-26,2026-09-19,Free,Paid Search,Canada,0,0,0,0,0,0.0,0,0,0,Free,0,0.0
USR-003653,2025-11-26,2026-09-17,Free,Organic Search,Germany,0,0,0,0,0,0.0,0,1,1,Free,0,0.0
USR-003654,2025-09-12,2026-09-22,Free,Paid Search,Germany,5,5,3,0,1,12.3,0,1,0,Free,0,0.0
USR-003655,2025-05-25,2026-09-20,Free,Paid Search,United Kingdom,6,5,5,2,1,11.8,0,1,0,Free,0,0.0
USR-003656,2025-10-06,2026-07-17,Free,Referral,France,3,2,1,0,0,9.6,0,1,1,Churned,1,0.0
USR-003657,2025-09-13,2026-09-22,Team,Referral,Australia,8,8,6,4,6,18.2,1,0,1,Active Paid,0,89.0
USR-003658,2024-11-25,2026-09-26,Pro,Organic Search,France,0,0,0,0,0,0.0,1,1,1,Active Paid,0,29.0
USR-003659,2026-01-19,2026-07-06,Pro,Paid Search,United States,10,10,8,4,3,21.8,2,1,1,Churned,1,0.0
USR-003660,2025-09-28,2026-07-26,Free,Referral,Canada,0,0,1,1,1,0.0,0,1,0,Churned,1,0.0
USR-003661,2025-08-13,2026-09-24,Pro,Paid Search,United Kingdom,4,4,2,0,0,13.4,1,1,1,Active Paid,0,29.0
USR-003662,2025-10-16,2026-09-22,Pro,Paid Search,Australia,0,0,0,0,0,0.0,0,1,1,Active Paid,0,29.0
USR-003663,2024-10-23,2026-09-21,Free,Social,Australia,2,2,0,1,0,18.5,0,1,0,Free,0,0.0
USR-003664,2024-10-28,2026-09-24,Pro,Paid Search,Other,8,8,1,2,3,13.5,0,1,1,Active Paid,0,29.0
USR-003665,2025-09-14,2026-09-24,Pro,Organic Search,United States,10,10,6,6,4,19.2,0,1,1,Active Paid,0,29.0
USR-003666,2025-10-28,2026-09-28,Pro,Organic Search,France,9,9,11,4,2,25.0,1,1,1,Active Paid,0,29.0
USR-003667,2025-07-21,2026-07-12,Free,Referral,Other,6,6,0,0,2,11.5,0,1,0,Churned,1,0.0
USR-003668,2026-05-09,2026-09-23,Team,Organic Search,United States,7,7,4,1,6,14.5,1,1,1,Active Paid,0,89.0
USR-003669,2025-11-15,2026-09-22,Free,Content,United States,6,6,6,0,2,12.8,0,1,1,Free,0,0.0
USR-003670,2026-04-13,2026-09-23,Free,Social,United States,6,6,1,1,0,13.7,1,1,1,Free,0,0.0
USR-003671,2026-06-05,2026-09-25,Free,Social,Germany,1,1,0,1,0,10.7,0,1,0,Free,0,0.0
USR-003672,2026-07-09,2026-09-25,Free,Referral,United Kingdom,7,7,8,1,1,16.9,0,1,1,Free,0,0.0
USR-003673,2025-07-23,2026-09-25,Free,Paid Search,United States,6,6,1,0,1,12.4,0,1,0,Free,0,0.0
USR-003674,2026-09-15,2026-09-19,Free,Organic Search,Canada,0,0,0,0,0,0.0,0,0,0,Free,0,0.0
USR-003675,2025-06-10,2026-09-24,Pro,Organic Search,Australia,7,6,5,2,3,15.7,0,0,1,Active Paid,0,29.0
USR-003676,2025-11-11,2026-08-21,Free,Referral,Other,0,0,0,0,0,0.0,0,1,0,Churned,1,0.0
USR-003677,2025-12-27,2026-09-25,Team,Social,France,8,8,5,2,2,18.8,0,1,1,Active Paid,0,89.0
USR-003678,2025-03-14,2026-09-21,Free,Content,Other,2,2,0,1,0,7.4,0,0,0,Free,0,0.0
USR-003679,2025-08-26,2026-09-24,Pro,Social,Germany,12,12,9,4,2,15.6,0,1,1,Active Paid,0,29.0
USR-003680,2025-04-09,2026-09-24,Team,Paid Search,Australia,5,5,1,2,1,13.9,0,0,1,Active Paid,0,89.0
USR-003681,2025-04-26,2026-08-20,Pro,Paid Search,United Kingdom,5,5,5,3,0,14.2,1,1,1,Churned,1,0.0
USR-003682,2026-08-24,2026-08-24,Pro,Organic Search,Other,3,3,2,0,1,16.1,0,1,1,Churned,1,0.0
USR-003683,2026-04-14,2026-09-22,Pro,Content,Other,6,3,4,5,2,21.5,1,0,1,Active Paid,0,29.0
USR-003684,2025-08-04,2026-08-20,Free,Organic Search,France,8,7,3,0,0,4.4,0,0,0,Churned,1,0.0
USR-003685,2024-10-18,2026-09-23,Free,Content,United Kingdom,3,3,2,0,0,9.3,0,1,0,Free,0,0.0
USR-003686,2026-05-28,2026-09-23,Free,Organic Search,United States,10,10,6,5,1,17.3,0,1,0,Free,0,0.0
USR-003687,2026-07-02,2026-08-23,Free,Social,United Kingdom,8,8,5,0,0,13.4,0,1,0,Churned,1,0.0
USR-003688,2024-11-12,2026-09-21,Free,Organic Search,United States,7,6,2,1,0,4.6,0,1,1,Free,0,0.0
USR-003689,2024-10-24,2026-07-13,Free,Referral,United States,0,0,0,0,0,0.0,0,0,0,Churned,1,0.0
USR-003690,2026-05-19,2026-09-24,Team,Organic Search,United Kingdom,12,11,5,6,4,16.8,1,1,1,Active Paid,0,89.0
USR-003691,2025-12-02,2026-09-24,Team,Social,United States,13,8,11,4,5,17.8,1,1,1,Active Paid,0,89.0
USR-003692,2025-06-24,2026-09-25,Pro,Content,Other,0,0,0,0,0,0.0,0,1,1,Active Paid,0,29.0
USR-003693,2026-04-29,2026-07-16,Pro,Referral,Germany,3,3,1,1,0,11.7,0,0,1,Churned,1,0.0
USR-003694,2026-01-25,2026-09-24,Free,Organic Search,Other,0,0,1,0,0,0.0,1,1,0,Free,0,0.0
USR-003695,2025-12-07,2026-09-22,Free,Content,United Kingdom,11,8,10,1,0,16.2,3,1,1,Free,0,0.0
USR-003696,2025-06-14,2026-09-03,Pro,Paid Search,United States,3,3,2,0,0,7.3,0,0,1,Churned,1,0.0
USR-003697,2026-02-07,2026-09-24,Pro,Organic Search,United States,10,10,7,3,0,20.1,0,0,1,Active Paid,0,29.0
USR-003698,2025-11-25,2026-09-22,Free,Social,Other,0,0,0,0,0,0.0,1,1,0,Free,0,0.0
USR-003699,2026-02-20,2026-09-24,Free,Content,United States,5,5,1,0,1,17.3,0,1,0,Free,0,0.0
USR-003700,2025-03-21,2026-09-22,Free,Paid Search,France,1,1,0,0,0,9.2,0,0,0,Free,0,0.0
USR-003701,2026-05-29,2026-09-22,Free,Referral,United States,8,8,7,1,1,19.7,0,1,1,Free,0,0.0
USR-003702,2026-04-04,2026-09-02,Free,Referral,United Kingdom,10,10,9,2,2,20.2,0,1,1,Churned,1,0.0
USR-003703,2026-03-21,2026-09-25,Free,Social,United States,5,5,5,2,2,18.2,0,1,0,Free,0,0.0
USR-003704,2024-12-07,2026-09-19,Pro,Paid Search,Canada,7,7,6,2,1,20.6,0,0,1,Active Paid,0,29.0
USR-003705,2024-11-09,2026-09-24,Team,Referral,United States,12,12,8,1,8,22.6,1,0,1,Active Paid,0,89.0
USR-003706,2025-09-23,2026-09-20,Free,Paid Search,Other,0,0,0,0,0,0.0,1,1,0,Free,0,0.0
USR-003707,2026-05-27,2026-09-23,Pro,Organic Search,United States,6,6,7,2,1,20.9,1,1,1,Active Paid,0,29.0
USR-003708,2025-03-24,2026-09-27,Pro,Paid Search,United States,7,7,6,1,0,3.9,0,1,1,Active Paid,0,29.0
USR-003709,2025-09-29,2026-07-20,Free,Content,United States,2,2,0,0,1,14.6,1,1,1,Churned,1,0.0
USR-003710,2025-01-16,2026-09-19,Pro,Paid Search,Other,1,1,2,0,0,14.8,0,0,1,Active Paid,0,29.0
USR-003711,2026-01-01,2026-09-27,Free,Organic Search,Germany,5,5,2,1,0,17.8,0,1,0,Free,0,0.0
USR-003712,2024-10-01,2026-09-24,Pro,Organic Search,Germany,13,13,11,7,2,11.3,1,1,1,Active Paid,0,29.0
USR-003713,2025-02-15,2026-09-25,Free,Organic Search,Canada,11,10,11,0,3,12.0,0,1,0,Free,0,0.0
USR-003714,2026-04-08,2026-09-28,Team,Partnership,Other,13,12,9,6,2,25.9,0,1,1,Active Paid,0,89.0
USR-003715,2025-04-15,2026-09-24,Team,Social,United States,7,7,3,2,1,16.7,0,1,1,Active Paid,0,89.0
USR-003716,2026-02-22,2026-09-24,Free,Referral,Australia,3,3,1,1,0,16.6,1,1,0,Free,0,0.0
USR-003717,2026-01-08,2026-09-27,Free,Referral,Australia,10,10,8,3,3,13.9,0,1,1,Free,0,0.0
USR-003718,2026-03-20,2026-09-24,Free,Paid Search,United States,10,10,5,3,0,10.1,0,0,0,Free,0,0.0
USR-003719,2025-05-16,2026-09-22,Pro,Content,United States,11,11,6,2,0,13.8,0,1,1,Active Paid,0,29.0
USR-003720,2026-03-12,2026-09-26,Pro,Partnership,Canada,7,7,7,4,4,13.5,0,1,1,Active Paid,0,29.0
USR-003721,2025-06-16,2026-09-26,Free,Referral,United States,4,4,1,0,0,19.9,0,1,0,Free,0,0.0
USR-003722,2025-07-26,2026-08-25,Pro,Referral,United States,13,12,9,5,7,19.2,0,1,1,Churned,1,0.0
USR-003723,2025-03-28,2026-09-07,Free,Paid Search,United Kingdom,9,5,2,1,0,6.5,0,1,0,Churned,1,0.0
USR-003724,2024-10-05,2026-08-19,Free,Content,United States,0,0,0,0,0,0.0,1,0,0,Churned,1,0.0
USR-003725,2026-09-09,2026-09-23,Free,Organic Search,France,12,12,7,5,2,6.6,0,1,0,Free,0,0.0
USR-003726,2024-10-07,2026-09-21,Free,Referral,Canada,8,3,4,0,0,2.0,0,1,0,Free,0,0.0
USR-003727,2026-06-29,2026-08-07,Free,Paid Search,Germany,3,3,4,0,0,16.1,0,1,0,Churned,1,0.0
USR-003728,2025-09-04,2026-08-11,Free,Social,Canada,1,1,0,0,0,19.9,0,0,0,Churned,1,0.0
USR-003729,2026-01-15,2026-09-23,Free,Content,United Kingdom,0,0,0,0,0,0.0,0,1,0,Free,0,0.0
USR-003730,2025-06-16,2026-09-26,Team,Social,Canada,4,4,3,0,0,12.4,0,1,1,Active Paid,0,89.0
USR-003731,2025-04-17,2026-09-24,Free,Organic Search,Other,4,4,1,0,0,18.7,0,1,1,Free,0,0.0
USR-003732,2025-01-09,2026-09-27,Team,Referral,United Kingdom,20,15,13,19,11,15.8,1,1,1,Active Paid,0,89.0
USR-003733,2025-12-02,2026-09-26,Free,Partnership,Germany,12,12,14,3,2,21.8,0,1,0,Free,0,0.0
USR-003734,2024-11-17,2026-09-23,Pro,Referral,Australia,0,0,0,0,0,0.0,0,1,1,Active Paid,0,29.0
USR-003735,2026-01-28,2026-07-28,Free,Content,Germany,12,12,13,0,1,19.5,0,1,0,Churned,1,0.0
USR-003736,2026-04-23,2026-09-28,Pro,Content,United States,9,9,13,3,3,22.5,0,1,1,Active Paid,0,29.0
USR-003737,2025-12-18,2026-09-20,Free,Content,United States,5,5,1,0,1,15.3,0,1,0,Free,0,0.0
USR-003738,2025-09-03,2026-07-15,Free,Paid Search,Germany,4,4,1,0,0,6.6,0,1,0,Churned,1,0.0
USR-003739,2025-05-26,2026-09-25,Free,Social,France,11,8,10,0,1,11.9,0,0,0,Free,0,0.0
USR-003740,2025-01-28,2026-09-23,Free,Content,Australia,0,0,0,0,0,0.0,0,0,0,Free,0,0.0
USR-003741,2026-04-08,2026-09-27,Team,Content,France,5,5,2,1,4,11.7,2,1,1,Active Paid,0,89.0
USR-003742,2026-02-11,2026-09-27,Team,Organic Search,United States,9,9,5,7,5,17.5,1,0,1,Active Paid,0,89.0
USR-003743,2024-11-13,2026-09-23,Pro,Organic Search,Australia,10,10,9,6,3,11.1,0,1,1,Active Paid,0,29.0
USR-003744,2025-11-05,2026-09-25,Free,Paid Search,Germany,9,9,7,0,2,21.0,0,1,0,Free,0,0.0
USR-003745,2026-03-27,2026-09-21,Team,Referral,Other,8,8,7,3,3,11.5,0,0,1,Active Paid,0,89.0
USR-003746,2024-10-11,2026-09-23,Pro,Content,Australia,12,10,6,4,3,14.4,1,1,1,Active Paid,0,29.0
USR-003747,2025-10-29,2026-09-18,Free,Social,United Kingdom,6,3,0,0,0,7.4,1,1,0,Free,0,0.0
USR-003748,2024-10-11,2026-09-22,Free,Organic Search,France,4,4,1,1,1,21.2,0,1,0,Free,0,0.0
USR-003749,2024-11-27,2026-09-24,Pro,Paid Search,Germany,9,9,4,2,2,17.8,0,0,1,Active Paid,0,29.0
USR-003750,2024-12-07,2026-09-23,Free,Content,United Kingdom,6,3,2,3,1,17.7,1,1,0,Free,0,0.0
USR-003751,2025-07-26,2026-07-23,Free,Paid Search,Canada,5,5,2,3,0,10.7,0,1,0,Churned,1,0.0
USR-003752,2025-02-22,2026-09-26,Pro,Organic Search,United States,19,15,22,12,8,23.5,1,1,1,Active Paid,0,29.0
USR-003753,2024-10-29,2026-09-19,Free,Paid Search,United States,2,2,2,0,0,16.5,0,0,1,Free,0,0.0
USR-003754,2026-03-07,2026-09-25,Free,Content,France,9,9,7,0,2,17.4,0,1,1,Free,0,0.0
USR-003755,2026-08-20,2026-08-25,Free,Social,United Kingdom,0,0,0,1,0,0.0,1,1,0,Churned,1,0.0
USR-003756,2026-01-29,2026-09-26,Pro,Organic Search,France,9,9,6,2,5,19.0,0,1,1,Active Paid,0,29.0
USR-003757,2025-06-17,2026-09-23,Team,Paid Search,Canada,8,8,3,5,5,18.5,2,1,1,Active Paid,0,89.0
USR-003758,2025-08-20,2026-09-22,Pro,Partnership,Australia,7,7,5,2,5,17.2,0,1,1,Active Paid,0,29.0
USR-003759,2026-07-20,2026-09-26,Pro,Paid Search,France,6,6,2,0,0,10.4,0,1,1,Active Paid,0,29.0
USR-003760,2025-08-11,2026-09-23,Pro,Paid Search,Australia,4,4,2,0,0,2.0,1,0,1,Active Paid,0,29.0
USR-003761,2026-05-14,2026-09-27,Pro,Organic Search,United Kingdom,6,6,6,1,0,11.2,1,1,1,Active Paid,0,29.0
USR-003762,2025-09-19,2026-09-23,Free,Paid Search,Other,5,5,2,0,0,9.1,1,1,0,Free,0,0.0
USR-003763,2025-07-31,2026-09-25,Free,Content,United Kingdom,5,5,0,0,0,12.6,2,0,0,Free,0,0.0
USR-003764,2025-06-17,2026-09-21,Pro,Content,Australia,12,11,7,6,7,18.5,0,1,1,Active Paid,0,29.0
USR-003765,2025-11-25,2026-09-17,Pro,Paid Search,Canada,3,3,0,0,0,12.2,0,1,1,Active Paid,0,29.0
USR-003766,2025-11-28,2026-09-23,Free,Content,United States,7,7,2,1,1,5.9,0,1,0,Free,0,0.0
USR-003767,2025-05-18,2026-09-27,Team,Paid Search,Germany,8,8,8,8,3,16.5,0,1,1,Active Paid,0,89.0
USR-003768,2025-03-29,2026-09-26,Pro,Content,Canada,1,1,1,0,0,14.8,2,1,1,Active Paid,0,29.0
USR-003769,2025-02-15,2026-09-23,Free,Organic Search,United States,5,5,1,0,0,19.4,1,1,1,Free,0,0.0
USR-003770,2026-01-20,2026-08-17,Free,Paid Search,United Kingdom,8,8,2,3,1,11.3,0,1,0,Churned,1,0.0
USR-003771,2025-11-16,2026-07-28,Free,Content,United States,11,11,4,2,1,14.8,0,1,1,Churned,1,0.0
USR-003772,2026-01-22,2026-09-24,Free,Content,Other,7,7,8,1,1,12.2,0,1,1,Free,0,0.0
USR-003773,2025-09-03,2026-09-22,Free,Referral,Germany,3,3,0,1,0,8.4,0,1,0,Free,0,0.0
USR-003774,2026-06-17,2026-09-27,Free,Referral,United States,10,10,8,0,1,19.5,0,0,1,Free,0,0.0
USR-003775,2025-11-12,2026-08-17,Free,Content,Australia,3,3,2,0,0,14.1,0,1,0,Churned,1,0.0
USR-003776,2026-05-04,2026-09-18,Free,Referral,Germany,2,2,0,0,1,21.2,0,0,0,Free,0,0.0
USR-003777,2025-08-31,2026-08-29,Pro,Paid Search,France,5,5,2,2,1,9.5,1,0,1,Churned,1,0.0
USR-003778,2025-01-15,2026-09-26,Pro,Social,Germany,8,8,4,3,2,13.5,0,1,1,Active Paid,0,29.0
USR-003779,2024-10-11,2026-09-26,Free,Referral,United States,14,11,10,1,2,17.3,0,1,1,Free,0,0.0
USR-003780,2025-10-31,2026-08-06,Free,Social,United States,0,0,1,0,0,0.0,1,0,0,Churned,1,0.0
USR-003781,2026-08-06,2026-09-21,Free,Content,Australia,13,10,6,3,2,19.6,0,0,0,Free,0,0.0
USR-003782,2026-04-06,2026-09-20,Free,Social,France,6,3,1,0,2,10.6,0,0,1,Free,0,0.0
USR-003783,2026-07-03,2026-09-17,Free,Organic Search,France,2,2,1,0,0,8.7,0,0,0,Free,0,0.0
USR-003784,2025-03-22,2026-09-26,Free,Organic Search,United States,10,9,6,0,3,19.8,0,1,1,Free,0,0.0
USR-003785,2024-10-11,2026-09-22,Free,Content,Australia,1,1,0,0,0,9.0,1,1,1,Free,0,0.0
USR-003786,2025-08-15,2026-09-20,Team,Organic Search,United Kingdom,8,8,3,0,2,16.2,1,0,1,Active Paid,0,89.0
USR-003787,2026-05-12,2026-09-22,Free,Content,France,9,9,9,1,1,11.9,1,1,0,Free,0,0.0
USR-003788,2026-08-31,2026-09-21,Pro,Organic Search,United States,9,9,10,6,1,15.8,1,1,1,Active Paid,0,29.0
USR-003789,2024-10-18,2026-09-21,Free,Paid Search,Australia,8,6,2,2,1,11.9,0,1,0,Free,0,0.0
USR-003790,2026-02-01,2026-09-17,Free,Content,Other,3,3,0,0,1,11.8,0,0,0,Free,0,0.0
USR-003791,2026-06-27,2026-07-18,Team,Paid Search,United States,1,1,1,0,2,16.9,0,1,1,Churned,1,0.0
USR-003792,2026-05-12,2026-09-19,Free,Content,Australia,3,3,3,1,0,10.6,0,1,1,Free,0,0.0
USR-003793,2026-03-17,2026-09-26,Pro,Organic Search,Germany,0,0,0,0,0,0.0,2,1,1,Active Paid,0,29.0
USR-003794,2025-06-04,2026-09-24,Team,Social,United States,10,10,5,3,1,12.1,0,1,1,Active Paid,0,89.0
USR-003795,2024-12-17,2026-07-14,Free,Social,United States,8,8,3,0,1,15.8,0,1,1,Churned,1,0.0
USR-003796,2026-03-03,2026-09-14,Free,Content,France,5,5,1,0,0,23.4,0,0,0,Free,0,0.0
USR-003797,2025-05-12,2026-09-16,Free,Organic Search,United States,6,6,3,1,0,14.2,0,1,0,Free,0,0.0
USR-003798,2026-07-31,2026-09-17,Free,Paid Search,United States,5,5,3,0,1,15.1,0,0,0,Free,0,0.0
USR-003799,2026-09-08,2026-09-08,Free,Referral,Other,13,13,13,6,3,10.9,0,1,0,Churned,1,0.0
USR-003800,2026-08-07,2026-09-09,Free,Partnership,Germany,1,1,0,0,1,16.1,0,0,1,Churned,1,0.0
USR-003801,2024-11-24,2026-09-24,Team,Content,France,7,7,5,2,4,21.0,0,1,1,Active Paid,0,89.0
USR-003802,2025-07-27,2026-09-21,Pro,Content,Germany,8,8,6,1,2,15.5,1,0,1,Active Paid,0,29.0
USR-003803,2025-02-17,2026-09-19,Free,Social,Canada,3,3,1,0,0,8.0,0,0,0,Free,0,0.0
USR-003804,2026-08-31,2026-08-31,Free,Social,Australia,3,3,1,0,3,10.3,2,0,0,Churned,1,0.0
USR-003805,2026-08-31,2026-09-21,Pro,Content,United States,13,13,14,8,4,17.9,0,1,1,Active Paid,0,29.0
USR-003806,2025-01-17,2026-09-26,Team,Content,United Kingdom,13,13,14,8,8,19.6,3,1,1,Active Paid,0,89.0
USR-003807,2026-07-04,2026-09-21,Free,Content,Germany,4,4,1,0,1,7.3,0,0,0,Free,0,0.0
USR-003808,2026-05-27,2026-09-23,Free,Content,Other,11,11,7,4,2,21.6,0,1,0,Free,0,0.0
USR-003809,2025-09-09,2026-09-28,Pro,Content,United Kingdom,8,8,10,4,3,20.5,0,1,1,Active Paid,0,29.0
USR-003810,2025-07-09,2026-09-27,Team,Organic Search,Other,6,6,6,0,4,10.7,1,1,1,Active Paid,0,89.0
USR-003811,2026-04-05,2026-09-24,Team,Paid Search,France,7,7,3,4,3,24.7,1,1,1,Active Paid,0,89.0
USR-003812,2025-11-02,2026-09-28,Free,Partnership,Canada,10,10,4,1,6,17.9,0,0,0,Free,0,0.0
USR-003813,2025-05-21,2026-09-21,Free,Social,United Kingdom,2,2,3,0,0,9.9,0,0,0,Free,0,0.0
USR-003814,2025-11-03,2026-09-17,Free,Organic Search,United States,1,1,1,0,0,10.7,0,1,1,Free,0,0.0
USR-003815,2025-12-16,2026-09-19,Free,Social,Germany,0,0,0,0,0,0.0,0,0,0,Free,0,0.0
USR-003816,2026-07-26,2026-09-19,Team,Referral,United States,7,7,7,3,5,11.3,0,1,1,Active Paid,0,89.0
USR-003817,2025-10-27,2026-09-22,Free,Content,United Kingdom,10,10,4,3,3,5.9,0,1,1,Free,0,0.0
USR-003818,2025-02-19,2026-09-24,Pro,Content,United States,10,9,11,2,3,12.9,1,0,1,Active Paid,0,29.0
USR-003819,2025-06-24,2026-07-09,Team,Organic Search,Other,1,1,0,1,1,19.1,0,1,1,Churned,1,0.0
USR-003820,2024-12-16,2026-09-21,Team,Social,United Kingdom,15,11,9,9,4,9.2,0,1,1,Active Paid,0,89.0
USR-003821,2026-06-17,2026-09-22,Pro,Organic Search,Canada,22,15,25,11,4,18.9,1,1,1,Active Paid,0,29.0
USR-003822,2026-09-08,2026-09-25,Team,Content,United Kingdom,6,6,4,3,5,19.8,0,1,1,Active Paid,0,89.0
USR-003823,2025-08-20,2026-09-22,Free,Organic Search,United States,8,8,5,1,1,15.2,0,1,0,Free,0,0.0
USR-003824,2026-05-11,2026-09-23,Free,Referral,United Kingdom,6,6,3,0,0,9.8,0,1,0,Free,0,0.0
USR-003825,2025-07-18,2026-09-28,Free,Social,Australia,8,8,6,2,2,19.2,1,1,1,Free,0,0.0
USR-003826,2024-12-08,2026-09-27,Team,Referral,Germany,9,9,4,6,1,13.3,1,0,1,Active Paid,0,89.0
USR-003827,2026-01-17,2026-09-24,Team,Social,United Kingdom,6,6,7,4,6,15.0,0,1,1,Active Paid,0,89.0
USR-003828,2025-08-19,2026-07-09,Free,Referral,Australia,4,4,0,2,1,17.0,0,0,0,Churned,1,0.0
USR-003829,2025-05-16,2026-09-25,Free,Referral,United States,0,0,1,0,0,0.0,1,1,1,Free,0,0.0
USR-003830,2026-05-31,2026-09-22,Free,Organic Search,Australia,0,0,0,0,0,0.0,0,1,1,Free,0,0.0
USR-003831,2024-12-13,2026-09-27,Free,Paid Search,United States,0,0,0,1,0,0.0,0,1,0,Free,0,0.0
USR-003832,2026-04-24,2026-07-29,Pro,Social,Other,5,5,4,1,3,12.6,1,1,1,Churned,1,0.0
USR-003833,2025-02-15,2026-09-20,Free,Paid Search,Other,0,0,0,0,0,0.0,0,0,0,Free,0,0.0
USR-003834,2025-06-01,2026-09-27,Pro,Referral,Australia,8,8,6,3,1,16.5,0,1,1,Active Paid,0,29.0
USR-003835,2026-06-07,2026-09-21,Free,Paid Search,United States,7,7,5,0,1,10.0,0,1,0,Free,0,0.0
USR-003836,2025-04-15,2026-09-21,Free,Content,Canada,9,9,3,1,0,21.0,0,1,0,Free,0,0.0
USR-003837,2026-04-28,2026-09-20,Free,Organic Search,Australia,6,6,3,1,2,14.8,0,1,0,Free,0,0.0
USR-003838,2025-07-14,2026-07-11,Team,Referral,Canada,7,7,6,5,3,19.3,0,1,1,Churned,1,0.0
USR-003839,2024-10-29,2026-09-26,Pro,Organic Search,United Kingdom,8,8,5,4,1,14.5,0,1,1,Active Paid,0,29.0
USR-003840,2024-11-03,2026-09-07,Free,Social,Canada,6,6,2,0,0,11.4,1,1,1,Churned,1,0.0
USR-003841,2025-01-01,2026-09-14,Free,Paid Search,United States,0,0,0,0,0,0.0,0,1,0,Churned,1,0.0
USR-003842,2025-09-27,2026-09-25,Team,Referral,Canada,17,15,11,7,19,28.0,0,1,1,Active Paid,0,89.0
USR-003843,2025-08-11,2026-09-22,Pro,Organic Search,United States,8,8,10,4,1,15.1,1,1,1,Active Paid,0,29.0
USR-003844,2026-02-13,2026-09-29,Pro,Content,Germany,6,6,5,1,0,19.8,0,1,1,Active Paid,0,29.0
USR-003845,2024-11-26,2026-09-20,Pro,Social,United Kingdom,6,6,4,2,0,23.0,1,1,1,Active Paid,0,29.0
USR-003846,2025-10-09,2026-09-23,Team,Partnership,United States,12,12,7,5,9,18.9,3,0,1,Active Paid,0,89.0
USR-003847,2025-03-13,2026-08-14,Free,Referral,United States,0,0,0,0,0,0.0,1,1,1,Churned,1,0.0
USR-003848,2026-01-01,2026-09-22,Pro,Social,Other,7,5,7,2,3,14.1,0,1,1,Active Paid,0,29.0
USR-003849,2025-04-04,2026-09-26,Free,Content,Canada,13,13,12,4,4,15.4,0,1,0,Free,0,0.0
USR-003850,2026-04-08,2026-09-27,Pro,Organic Search,Germany,0,0,0,0,0,0.0,0,1,1,Active Paid,0,29.0
USR-003851,2025-04-09,2026-09-26,Team,Referral,Australia,10,10,11,5,9,8.0,0,1,1,Active Paid,0,89.0
USR-003852,2026-08-14,2026-09-27,Team,Paid Search,Germany,4,4,3,0,1,15.2,1,1,1,Active Paid,0,89.0
USR-003853,2026-07-03,2026-09-23,Free,Referral,United Kingdom,9,9,9,3,1,12.7,0,1,0,Free,0,0.0
USR-003854,2026-01-07,2026-09-25,Pro,Organic Search,Germany,8,8,4,3,0,15.0,0,0,1,Active Paid,0,29.0
USR-003855,2025-10-06,2026-09-28,Team,Paid Search,United States,4,4,3,1,1,23.1,1,0,1,Active Paid,0,89.0
USR-003856,2025-04-25,2026-09-28,Team,Referral,Canada,13,13,11,8,6,21.2,2,1,1,Active Paid,0,89.0
USR-003857,2026-01-02,2026-09-23,Pro,Social,United States,4,4,5,2,0,16.5,0,1,1,Active Paid,0,29.0
USR-003858,2026-09-02,2026-09-17,Free,Organic Search,Other,4,4,2,1,0,11.8,0,0,0,Free,0,0.0
USR-003859,2026-01-26,2026-08-11,Free,Social,Canada,6,6,2,0,1,15.5,1,0,0,Churned,1,0.0
USR-003860,2025-11-05,2026-09-23,Team,Content,United States,2,2,1,0,0,13.2,1,0,1,Active Paid,0,89.0
USR-003861,2025-08-23,2026-09-28,Pro,Organic Search,Germany,15,15,12,7,4,15.5,1,1,1,Active Paid,0,29.0
USR-003862,2025-06-12,2026-09-23,Pro,Paid Search,United States,3,3,3,0,0,15.4,0,0,1,Active Paid,0,29.0
USR-003863,2026-03-22,2026-09-26,Pro,Partnership,United Kingdom,9,9,6,7,1,14.4,1,1,1,Active Paid,0,29.0
USR-003864,2025-07-06,2026-09-24,Free,Content,Other,10,10,8,3,1,13.9,0,1,1,Free,0,0.0
USR-003865,2025-06-21,2026-09-07,Free,Organic Search,Australia,7,7,4,1,5,17.1,2,1,0,Churned,1,0.0
USR-003866,2025-03-09,2026-09-22,Pro,Social,France,4,4,2,2,2,14.5,1,1,1,Active Paid,0,29.0
USR-003867,2025-09-07,2026-09-29,Free,Organic Search,Canada,4,4,3,1,1,19.7,0,1,0,Free,0,0.0
USR-003868,2025-02-13,2026-09-25,Pro,Partnership,United Kingdom,3,3,3,0,0,19.5,0,1,1,Active Paid,0,29.0
USR-003869,2026-04-10,2026-09-23,Pro,Paid Search,United States,12,11,8,1,1,9.2,1,1,1,Active Paid,0,29.0
USR-003870,2025-04-25,2026-09-20,Pro,Paid Search,Germany,4,4,4,0,1,12.0,1,0,1,Active Paid,0,29.0
USR-003871,2026-08-14,2026-09-19,Free,Paid Search,Germany,7,4,0,0,0,10.3,0,0,1,Free,0,0.0
USR-003872,2026-07-04,2026-07-22,Pro,Social,United States,6,6,4,2,0,21.2,0,0,1,Churned,1,0.0
USR-003873,2025-01-05,2026-09-21,Free,Organic Search,United States,10,10,1,3,0,10.4,1,0,0,Free,0,0.0
USR-003874,2025-10-11,2026-09-21,Free,Content,United States,1,1,1,0,0,3.6,1,0,0,Free,0,0.0
USR-003875,2025-06-29,2026-07-13,Free,Social,United States,6,6,2,1,1,15.2,0,0,0,Churned,1,0.0
USR-003876,2025-07-11,2026-09-14,Free,Social,United States,0,0,0,0,1,0.0,0,1,0,Churned,1,0.0
USR-003877,2025-05-07,2026-09-24,Team,Content,United Kingdom,5,5,4,0,5,25.9,1,1,1,Active Paid,0,89.0
USR-003878,2026-03-24,2026-09-05,Team,Organic Search,Canada,6,6,3,1,4,13.0,0,0,1,Churned,1,0.0
USR-003879,2026-05-11,2026-09-21,Free,Organic Search,United Kingdom,4,4,0,0,0,5.3,0,1,0,Free,0,0.0
USR-003880,2026-08-16,2026-08-16,Pro,Paid Search,United States,7,7,7,4,0,13.3,1,0,1,Churned,1,0.0
USR-003881,2025-01-05,2026-09-23,Free,Content,Canada,4,4,1,1,0,9.0,0,1,0,Free,0,0.0
USR-003882,2026-04-09,2026-09-22,Pro,Organic Search,Australia,8,8,8,2,3,17.7,0,1,1,Active Paid,0,29.0
USR-003883,2025-07-31,2026-07-20,Team,Content,United States,7,7,7,4,2,19.7,1,1,1,Churned,1,0.0
USR-003884,2025-10-25,2026-09-21,Pro,Social,United Kingdom,2,2,0,2,0,18.1,0,0,1,Active Paid,0,29.0
USR-003885,2026-05-22,2026-08-27,Free,Social,Canada,3,3,0,0,0,22.5,1,1,0,Churned,1,0.0
USR-003886,2025-11-24,2026-09-05,Free,Social,United States,0,0,0,0,0,0.0,0,1,1,Churned,1,0.0
USR-003887,2026-07-18,2026-09-26,Free,Organic Search,United Kingdom,14,14,11,4,1,12.3,0,1,0,Free,0,0.0
USR-003888,2026-05-12,2026-09-23,Team,Organic Search,United Kingdom,9,9,12,6,6,16.6,1,1,1,Active Paid,0,89.0
USR-003889,2026-06-08,2026-09-21,Pro,Referral,United Kingdom,7,7,5,1,0,12.7,0,1,1,Active Paid,0,29.0
USR-003890,2025-02-03,2026-09-05,Free,Paid Search,Australia,0,0,1,0,0,0.0,0,0,0,Churned,1,0.0
USR-003891,2025-08-06,2026-09-20,Free,Social,Other,6,6,0,1,1,12.8,0,1,1,Free,0,0.0
USR-003892,2024-11-23,2026-09-25,Team,Partnership,United Kingdom,6,6,3,2,3,17.1,0,0,1,Active Paid,0,89.0
USR-003893,2025-11-08,2026-09-27,Free,Organic Search,United Kingdom,3,3,1,2,0,16.9,0,1,0,Free,0,0.0
USR-003894,2026-04-25,2026-07-07,Pro,Paid Search,Other,3,3,1,2,0,12.6,0,0,1,Churned,1,0.0
USR-003895,2025-07-07,2026-07-02,Pro,Paid Search,Canada,0,0,0,0,0,0.0,1,0,1,Churned,1,0.0
USR-003896,2024-11-20,2026-08-30,Free,Organic Search,Other,2,2,0,0,0,17.6,2,0,1,Churned,1,0.0
USR-003897,2025-08-31,2026-09-24,Free,Partnership,Australia,0,0,1,0,0,0.0,0,0,0,Free,0,0.0
USR-003898,2026-09-03,2026-09-23,Free,Partnership,United States,5,5,1,2,1,19.4,0,1,1,Free,0,0.0
USR-003899,2026-02-10,2026-07-24,Free,Paid Search,United States,8,4,6,1,1,13.7,0,1,0,Churned,1,0.0
USR-003900,2024-11-23,2026-08-16,Pro,Partnership,United States,0,0,0,0,0,0.0,1,1,1,Churned,1,0.0
USR-003901,2025-09-10,2026-09-24,Pro,Organic Search,Australia,6,6,1,0,1,18.9,1,1,1,Active Paid,0,29.0
USR-003902,2024-11-04,2026-09-18,Free,Partnership,United States,1,1,2,1,0,11.6,2,1,1,Free,0,0.0
USR-003903,2025-09-16,2026-09-25,Free,Content,France,5,5,4,0,2,17.4,0,1,1,Free,0,0.0
USR-003904,2026-09-07,2026-09-24,Free,Organic Search,Canada,0,0,0,0,0,0.0,0,0,1,Free,0,0.0
USR-003905,2024-12-30,2026-09-04,Free,Social,Australia,2,2,0,0,0,4.1,1,1,1,Churned,1,0.0
USR-003906,2025-03-19,2026-09-01,Pro,Content,France,10,10,9,4,4,22.2,2,1,1,Churned,1,0.0
USR-003907,2025-04-22,2026-09-22,Pro,Paid Search,United States,4,4,3,0,0,8.8,0,1,1,Active Paid,0,29.0
USR-003908,2024-10-22,2026-09-21,Pro,Paid Search,United Kingdom,5,5,4,2,1,17.4,0,1,1,Active Paid,0,29.0
USR-003909,2026-04-28,2026-09-20,Free,Referral,Canada,3,3,5,0,0,13.6,0,1,0,Free,0,0.0
USR-003910,2024-12-07,2026-09-17,Free,Organic Search,Australia,0,0,0,0,0,0.0,1,0,0,Free,0,0.0
USR-003911,2026-04-02,2026-09-21,Free,Organic Search,France,3,3,1,0,0,15.5,0,1,0,Free,0,0.0
USR-003912,2024-10-21,2026-09-24,Team,Organic Search,Canada,5,5,3,6,3,23.5,0,0,1,Active Paid,0,89.0
USR-003913,2026-05-02,2026-09-28,Pro,Referral,Australia,9,9,6,3,4,15.2,1,1,1,Active Paid,0,29.0
USR-003914,2025-08-18,2026-09-28,Team,Paid Search,United Kingdom,9,9,6,7,4,17.7,0,1,1,Active Paid,0,89.0
USR-003915,2025-02-28,2026-09-19,Free,Social,United States,5,5,3,1,0,13.1,0,1,1,Free,0,0.0
USR-003916,2026-07-22,2026-09-21,Free,Organic Search,Other,5,5,0,0,0,15.3,0,1,1,Free,0,0.0
USR-003917,2026-07-30,2026-09-23,Pro,Organic Search,Canada,8,8,1,4,1,11.5,1,1,1,Active Paid,0,29.0
USR-003918,2025-01-16,2026-09-22,Free,Referral,Australia,5,5,4,2,0,13.3,1,1,1,Free,0,0.0
USR-003919,2026-08-03,2026-09-26,Pro,Organic Search,United Kingdom,19,18,17,11,12,20.7,1,1,1,Active Paid,0,29.0
USR-003920,2025-07-04,2026-09-22,Free,Referral,Germany,1,1,1,0,1,10.7,0,1,0,Free,0,0.0
USR-003921,2024-11-14,2026-09-26,Team,Paid Search,United Kingdom,4,4,4,2,4,13.2,0,1,1,Active Paid,0,89.0
USR-003922,2025-07-03,2026-08-05,Free,Referral,United Kingdom,0,0,0,0,0,0.0,1,0,0,Churned,1,0.0
USR-003923,2025-10-07,2026-09-26,Team,Paid Search,United States,14,14,11,4,6,16.4,0,1,1,Active Paid,0,89.0
USR-003924,2025-11-21,2026-09-20,Free,Content,France,8,8,2,2,0,17.4,0,1,1,Free,0,0.0
USR-003925,2025-06-16,2026-09-22,Free,Organic Search,United States,4,4,1,0,0,9.2,0,1,0,Free,0,0.0
USR-003926,2025-08-03,2026-08-10,Free,Content,United States,4,4,1,0,0,13.7,0,1,1,Churned,1,0.0
USR-003927,2025-09-22,2026-09-21,Free,Paid Search,United Kingdom,0,0,0,0,0,0.0,0,0,0,Free,0,0.0
USR-003928,2026-05-29,2026-09-23,Team,Organic Search,United Kingdom,14,14,11,6,7,16.7,2,1,1,Active Paid,0,89.0
USR-003929,2025-05-30,2026-09-26,Team,Social,Germany,13,13,13,6,8,24.2,0,1,1,Active Paid,0,89.0
USR-003930,2025-04-05,2026-09-28,Team,Organic Search,France,12,12,11,5,3,14.7,0,1,1,Active Paid,0,89.0
USR-003931,2025-04-27,2026-09-25,Team,Social,France,18,8,27,7,10,15.6,1,1,1,Active Paid,0,89.0
USR-003932,2026-07-24,2026-09-25,Pro,Content,United Kingdom,7,5,7,1,0,16.6,0,1,1,Active Paid,0,29.0
USR-003933,2025-05-01,2026-09-22,Free,Content,Canada,0,0,0,0,0,0.0,0,1,1,Free,0,0.0
USR-003934,2025-04-12,2026-09-26,Pro,Social,United States,11,11,11,7,2,30.8,0,0,1,Active Paid,0,29.0
USR-003935,2026-05-07,2026-09-21,Free,Partnership,Canada,6,6,5,2,0,8.2,0,1,0,Free,0,0.0
USR-003936,2025-01-16,2026-09-23,Pro,Social,Other,4,4,2,5,0,17.2,0,1,1,Active Paid,0,29.0
USR-003937,2025-09-06,2026-09-24,Free,Organic Search,Canada,4,4,0,1,0,22.8,0,1,0,Free,0,0.0
USR-003938,2025-10-13,2026-09-22,Pro,Content,Other,4,4,0,1,0,15.4,2,1,1,Active Paid,0,29.0
USR-003939,2025-04-17,2026-09-12,Free,Organic Search,United States,6,6,2,0,1,15.5,0,1,1,Churned,1,0.0
USR-003940,2025-09-16,2026-09-22,Free,Organic Search,France,0,0,0,1,0,0.0,0,0,0,Free,0,0.0
USR-003941,2025-08-22,2026-07-10,Free,Organic Search,France,7,5,2,0,2,10.3,1,0,0,Churned,1,0.0
USR-003942,2026-02-04,2026-09-23,Free,Paid Search,France,10,8,7,0,1,15.8,1,1,0,Free,0,0.0
USR-003943,2024-11-21,2026-08-29,Free,Paid Search,Germany,0,0,0,0,0,0.0,0,0,0,Churned,1,0.0
USR-003944,2024-10-22,2026-09-20,Free,Paid Search,United States,5,3,2,0,1,15.8,0,0,1,Free,0,0.0
USR-003945,2026-06-14,2026-09-23,Free,Social,France,13,13,17,4,1,12.4,0,1,0,Free,0,0.0
USR-003946,2025-04-09,2026-09-24,Pro,Referral,Canada,9,9,5,6,1,21.5,1,0,1,Active Paid,0,29.0
USR-003947,2026-08-30,2026-08-30,Free,Partnership,Canada,0,0,0,0,0,0.0,0,0,0,Churned,1,0.0
USR-003948,2025-12-26,2026-09-25,Pro,Organic Search,United States,8,8,10,1,1,17.0,1,0,1,Active Paid,0,29.0
USR-003949,2024-10-22,2026-09-23,Free,Organic Search,United States,8,8,9,2,0,21.7,0,1,0,Free,0,0.0
USR-003950,2026-05-14,2026-08-28,Pro,Social,Other,5,5,2,0,0,10.5,0,1,1,Churned,1,0.0
USR-003951,2025-12-20,2026-09-25,Free,Organic Search,United Kingdom,6,6,5,2,1,19.4,0,0,0,Free,0,0.0
USR-003952,2026-04-12,2026-09-15,Free,Paid Search,United Kingdom,8,8,4,0,0,14.7,0,1,0,Free,0,0.0
USR-003953,2025-04-13,2026-07-03,Free,Referral,United States,1,1,0,0,0,7.8,0,0,1,Churned,1,0.0
USR-003954,2025-10-19,2026-09-26,Pro,Content,Germany,6,6,1,3,0,10.5,0,1,1,Active Paid,0,29.0
USR-003955,2025-07-18,2026-09-23,Free,Organic Search,France,3,3,2,1,0,14.3,0,1,0,Free,0,0.0
USR-003956,2024-11-11,2026-09-19,Free,Referral,Other,8,8,5,3,2,18.1,0,1,0,Free,0,0.0
USR-003957,2025-09-08,2026-09-20,Free,Referral,Canada,1,1,0,0,0,14.4,0,1,0,Free,0,0.0
USR-003958,2025-04-09,2026-09-23,Free,Content,United States,6,6,1,2,0,14.1,1,1,0,Free,0,0.0
USR-003959,2026-07-07,2026-07-11,Free,Paid Search,United States,4,3,0,0,0,10.1,1,0,0,Churned,1,0.0
USR-003960,2026-04-15,2026-09-22,Pro,Referral,United States,3,3,2,1,3,17.7,1,1,1,Active Paid,0,29.0
USR-003961,2024-11-07,2026-09-25,Free,Referral,Germany,5,5,3,1,0,11.6,0,1,1,Free,0,0.0
USR-003962,2025-01-09,2026-09-24,Pro,Organic Search,Other,11,11,9,7,2,12.7,0,1,1,Active Paid,0,29.0
USR-003963,2025-06-03,2026-09-21,Free,Referral,United States,4,4,2,1,0,9.5,0,1,1,Free,0,0.0
USR-003964,2025-12-19,2026-09-26,Free,Referral,United Kingdom,14,8,9,5,0,17.7,1,1,0,Free,0,0.0
USR-003965,2026-04-26,2026-09-19,Free,Paid Search,Germany,5,5,1,0,1,12.8,0,0,0,Free,0,0.0
USR-003966,2025-01-15,2026-07-10,Free,Social,Germany,3,3,0,0,0,14.8,1,0,0,Churned,1,0.0
USR-003967,2025-03-03,2026-09-09,Free,Paid Search,Germany,4,4,2,0,0,12.4,0,1,0,Churned,1,0.0
USR-003968,2026-03-27,2026-09-26,Pro,Referral,Canada,10,10,10,7,4,21.3,0,1,1,Active Paid,0,29.0
USR-003969,2025-07-21,2026-09-25,Pro,Organic Search,United States,10,10,8,4,1,21.6,0,1,1,Active Paid,0,29.0
USR-003970,2025-06-30,2026-09-01,Free,Social,Canada,5,5,4,1,3,14.1,1,1,0,Churned,1,0.0
USR-003971,2025-10-09,2026-09-26,Free,Organic Search,United Kingdom,12,12,11,6,1,19.3,0,1,1,Free,0,0.0
USR-003972,2024-11-22,2026-09-23,Pro,Referral,France,14,14,14,5,4,21.2,0,1,1,Active Paid,0,29.0
USR-003973,2026-06-19,2026-09-21,Free,Referral,United States,9,6,2,2,1,17.4,0,0,0,Free,0,0.0
USR-003974,2026-03-15,2026-09-25,Free,Social,Canada,6,6,2,1,1,13.5,0,0,0,Free,0,0.0
USR-003975,2026-07-10,2026-09-24,Pro,Social,Other,10,10,6,5,1,17.7,0,0,1,Active Paid,0,29.0
USR-003976,2025-05-08,2026-09-23,Free,Paid Search,Canada,3,1,1,0,0,11.0,0,1,1,Free,0,0.0
USR-003977,2025-06-12,2026-09-26,Free,Paid Search,United States,0,0,1,0,0,0.0,0,1,1,Free,0,0.0
USR-003978,2024-10-10,2026-09-23,Free,Referral,Other,0,0,0,0,0,0.0,0,1,0,Free,0,0.0
USR-003979,2025-08-24,2026-09-22,Pro,Organic Search,United States,9,9,4,4,2,21.5,1,1,1,Active Paid,0,29.0
USR-003980,2026-05-31,2026-09-28,Free,Referral,France,16,10,19,6,5,19.1,0,1,1,Free,0,0.0
USR-003981,2025-10-28,2026-09-22,Pro,Referral,United States,14,11,9,6,3,20.7,0,0,1,Active Paid,0,29.0
USR-003982,2026-07-14,2026-09-20,Free,Content,Other,10,8,4,0,2,11.1,0,1,0,Free,0,0.0
USR-003983,2025-05-24,2026-09-26,Free,Paid Search,United States,4,4,1,1,1,11.6,0,1,0,Free,0,0.0
USR-003984,2025-05-21,2026-07-16,Free,Social,United Kingdom,1,1,0,0,0,12.1,1,1,0,Churned,1,0.0
USR-003985,2025-01-10,2026-09-24,Pro,Organic Search,Other,10,10,11,2,2,14.7,0,0,1,Active Paid,0,29.0
USR-003986,2026-01-16,2026-09-27,Free,Content,Germany,7,7,3,0,0,11.9,0,1,1,Free,0,0.0
USR-003987,2026-02-06,2026-09-24,Pro,Referral,United States,10,10,6,2,1,13.1,1,0,1,Active Paid,0,29.0
USR-003988,2026-07-27,2026-09-20,Free,Referral,United States,4,4,0,0,0,2.9,0,0,0,Free,0,0.0
USR-003989,2025-11-23,2026-09-19,Free,Referral,United States,3,3,1,0,0,9.1,0,1,0,Free,0,0.0
USR-003990,2025-10-11,2026-09-21,Free,Paid Search,United States,0,0,0,0,0,0.0,0,1,0,Free,0,0.0
USR-003991,2025-03-25,2026-09-23,Free,Social,Canada,8,5,3,1,1,17.3,0,1,0,Free,0,0.0
USR-003992,2025-03-26,2026-09-22,Free,Content,Canada,2,2,1,1,0,6.9,0,1,1,Free,0,0.0
USR-003993,2026-06-07,2026-08-21,Pro,Organic Search,Other,0,0,0,0,0,0.0,0,1,1,Churned,1,0.0
USR-003994,2026-02-24,2026-09-25,Team,Partnership,Australia,13,13,8,4,7,13.5,1,1,1,Active Paid,0,89.0
USR-003995,2025-09-15,2026-09-23,Pro,Content,Other,8,8,7,2,1,13.9,0,0,1,Active Paid,0,29.0
USR-003996,2026-01-19,2026-09-24,Pro,Partnership,Canada,8,8,7,1,1,17.8,0,1,1,Active Paid,0,29.0
USR-003997,2026-08-28,2026-09-26,Free,Content,United Kingdom,1,1,1,0,1,14.8,1,1,1,Free,0,0.0
USR-003998,2025-01-19,2026-09-27,Pro,Paid Search,Canada,8,8,4,0,1,16.8,0,1,1,Active Paid,0,29.0
USR-003999,2025-04-11,2026-09-22,Free,Social,United Kingdom,0,0,0,1,0,0.0,0,1,0,Free,0,0.0
USR-004000,2025-09-09,2026-09-29,Pro,Organic Search,United States,7,7,4,5,1,26.9,0,1,1,Active Paid,0,29.0
USR-004001,2026-01-31,2026-09-26,Pro,Referral,Australia,7,7,7,2,5,21.5,3,0,1,Active Paid,0,29.0
USR-004002,2025-01-21,2026-09-25,Free,Organic Search,France,9,9,3,2,0,12.0,1,1,0,Free,0,0.0
USR-004003,2026-08-21,2026-09-25,Team,Content,United Kingdom,5,5,4,3,2,21.6,1,1,1,Active Paid,0,89.0
USR-004004,2025-10-31,2026-09-19,Pro,Organic Search,United Kingdom,6,6,4,2,2,20.0,1,1,1,Active Paid,0,29.0
USR-004005,2025-02-20,2026-09-21,Free,Organic Search,United States,5,5,0,1,0,22.0,0,1,0,Free,0,0.0
USR-004006,2024-11-03,2026-09-22,Team,Organic Search,Canada,9,9,3,3,1,18.9,0,0,1,Active Paid,0,89.0
USR-004007,2026-03-20,2026-09-18,Free,Referral,United Kingdom,0,0,0,0,0,0.0,0,0,0,Free,0,0.0
USR-004008,2025-06-07,2026-09-21,Free,Organic Search,Other,7,7,10,3,0,13.5,0,1,1,Free,0,0.0
USR-004009,2026-05-03,2026-09-24,Free,Organic Search,Canada,6,6,6,3,0,12.1,0,1,0,Free,0,0.0
USR-004010,2026-06-25,2026-09-20,Pro,Organic Search,United Kingdom,3,3,1,0,0,18.3,2,0,1,Active Paid,0,29.0
USR-004011,2026-01-06,2026-09-26,Free,Paid Search,France,0,0,0,1,0,0.0,0,1,1,Free,0,0.0
USR-004012,2024-12-22,2026-09-20,Team,Partnership,Other,8,6,4,2,1,17.9,1,1,1,Active Paid,0,89.0
USR-004013,2025-05-11,2026-07-05,Free,Social,Australia,0,0,1,0,0,0.0,1,0,0,Churned,1,0.0
USR-004014,2025-10-01,2026-07-21,Free,Paid Search,Canada,4,4,1,0,0,3.1,1,1,1,Churned,1,0.0
USR-004015,2026-02-25,2026-07-24,Pro,Organic Search,United Kingdom,1,1,2,0,0,10.8,0,1,1,Churned,1,0.0
USR-004016,2026-06-06,2026-09-22,Free,Organic Search,Germany,9,9,7,3,2,4.7,0,1,1,Free,0,0.0
USR-004017,2026-03-06,2026-09-28,Pro,Paid Search,Australia,16,16,13,14,6,23.3,2,1,1,Active Paid,0,29.0
USR-004018,2026-05-29,2026-09-23,Free,Organic Search,Other,4,4,3,1,0,11.9,0,0,0,Free,0,0.0
USR-004019,2026-05-05,2026-09-23,Team,Organic Search,United Kingdom,9,9,7,3,5,17.1,0,1,1,Active Paid,0,89.0
USR-004020,2025-05-12,2026-07-10,Pro,Organic Search,Germany,8,8,7,3,2,15.6,0,1,1,Churned,1,0.0
USR-004021,2026-06-13,2026-09-23,Free,Paid Search,United States,3,3,0,0,0,19.8,0,1,1,Free,0,0.0
USR-004022,2026-08-13,2026-09-23,Free,Referral,United States,5,5,1,2,0,9.8,1,0,0,Free,0,0.0
USR-004023,2025-08-24,2026-09-23,Free,Organic Search,United States,4,4,4,0,1,14.3,0,1,0,Free,0,0.0
USR-004024,2026-02-23,2026-09-28,Team,Referral,United States,23,18,12,22,14,16.6,0,1,1,Active Paid,0,89.0
USR-004025,2025-10-25,2026-09-26,Pro,Referral,Canada,7,7,4,3,0,11.0,0,1,1,Active Paid,0,29.0
USR-004026,2026-06-08,2026-09-26,Free,Content,United Kingdom,7,7,6,2,0,13.6,0,1,1,Free,0,0.0
USR-004027,2026-04-18,2026-09-27,Free,Organic Search,France,8,8,6,1,0,14.4,0,1,0,Free,0,0.0
USR-004028,2025-11-04,2026-09-27,Team,Content,Germany,5,5,8,0,2,18.4,1,1,1,Active Paid,0,89.0
USR-004029,2025-05-10,2026-09-23,Free,Content,United States,0,0,0,0,0,0.0,0,1,1,Free,0,0.0
USR-004030,2025-11-23,2026-09-25,Pro,Partnership,France,8,8,4,7,3,13.2,0,1,1,Active Paid,0,29.0
USR-004031,2025-08-24,2026-09-19,Pro,Content,United States,10,10,14,2,2,19.6,0,1,1,Active Paid,0,29.0
USR-004032,2025-09-07,2026-09-25,Free,Organic Search,United States,5,5,3,0,1,9.8,0,1,1,Free,0,0.0
USR-004033,2026-03-07,2026-09-24,Free,Partnership,Other,8,8,4,1,1,12.2,1,0,0,Free,0,0.0
USR-004034,2026-02-28,2026-09-27,Free,Content,United States,7,7,2,1,2,16.1,0,1,0,Free,0,0.0
USR-004035,2025-11-15,2026-09-19,Free,Organic Search,United Kingdom,1,1,0,0,0,12.6,0,1,0,Free,0,0.0
USR-004036,2026-08-24,2026-09-23,Team,Organic Search,Germany,12,12,6,3,4,14.2,0,1,1,Active Paid,0,89.0
USR-004037,2025-05-13,2026-09-18,Pro,Partnership,United Kingdom,0,0,0,0,0,0.0,1,1,1,Active Paid,0,29.0
USR-004038,2025-07-03,2026-09-25,Pro,Organic Search,United Kingdom,12,12,10,6,6,14.4,0,1,1,Active Paid,0,29.0
USR-004039,2026-02-09,2026-09-26,Free,Referral,France,5,5,4,1,0,22.6,0,1,0,Free,0,0.0
USR-004040,2025-12-22,2026-09-23,Free,Paid Search,Germany,0,0,0,0,0,0.0,0,1,1,Free,0,0.0
USR-004041,2026-01-23,2026-09-23,Pro,Referral,Canada,5,5,6,1,0,19.7,1,1,1,Active Paid,0,29.0
USR-004042,2025-06-07,2026-09-25,Free,Organic Search,Other,4,4,1,0,0,17.2,0,1,0,Free,0,0.0
USR-004043,2025-03-21,2026-09-23,Free,Referral,United States,5,5,1,1,0,6.8,1,1,1,Free,0,0.0
USR-004044,2026-06-30,2026-09-01,Free,Social,Canada,6,5,2,1,0,10.8,1,1,0,Churned,1,0.0
USR-004045,2025-11-24,2026-09-23,Pro,Content,United States,7,7,5,4,1,18.4,0,0,1,Active Paid,0,29.0
USR-004046,2026-09-06,2026-09-26,Pro,Organic Search,United States,8,8,4,4,2,23.9,0,1,1,Active Paid,0,29.0
USR-004047,2025-10-27,2026-09-23,Free,Organic Search,Other,2,2,0,0,1,18.2,0,1,0,Free,0,0.0
USR-004048,2026-03-22,2026-09-24,Team,Organic Search,France,7,7,7,2,6,21.4,1,1,1,Active Paid,0,89.0
USR-004049,2026-01-18,2026-08-14,Free,Organic Search,United States,1,1,0,0,0,5.9,0,0,0,Churned,1,0.0
USR-004050,2025-10-24,2026-09-22,Free,Partnership,United Kingdom,10,10,8,3,0,23.9,0,1,1,Free,0,0.0
USR-004051,2026-01-27,2026-09-20,Free,Organic Search,United States,4,4,0,0,0,16.3,0,0,1,Free,0,0.0
USR-004052,2025-12-08,2026-08-04,Pro,Organic Search,France,14,11,19,9,5,5.8,0,1,1,Churned,1,0.0
USR-004053,2025-03-18,2026-09-20,Free,Content,United Kingdom,4,4,1,1,1,11.2,1,1,0,Free,0,0.0
USR-004054,2025-02-13,2026-09-21,Free,Organic Search,Other,1,1,1,0,0,9.8,0,1,0,Free,0,0.0
USR-004055,2026-09-11,2026-09-11,Free,Organic Search,United States,6,6,1,0,0,8.6,1,1,1,Churned,1,0.0
USR-004056,2025-12-19,2026-09-24,Pro,Referral,United Kingdom,9,9,7,2,1,18.9,1,1,1,Active Paid,0,29.0
USR-004057,2025-01-18,2026-09-24,Pro,Paid Search,Other,5,5,5,1,0,20.8,0,0,1,Active Paid,0,29.0
USR-004058,2025-09-01,2026-08-14,Free,Content,Other,5,5,2,0,0,12.9,1,0,0,Churned,1,0.0
USR-004059,2026-04-22,2026-09-21,Team,Referral,United States,10,10,16,3,6,14.7,0,1,1,Active Paid,0,89.0
USR-004060,2025-07-18,2026-08-24,Free,Paid Search,Canada,6,6,3,1,1,14.5,0,1,0,Churned,1,0.0
USR-004061,2026-06-04,2026-09-20,Free,Social,Other,0,0,0,0,0,0.0,0,1,0,Free,0,0.0
USR-004062,2026-08-31,2026-09-26,Pro,Content,France,14,14,12,4,7,21.3,0,1,1,Active Paid,0,29.0
USR-004063,2025-06-20,2026-09-21,Pro,Paid Search,Germany,6,6,3,5,1,8.1,0,1,1,Active Paid,0,29.0
USR-004064,2025-09-12,2026-09-25,Free,Referral,Germany,0,0,0,0,0,0.0,0,1,0,Free,0,0.0
USR-004065,2025-03-24,2026-09-18,Free,Paid Search,Other,0,0,0,0,0,0.0,1,1,1,Free,0,0.0
USR-004066,2026-01-12,2026-09-28,Free,Social,Canada,11,11,7,2,5,11.6,1,0,0,Free,0,0.0
USR-004067,2025-01-13,2026-09-24,Free,Referral,United States,3,3,3,0,1,19.6,0,1,0,Free,0,0.0
USR-004068,2025-11-18,2026-09-25,Pro,Organic Search,Canada,11,8,10,3,0,20.1,0,1,1,Active Paid,0,29.0
USR-004069,2025-04-06,2026-09-23,Team,Social,France,16,8,12,9,9,14.5,1,0,1,Active Paid,0,89.0
USR-004070,2026-07-06,2026-09-21,Free,Organic Search,Canada,10,8,9,1,0,10.8,0,0,0,Free,0,0.0
USR-004071,2026-07-08,2026-09-27,Pro,Referral,United Kingdom,10,10,10,5,4,15.6,2,1,1,Active Paid,0,29.0
USR-004072,2025-03-05,2026-07-16,Pro,Social,Germany,8,8,3,1,4,10.7,0,0,1,Churned,1,0.0
USR-004073,2025-01-27,2026-09-20,Free,Paid Search,United Kingdom,14,8,6,1,1,11.1,0,1,0,Free,0,0.0
USR-004074,2024-11-11,2026-09-21,Free,Organic Search,Other,9,9,7,1,3,10.7,1,1,0,Free,0,0.0
USR-004075,2026-01-26,2026-08-05,Team,Partnership,United Kingdom,3,3,0,1,1,10.7,1,1,1,Churned,1,0.0
USR-004076,2026-08-31,2026-09-24,Free,Paid Search,France,6,6,3,1,1,14.9,2,1,0,Free,0,0.0
USR-004077,2024-10-15,2026-09-25,Pro,Paid Search,Canada,13,7,9,3,6,15.5,2,1,1,Active Paid,0,29.0
USR-004078,2025-07-13,2026-09-23,Free,Organic Search,United States,5,5,1,0,0,14.5,0,1,1,Free,0,0.0
USR-004079,2026-03-23,2026-09-23,Pro,Social,Canada,4,4,0,0,0,14.3,3,1,1,Active Paid,0,29.0
USR-004080,2025-03-18,2026-08-21,Free,Paid Search,United States,1,1,0,0,0,10.5,1,0,0,Churned,1,0.0
USR-004081,2024-12-08,2026-09-22,Team,Content,Australia,12,12,2,3,6,15.2,1,1,1,Active Paid,0,89.0
USR-004082,2026-02-24,2026-09-24,Pro,Referral,France,6,6,10,5,1,15.5,1,1,1,Active Paid,0,29.0
USR-004083,2025-03-14,2026-09-27,Free,Organic Search,United States,7,7,7,1,2,15.5,0,1,1,Free,0,0.0
USR-004084,2025-03-01,2026-09-21,Pro,Social,Canada,0,0,0,0,0,0.0,0,0,1,Active Paid,0,29.0
USR-004085,2025-09-22,2026-09-22,Pro,Organic Search,Other,7,7,6,1,2,17.5,0,1,1,Active Paid,0,29.0
USR-004086,2025-06-20,2026-09-24,Free,Organic Search,United States,6,6,3,0,0,8.6,0,0,0,Free,0,0.0
USR-004087,2026-03-07,2026-09-23,Free,Social,Other,4,4,1,0,1,10.3,0,0,0,Free,0,0.0
USR-004088,2024-11-20,2026-09-24,Pro,Organic Search,United States,14,14,12,6,2,21.5,0,0,1,Active Paid,0,29.0
USR-004089,2024-10-13,2026-09-27,Pro,Content,United States,6,6,4,1,2,16.6,0,1,1,Active Paid,0,29.0
USR-004090,2024-10-14,2026-09-28,Free,Social,Canada,10,10,7,1,1,13.3,0,1,0,Free,0,0.0
USR-004091,2025-04-06,2026-09-25,Team,Organic Search,United States,0,0,0,0,0,0.0,0,0,1,Active Paid,0,89.0
USR-004092,2026-08-16,2026-08-16,Free,Partnership,Other,15,14,11,5,4,7.1,0,1,1,Churned,1,0.0
USR-004093,2025-12-27,2026-09-21,Free,Social,France,1,1,0,0,0,17.6,0,1,0,Free,0,0.0
USR-004094,2025-11-01,2026-09-20,Pro,Organic Search,France,5,5,4,1,0,25.0,0,1,1,Active Paid,0,29.0
USR-004095,2024-10-29,2026-08-07,Free,Social,France,0,0,0,0,0,0.0,0,0,1,Churned,1,0.0
USR-004096,2025-08-20,2026-09-24,Free,Partnership,France,10,10,5,1,2,13.1,0,1,1,Free,0,0.0
USR-004097,2025-08-28,2026-09-22,Free,Paid Search,France,7,7,1,1,0,10.6,0,0,1,Free,0,0.0
USR-004098,2026-06-03,2026-09-18,Free,Paid Search,Germany,3,3,1,0,0,9.4,0,0,0,Free,0,0.0
USR-004099,2025-02-25,2026-09-22,Free,Social,Australia,5,5,5,0,0,13.0,0,1,0,Free,0,0.0
USR-004100,2026-01-18,2026-09-19,Pro,Paid Search,Canada,6,6,4,2,2,15.4,0,1,1,Active Paid,0,29.0
USR-004101,2026-07-12,2026-09-22,Free,Organic Search,United Kingdom,9,9,4,3,0,16.6,0,1,0,Free,0,0.0
USR-004102,2024-10-09,2026-09-23,Pro,Social,Canada,10,9,6,2,0,10.5,1,1,1,Active Paid,0,29.0
USR-004103,2026-05-03,2026-07-13,Pro,Content,United Kingdom,10,10,19,5,7,21.3,0,1,1,Churned,1,0.0
USR-004104,2026-09-04,2026-09-13,Free,Referral,United Kingdom,11,11,8,2,2,5.0,0,1,1,Churned,1,0.0
USR-004105,2026-07-22,2026-09-22,Free,Organic Search,United Kingdom,9,9,5,2,4,21.3,0,1,0,Free,0,0.0
USR-004106,2025-10-27,2026-09-27,Pro,Paid Search,United Kingdom,4,4,1,1,0,6.3,0,1,1,Active Paid,0,29.0
USR-004107,2026-07-04,2026-08-23,Free,Organic Search,United States,9,9,13,3,3,15.7,0,1,0,Churned,1,0.0
USR-004108,2025-01-21,2026-09-19,Free,Paid Search,Australia,0,0,0,0,0,0.0,0,1,0,Free,0,0.0
USR-004109,2025-09-14,2026-09-22,Pro,Referral,France,4,4,6,1,1,15.5,1,1,1,Active Paid,0,29.0
USR-004110,2026-01-27,2026-09-28,Pro,Paid Search,United Kingdom,10,7,6,2,1,16.4,0,0,1,Active Paid,0,29.0
USR-004111,2026-09-13,2026-09-21,Pro,Content,Other,6,6,1,3,2,19.1,0,1,1,Active Paid,0,29.0
USR-004112,2025-10-07,2026-09-20,Free,Social,Other,6,6,1,1,1,11.8,0,1,1,Free,0,0.0
USR-004113,2026-05-30,2026-09-27,Free,Referral,Other,8,8,5,1,0,18.7,0,1,0,Free,0,0.0
USR-004114,2024-10-16,2026-09-24,Free,Content,United States,5,5,1,1,0,8.2,0,1,1,Free,0,0.0
USR-004115,2026-02-19,2026-09-27,Pro,Referral,United Kingdom,13,7,6,6,3,22.0,0,1,1,Active Paid,0,29.0
USR-004116,2025-10-11,2026-09-22,Free,Content,United Kingdom,9,7,6,2,1,13.4,0,1,1,Free,0,0.0
USR-004117,2026-09-02,2026-09-20,Free,Content,France,0,0,0,0,0,0.0,0,1,1,Free,0,0.0
USR-004118,2026-06-14,2026-09-23,Free,Social,Germany,5,5,3,0,2,12.2,1,0,0,Free,0,0.0
USR-004119,2026-04-20,2026-09-22,Pro,Paid Search,France,7,7,3,0,1,16.8,1,0,1,Active Paid,0,29.0
USR-004120,2026-08-10,2026-09-27,Pro,Paid Search,Australia,16,15,20,11,7,19.7,1,1,1,Active Paid,0,29.0
USR-004121,2025-04-14,2026-09-24,Free,Content,Other,9,9,5,0,2,15.0,0,1,0,Free,0,0.0
USR-004122,2024-11-09,2026-07-30,Free,Organic Search,Canada,3,3,0,0,0,10.7,0,1,1,Churned,1,0.0
USR-004123,2024-10-11,2026-09-18,Free,Partnership,Other,12,11,6,2,1,13.9,0,1,0,Free,0,0.0
USR-004124,2026-03-09,2026-09-21,Free,Paid Search,Australia,0,0,0,0,0,0.0,2,0,0,Free,0,0.0
USR-004125,2025-03-01,2026-09-22,Free,Referral,United Kingdom,4,4,3,1,0,18.0,0,1,1,Free,0,0.0
USR-004126,2025-09-20,2026-09-28,Free,Paid Search,Australia,3,3,1,0,1,16.5,0,1,0,Free,0,0.0
USR-004127,2026-08-14,2026-09-17,Pro,Partnership,United States,0,0,0,0,0,0.0,0,1,1,Active Paid,0,29.0
USR-004128,2026-07-13,2026-09-26,Pro,Organic Search,United States,12,12,8,1,5,16.3,0,0,1,Active Paid,0,29.0
USR-004129,2025-08-20,2026-09-23,Team,Paid Search,Other,8,8,10,4,5,24.9,1,1,1,Active Paid,0,89.0
USR-004130,2025-11-17,2026-09-26,Team,Content,United Kingdom,5,5,1,1,0,4.8,1,0,1,Active Paid,0,89.0
USR-004131,2026-09-10,2026-09-26,Free,Paid Search,Canada,8,8,5,4,0,8.7,0,1,0,Free,0,0.0
USR-004132,2024-11-19,2026-09-20,Free,Paid Search,Other,4,4,0,0,0,4.4,0,0,0,Free,0,0.0
USR-004133,2025-04-11,2026-07-14,Free,Content,United Kingdom,5,5,2,0,0,13.9,1,0,1,Churned,1,0.0
USR-004134,2025-09-21,2026-09-23,Pro,Content,United States,7,7,8,3,2,14.8,3,1,1,Active Paid,0,29.0
USR-004135,2024-10-10,2026-09-19,Free,Organic Search,United States,5,5,4,0,0,8.3,0,0,1,Free,0,0.0
USR-004136,2024-10-21,2026-07-17,Free,Social,Canada,8,7,3,0,0,17.6,1,0,0,Churned,1,0.0
USR-004137,2024-10-19,2026-09-21,Free,Organic Search,United States,7,5,3,0,0,6.5,0,0,1,Free,0,0.0
USR-004138,2026-03-14,2026-09-17,Free,Organic Search,United States,1,1,1,0,0,16.7,0,1,1,Free,0,0.0
USR-004139,2024-12-25,2026-09-23,Pro,Social,Australia,11,11,11,8,3,22.8,0,1,1,Active Paid,0,29.0
USR-004140,2025-09-20,2026-09-22,Pro,Organic Search,United Kingdom,10,10,6,2,1,18.9,1,1,1,Active Paid,0,29.0
USR-004141,2025-04-14,2026-09-23,Free,Social,Germany,10,9,4,0,1,13.8,0,1,1,Free,0,0.0
USR-004142,2025-01-09,2026-09-24,Team,Paid Search,United States,9,9,3,2,4,20.0,0,1,1,Active Paid,0,89.0
USR-004143,2026-05-22,2026-09-23,Free,Content,Canada,3,3,2,0,0,24.7,1,1,0,Free,0,0.0
USR-004144,2025-10-30,2026-09-25,Free,Social,Germany,6,6,6,1,0,13.7,0,0,0,Free,0,0.0
USR-004145,2026-06-15,2026-09-22,Free,Organic Search,United Kingdom,1,1,0,1,0,12.9,0,1,0,Free,0,0.0
USR-004146,2026-02-28,2026-09-21,Pro,Partnership,United Kingdom,9,7,6,2,1,23.4,0,1,1,Active Paid,0,29.0
USR-004147,2025-11-24,2026-09-20,Pro,Content,United Kingdom,0,0,0,0,0,0.0,0,1,1,Active Paid,0,29.0
USR-004148,2025-01-12,2026-09-15,Free,Paid Search,United States,4,2,0,0,0,8.0,0,1,0,Free,0,0.0
USR-004149,2025-01-07,2026-09-23,Team,Partnership,United States,17,16,15,9,8,27.9,0,1,1,Active Paid,0,89.0
USR-004150,2025-12-11,2026-07-20,Free,Paid Search,Canada,4,4,1,0,0,15.3,2,1,0,Churned,1,0.0
USR-004151,2026-01-23,2026-09-06,Free,Paid Search,United States,5,5,2,1,0,7.9,0,1,1,Churned,1,0.0
USR-004152,2025-09-01,2026-09-24,Pro,Paid Search,United States,11,11,10,4,3,17.8,0,0,1,Active Paid,0,29.0
USR-004153,2024-12-03,2026-09-26,Team,Organic Search,United States,8,8,11,2,7,20.3,0,1,1,Active Paid,0,89.0
USR-004154,2024-10-17,2026-09-23,Pro,Referral,Australia,15,15,13,3,2,18.3,1,1,1,Active Paid,0,29.0
USR-004155,2026-04-06,2026-09-17,Team,Social,United Kingdom,5,5,2,0,1,13.2,1,1,1,Active Paid,0,89.0
USR-004156,2026-05-05,2026-09-23,Free,Content,Canada,10,10,6,4,2,12.0,1,1,0,Free,0,0.0
USR-004157,2025-04-28,2026-09-23,Pro,Organic Search,Germany,5,5,8,4,2,19.1,0,1,1,Active Paid,0,29.0
USR-004158,2026-02-12,2026-09-22,Pro,Organic Search,United Kingdom,10,10,7,2,0,21.2,1,0,1,Active Paid,0,29.0
USR-004159,2026-04-26,2026-09-26,Free,Paid Search,United States,0,0,0,0,0,0.0,0,0,0,Free,0,0.0
USR-004160,2026-08-24,2026-09-26,Free,Organic Search,United Kingdom,12,12,13,2,3,21.4,0,1,0,Free,0,0.0
USR-004161,2025-12-01,2026-09-22,Team,Partnership,Canada,1,1,2,1,0,12.9,0,1,1,Active Paid,0,89.0
USR-004162,2025-12-09,2026-09-25,Free,Referral,United Kingdom,9,9,4,1,0,8.6,0,1,0,Free,0,0.0
USR-004163,2025-08-09,2026-09-22,Free,Content,United States,5,5,1,1,0,10.3,0,1,1,Free,0,0.0
USR-004164,2026-04-25,2026-09-22,Team,Referral,Other,10,10,11,3,3,19.8,0,1,1,Active Paid,0,89.0
USR-004165,2025-04-23,2026-09-27,Team,Organic Search,France,9,9,12,4,6,18.5,0,1,1,Active Paid,0,89.0
USR-004166,2025-05-17,2026-09-25,Team,Organic Search,United States,11,11,8,4,8,12.1,0,1,1,Active Paid,0,89.0
USR-004167,2025-10-20,2026-09-19,Team,Paid Search,Other,4,4,2,2,3,16.0,0,1,1,Active Paid,0,89.0
USR-004168,2026-05-09,2026-07-27,Free,Content,United States,3,3,3,0,0,15.9,0,1,1,Churned,1,0.0
USR-004169,2025-09-18,2026-09-22,Team,Paid Search,United States,8,6,2,1,2,17.8,0,1,1,Active Paid,0,89.0
USR-004170,2025-05-21,2026-07-29,Free,Organic Search,United States,7,7,7,1,2,18.6,0,1,1,Churned,1,0.0
USR-004171,2025-12-23,2026-09-28,Pro,Referral,Other,7,7,5,4,1,20.1,0,1,1,Active Paid,0,29.0
USR-004172,2026-03-11,2026-09-23,Free,Organic Search,United States,12,12,7,3,2,9.6,1,0,1,Free,0,0.0
USR-004173,2025-09-18,2026-09-27,Pro,Social,Australia,4,4,1,1,0,19.9,2,0,1,Active Paid,0,29.0
USR-004174,2026-01-05,2026-09-20,Pro,Organic Search,Germany,7,5,4,1,0,5.7,0,1,1,Active Paid,0,29.0
USR-004175,2025-12-03,2026-09-23,Pro,Social,Canada,3,3,0,0,0,16.6,0,1,1,Active Paid,0,29.0
USR-004176,2026-01-09,2026-09-24,Free,Paid Search,United Kingdom,7,7,6,1,1,19.4,0,1,1,Free,0,0.0
USR-004177,2026-02-11,2026-09-17,Free,Content,United States,3,3,1,1,0,11.0,0,0,1,Free,0,0.0
USR-004178,2025-04-21,2026-09-21,Free,Referral,France,7,5,2,1,0,20.2,0,1,1,Free,0,0.0
USR-004179,2025-10-21,2026-09-08,Free,Organic Search,United Kingdom,1,1,0,0,0,9.9,0,0,0,Churned,1,0.0
USR-004180,2025-10-17,2026-08-29,Pro,Content,Canada,9,9,5,4,0,17.1,0,1,1,Churned,1,0.0
USR-004181,2025-06-06,2026-09-24,Free,Content,United States,5,5,3,0,1,18.0,0,1,1,Free,0,0.0
USR-004182,2025-12-31,2026-08-22,Free,Referral,Australia,3,3,1,0,0,14.2,0,1,1,Churned,1,0.0
USR-004183,2026-07-05,2026-07-14,Free,Partnership,France,1,1,0,0,0,9.5,0,1,0,Churned,1,0.0
USR-004184,2025-01-14,2026-09-28,Free,Content,Canada,3,3,3,1,1,13.7,0,1,0,Free,0,0.0
USR-004185,2026-08-07,2026-09-23,Pro,Organic Search,Canada,12,12,11,9,5,18.9,0,1,1,Active Paid,0,29.0
USR-004186,2025-08-03,2026-07-03,Free,Paid Search,United Kingdom,6,6,3,0,4,12.0,0,1,0,Churned,1,0.0
USR-004187,2026-03-09,2026-08-07,Free,Paid Search,United Kingdom,0,0,0,0,0,0.0,0,0,1,Churned,1,0.0
USR-004188,2026-04-16,2026-09-23,Free,Social,United States,3,3,0,0,0,8.8,0,1,0,Free,0,0.0
USR-004189,2026-08-17,2026-08-17,Free,Partnership,France,3,3,1,0,1,11.0,1,0,0,Churned,1,0.0
USR-004190,2024-12-11,2026-09-26,Pro,Social,United States,7,7,3,3,0,12.6,0,0,1,Active Paid,0,29.0
USR-004191,2025-11-13,2026-08-16,Free,Paid Search,United States,0,0,0,0,0,0.0,0,1,1,Churned,1,0.0
USR-004192,2026-01-14,2026-09-21,Free,Partnership,United States,0,0,0,0,0,0.0,1,1,1,Free,0,0.0
USR-004193,2025-04-04,2026-09-24,Pro,Referral,United States,9,9,8,5,2,20.0,0,1,1,Active Paid,0,29.0
USR-004194,2026-08-19,2026-09-22,Free,Paid Search,Germany,8,7,3,1,1,18.1,0,0,0,Free,0,0.0
USR-004195,2025-08-08,2026-09-08,Pro,Content,France,0,0,0,0,0,0.0,0,0,1,Churned,1,0.0
USR-004196,2025-09-27,2026-07-14,Free,Paid Search,United Kingdom,0,0,0,0,0,0.0,0,0,0,Churned,1,0.0
USR-004197,2025-08-16,2026-09-25,Team,Social,United Kingdom,2,2,0,3,1,15.1,0,1,1,Active Paid,0,89.0
USR-004198,2026-06-19,2026-09-21,Free,Social,Germany,2,2,0,0,0,9.6,0,0,0,Free,0,0.0
USR-004199,2024-11-03,2026-09-24,Free,Partnership,Germany,10,10,12,1,4,22.3,0,1,1,Free,0,0.0
USR-004200,2026-03-29,2026-09-29,Team,Paid Search,Other,18,12,14,10,12,12.2,0,1,1,Active Paid,0,89.0
USR-004201,2025-05-18,2026-08-01,Pro,Paid Search,Australia,9,7,6,2,2,10.0,0,1,1,Churned,1,0.0
USR-004202,2025-03-30,2026-09-24,Pro,Referral,Australia,12,12,9,2,6,11.2,0,1,1,Active Paid,0,29.0
USR-004203,2026-01-13,2026-09-23,Team,Content,Other,9,8,7,10,7,17.6,0,1,1,Active Paid,0,89.0
USR-004204,2026-06-14,2026-09-19,Free,Organic Search,Other,11,11,8,3,4,16.4,0,1,1,Free,0,0.0
USR-004205,2026-02-15,2026-09-28,Pro,Organic Search,Canada,8,8,2,4,0,12.8,0,0,1,Active Paid,0,29.0
USR-004206,2025-02-16,2026-09-29,Pro,Partnership,Germany,12,12,14,7,3,15.6,0,1,1,Active Paid,0,29.0
USR-004207,2024-12-06,2026-09-22,Free,Referral,France,3,3,0,0,1,16.5,1,0,0,Free,0,0.0
USR-004208,2024-11-15,2026-09-22,Free,Paid Search,United States,4,4,5,0,0,12.4,1,1,1,Free,0,0.0
USR-004209,2026-04-07,2026-09-19,Free,Paid Search,United Kingdom,8,8,4,2,1,12.6,0,1,1,Free,0,0.0
USR-004210,2025-07-09,2026-09-24,Team,Social,Other,15,12,14,6,3,13.4,1,1,1,Active Paid,0,89.0
USR-004211,2026-05-31,2026-09-28,Free,Referral,Canada,5,5,0,1,1,17.8,0,1,0,Free,0,0.0
USR-004212,2025-04-26,2026-08-24,Free,Social,United States,6,5,1,1,2,13.0,0,0,0,Churned,1,0.0
USR-004213,2025-11-22,2026-09-25,Pro,Referral,United Kingdom,2,2,0,0,0,12.7,0,1,1,Active Paid,0,29.0
USR-004214,2025-04-23,2026-07-04,Pro,Organic Search,United States,11,11,5,9,3,15.0,0,1,1,Churned,1,0.0
USR-004215,2025-05-14,2026-09-25,Free,Content,United Kingdom,10,10,8,1,2,10.7,1,1,0,Free,0,0.0
USR-004216,2024-10-06,2026-09-21,Pro,Organic Search,Canada,7,6,2,0,0,4.7,0,1,1,Active Paid,0,29.0
USR-004217,2025-10-01,2026-09-24,Free,Content,Canada,7,7,10,0,2,12.8,1,1,1,Free,0,0.0
USR-004218,2026-01-14,2026-09-25,Pro,Organic Search,Canada,8,8,5,2,0,16.8,1,0,1,Active Paid,0,29.0
USR-004219,2025-09-04,2026-07-13,Free,Organic Search,United States,7,7,6,3,0,13.0,0,1,0,Churned,1,0.0
USR-004220,2026-05-22,2026-09-22,Free,Organic Search,United Kingdom,1,1,0,1,0,10.1,1,1,1,Free,0,0.0
USR-004221,2026-06-28,2026-08-25,Pro,Organic Search,United States,4,4,1,0,1,10.2,2,1,1,Churned,1,0.0
USR-004222,2025-09-09,2026-09-17,Free,Paid Search,United Kingdom,7,7,4,1,0,9.8,0,0,0,Free,0,0.0
USR-004223,2025-02-02,2026-09-19,Free,Referral,Germany,3,3,1,1,0,17.2,0,1,0,Free,0,0.0
USR-004224,2025-08-30,2026-09-20,Free,Content,United States,1,1,0,0,0,8.2,0,1,0,Free,0,0.0
USR-004225,2025-03-05,2026-09-22,Pro,Social,Other,10,8,5,4,3,13.2,2,0,1,Active Paid,0,29.0
USR-004226,2026-05-11,2026-09-23,Team,Social,Germany,12,12,10,1,13,12.6,1,1,1,Active Paid,0,89.0
USR-004227,2025-10-29,2026-09-27,Pro,Paid Search,United States,13,13,11,4,1,22.7,0,1,1,Active Paid,0,29.0
USR-004228,2025-07-04,2026-09-24,Team,Content,United Kingdom,10,10,10,3,3,17.0,0,1,1,Active Paid,0,89.0
USR-004229,2026-01-10,2026-09-19,Team,Organic Search,United States,7,7,4,4,4,10.1,2,1,1,Active Paid,0,89.0
USR-004230,2026-09-05,2026-09-21,Free,Paid Search,United States,7,7,0,2,0,8.6,0,0,1,Free,0,0.0
USR-004231,2026-07-25,2026-09-24,Free,Organic Search,Other,8,8,0,2,0,14.0,0,1,0,Free,0,0.0
USR-004232,2024-11-21,2026-09-25,Team,Organic Search,France,7,7,9,2,3,21.3,1,1,1,Active Paid,0,89.0
USR-004233,2025-07-10,2026-09-25,Team,Social,Australia,8,8,2,3,5,15.1,0,1,1,Active Paid,0,89.0
USR-004234,2026-03-10,2026-09-22,Team,Organic Search,Germany,12,12,8,7,9,20.0,1,1,1,Active Paid,0,89.0
USR-004235,2026-03-14,2026-09-24,Pro,Organic Search,Other,5,5,4,0,0,17.2,0,1,1,Active Paid,0,29.0
USR-004236,2026-08-18,2026-08-20,Free,Content,Other,4,4,1,2,0,19.0,0,1,1,Churned,1,0.0
USR-004237,2024-11-09,2026-09-28,Team,Organic Search,United States,15,15,19,7,13,15.6,1,1,1,Active Paid,0,89.0
USR-004238,2026-06-30,2026-09-23,Team,Social,United States,3,3,2,1,1,21.2,0,0,1,Active Paid,0,89.0
USR-004239,2025-03-21,2026-09-23,Pro,Paid Search,United Kingdom,0,0,1,0,1,0.0,0,1,1,Active Paid,0,29.0
USR-004240,2026-03-28,2026-09-26,Pro,Content,United Kingdom,9,9,7,5,1,14.4,0,1,1,Active Paid,0,29.0
USR-004241,2026-01-19,2026-09-20,Pro,Referral,Canada,11,11,9,3,6,22.4,0,1,1,Active Paid,0,29.0
USR-004242,2026-03-04,2026-09-22,Team,Organic Search,United States,8,8,5,1,5,14.1,0,1,1,Active Paid,0,89.0
USR-004243,2025-02-03,2026-09-14,Free,Content,Australia,2,2,2,0,0,12.8,0,0,0,Churned,1,0.0
USR-004244,2026-08-23,2026-09-23,Pro,Paid Search,United States,1,1,0,0,0,14.3,1,0,1,Active Paid,0,29.0
USR-004245,2026-01-07,2026-09-18,Free,Paid Search,Australia,4,4,3,1,1,9.7,0,1,0,Free,0,0.0
USR-004246,2026-02-28,2026-09-24,Free,Referral,United Kingdom,8,8,4,3,1,22.9,0,1,0,Free,0,0.0
USR-004247,2026-03-04,2026-09-26,Free,Referral,United States,1,1,0,0,0,13.2,0,1,1,Free,0,0.0
USR-004248,2026-05-01,2026-09-25,Free,Paid Search,Other,4,4,1,3,0,12.4,1,0,1,Free,0,0.0
USR-004249,2024-12-02,2026-08-10,Free,Paid Search,United Kingdom,10,6,1,2,2,17.8,1,0,0,Churned,1,0.0
USR-004250,2025-12-19,2026-09-25,Team,Organic Search,France,13,13,16,2,10,19.7,0,1,1,Active Paid,0,89.0
USR-004251,2025-11-20,2026-08-19,Free,Social,Other,4,4,1,0,0,13.9,0,1,0,Churned,1,0.0
USR-004252,2025-12-14,2026-09-21,Team,Partnership,United States,15,13,5,10,15,19.5,0,1,1,Active Paid,0,89.0
USR-004253,2024-10-15,2026-09-25,Free,Paid Search,United States,1,1,1,1,0,17.3,0,0,0,Free,0,0.0
USR-004254,2026-01-16,2026-07-13,Free,Partnership,United States,11,11,10,3,2,17.6,1,1,0,Churned,1,0.0
USR-004255,2026-01-14,2026-09-24,Pro,Organic Search,United States,12,12,10,4,0,17.7,0,1,1,Active Paid,0,29.0
USR-004256,2026-01-24,2026-08-01,Pro,Content,Other,5,5,6,3,1,20.9,1,1,1,Churned,1,0.0
USR-004257,2026-01-25,2026-09-21,Free,Partnership,Australia,0,0,0,0,0,0.0,0,1,1,Free,0,0.0
USR-004258,2026-07-13,2026-09-21,Pro,Referral,United Kingdom,5,5,3,2,2,10.5,1,1,1,Active Paid,0,29.0
USR-004259,2025-07-10,2026-09-22,Pro,Organic Search,France,16,12,11,8,5,16.8,0,1,1,Active Paid,0,29.0
USR-004260,2026-08-28,2026-09-21,Pro,Paid Search,Other,12,12,12,7,4,17.8,1,1,1,Active Paid,0,29.0
USR-004261,2026-04-07,2026-09-25,Team,Organic Search,United States,7,7,2,4,2,21.4,0,1,1,Active Paid,0,89.0
USR-004262,2026-04-24,2026-09-22,Pro,Social,United States,8,8,13,5,2,14.7,0,1,1,Active Paid,0,29.0
USR-004263,2026-02-19,2026-07-11,Pro,Partnership,Australia,2,2,1,0,1,9.5,0,0,1,Churned,1,0.0
USR-004264,2025-03-23,2026-08-06,Free,Paid Search,France,4,4,1,0,1,17.6,1,0,0,Churned,1,0.0
USR-004265,2025-07-14,2026-09-20,Free,Organic Search,United States,6,6,1,0,1,18.5,0,1,0,Free,0,0.0
USR-004266,2024-10-07,2026-09-21,Free,Paid Search,Canada,6,6,0,1,0,6.3,0,0,0,Free,0,0.0
USR-004267,2026-01-07,2026-08-05,Pro,Social,United States,7,7,3,2,1,21.4,0,0,1,Churned,1,0.0
USR-004268,2024-11-21,2026-08-09,Pro,Social,Germany,2,2,0,0,1,11.4,1,0,1,Churned,1,0.0
USR-004269,2026-08-14,2026-09-21,Free,Organic Search,Germany,3,3,4,1,1,6.9,0,1,0,Free,0,0.0
USR-004270,2025-09-20,2026-09-21,Pro,Referral,United States,14,10,12,8,2,11.6,0,1,1,Active Paid,0,29.0
USR-004271,2025-02-21,2026-08-12,Free,Organic Search,Australia,3,3,0,1,0,14.1,1,1,1,Churned,1,0.0
USR-004272,2025-08-31,2026-09-20,Free,Referral,Canada,11,11,6,2,2,14.6,0,0,1,Free,0,0.0
USR-004273,2024-11-17,2026-09-23,Team,Paid Search,France,7,7,4,2,6,16.2,0,1,1,Active Paid,0,89.0
USR-004274,2026-02-03,2026-09-20,Free,Organic Search,Germany,0,0,0,0,0,0.0,0,0,0,Free,0,0.0
USR-004275,2026-08-23,2026-09-22,Free,Referral,United Kingdom,7,7,4,1,2,10.9,0,1,1,Free,0,0.0
USR-004276,2025-03-11,2026-09-25,Free,Referral,United States,3,3,4,0,1,19.4,1,1,0,Free,0,0.0
USR-004277,2026-07-29,2026-09-20,Free,Paid Search,United States,4,4,0,0,0,7.3,0,0,0,Free,0,0.0
USR-004278,2025-03-18,2026-09-26,Pro,Content,France,7,7,9,4,2,21.2,1,0,1,Active Paid,0,29.0
USR-004279,2025-04-09,2026-09-22,Team,Social,Germany,10,10,4,6,5,18.2,0,0,1,Active Paid,0,89.0
USR-004280,2025-01-20,2026-09-23,Pro,Paid Search,United States,7,7,0,0,1,12.1,1,1,1,Active Paid,0,29.0
USR-004281,2025-10-08,2026-09-27,Pro,Partnership,Other,9,5,5,2,2,12.2,0,0,1,Active Paid,0,29.0
USR-004282,2024-12-14,2026-09-25,Free,Partnership,Australia,7,7,1,2,3,8.3,1,0,0,Free,0,0.0
USR-004283,2026-05-17,2026-09-14,Pro,Organic Search,United States,7,3,1,2,2,17.4,0,0,1,Active Paid,0,29.0
USR-004284,2025-11-09,2026-09-23,Free,Partnership,United States,3,3,2,0,0,13.9,0,1,1,Free,0,0.0
USR-004285,2026-06-20,2026-08-18,Free,Referral,Canada,7,7,1,0,0,15.9,0,0,1,Churned,1,0.0
USR-004286,2025-03-16,2026-08-06,Pro,Organic Search,United States,6,6,4,2,3,11.9,1,1,1,Churned,1,0.0
USR-004287,2025-04-23,2026-09-04,Free,Social,Other,6,6,2,0,1,13.3,0,1,0,Churned,1,0.0
USR-004288,2025-02-16,2026-09-26,Free,Organic Search,Germany,4,4,2,0,0,8.2,0,1,0,Free,0,0.0
USR-004289,2025-03-18,2026-09-23,Free,Social,United States,6,3,3,1,0,9.6,0,1,1,Free,0,0.0
USR-004290,2026-02-07,2026-09-24,Pro,Partnership,United Kingdom,8,8,9,5,2,19.9,0,0,1,Active Paid,0,29.0
USR-004291,2026-07-29,2026-09-21,Free,Paid Search,United States,5,5,2,2,0,14.1,0,0,0,Free,0,0.0
USR-004292,2024-11-20,2026-07-26,Free,Social,Canada,6,6,1,1,2,12.5,0,1,0,Churned,1,0.0
USR-004293,2025-09-28,2026-09-23,Pro,Organic Search,United States,5,5,1,1,0,8.5,1,0,1,Active Paid,0,29.0
USR-004294,2026-07-10,2026-09-22,Free,Social,Australia,6,6,5,0,1,11.2,1,1,0,Free,0,0.0
USR-004295,2024-11-22,2026-08-06,Team,Content,France,12,12,14,4,4,10.5,0,1,1,Churned,1,0.0
USR-004296,2024-10-05,2026-09-26,Free,Organic Search,Other,12,12,6,4,7,16.3,0,1,1,Free,0,0.0
USR-004297,2025-11-01,2026-09-23,Pro,Social,United States,2,2,0,0,0,11.0,0,1,1,Active Paid,0,29.0
USR-004298,2025-03-14,2026-09-27,Team,Paid Search,United Kingdom,5,5,6,2,5,18.0,0,1,1,Active Paid,0,89.0
USR-004299,2026-08-21,2026-09-25,Free,Referral,Australia,1,1,0,1,0,18.2,0,0,1,Free,0,0.0
USR-004300,2026-07-11,2026-09-25,Pro,Referral,United Kingdom,6,6,5,2,0,22.2,0,1,1,Active Paid,0,29.0
USR-004301,2026-03-02,2026-09-23,Free,Referral,United Kingdom,5,5,2,0,1,15.8,0,1,0,Free,0,0.0
USR-004302,2025-06-03,2026-09-21,Pro,Paid Search,Other,14,14,7,6,1,11.5,0,1,1,Active Paid,0,29.0
USR-004303,2026-06-12,2026-07-23,Team,Social,Australia,8,8,7,4,5,10.8,0,0,1,Churned,1,0.0
USR-004304,2026-08-22,2026-09-24,Pro,Referral,Other,6,6,5,2,0,11.4,0,1,1,Active Paid,0,29.0
USR-004305,2025-05-25,2026-08-12,Team,Referral,United Kingdom,10,9,8,3,7,18.9,0,1,1,Churned,1,0.0
USR-004306,2025-03-14,2026-09-23,Pro,Social,Germany,6,6,5,1,1,19.0,0,1,1,Active Paid,0,29.0
USR-004307,2025-04-05,2026-09-24,Pro,Content,United Kingdom,8,8,9,2,2,18.5,0,1,1,Active Paid,0,29.0
USR-004308,2025-02-21,2026-09-23,Free,Organic Search,United Kingdom,5,2,1,0,3,20.2,0,1,0,Free,0,0.0
USR-004309,2025-02-18,2026-09-24,Pro,Organic Search,United States,5,5,2,3,0,16.5,1,1,1,Active Paid,0,29.0
USR-004310,2025-07-12,2026-09-22,Team,Partnership,Other,10,10,9,1,7,15.6,1,1,1,Active Paid,0,89.0
USR-004311,2025-09-09,2026-09-20,Pro,Organic Search,United Kingdom,8,8,5,3,0,14.9,1,1,1,Active Paid,0,29.0
USR-004312,2025-01-11,2026-09-26,Free,Content,Germany,7,7,4,0,2,7.2,0,1,0,Free,0,0.0
USR-004313,2026-01-10,2026-08-23,Free,Social,Other,1,1,1,0,0,9.8,1,0,0,Churned,1,0.0
USR-004314,2026-07-08,2026-09-21,Pro,Content,Australia,14,14,17,7,3,18.2,0,1,1,Active Paid,0,29.0
USR-004315,2025-03-27,2026-09-25,Team,Social,United States,9,8,9,2,4,11.5,0,1,1,Active Paid,0,89.0
USR-004316,2026-03-02,2026-07-18,Free,Content,Germany,9,9,8,2,1,21.7,0,1,0,Churned,1,0.0
USR-004317,2024-10-16,2026-09-23,Free,Referral,Canada,9,1,1,0,2,6.7,1,0,0,Free,0,0.0
USR-004318,2025-11-23,2026-07-22,Free,Social,United States,3,3,3,0,0,9.8,0,0,0,Churned,1,0.0
USR-004319,2025-01-14,2026-09-25,Free,Paid Search,United States,3,3,2,0,0,6.5,0,0,0,Free,0,0.0
USR-004320,2026-08-16,2026-09-26,Team,Organic Search,Germany,15,13,13,8,18,18.0,0,1,1,Active Paid,0,89.0
USR-004321,2025-06-01,2026-09-22,Free,Paid Search,Australia,6,6,0,1,1,18.2,1,0,0,Free,0,0.0
USR-004322,2025-10-30,2026-09-15,Free,Partnership,Other,4,4,1,0,1,12.6,0,0,0,Free,0,0.0
USR-004323,2025-10-20,2026-09-24,Free,Paid Search,United Kingdom,8,8,5,1,0,19.2,0,1,1,Free,0,0.0
USR-004324,2026-03-10,2026-09-10,Free,Referral,United Kingdom,8,7,3,1,2,9.8,0,1,0,Churned,1,0.0
USR-004325,2024-10-21,2026-09-25,Team,Social,United States,16,16,12,9,9,20.6,0,1,1,Active Paid,0,89.0
USR-004326,2025-12-09,2026-07-29,Free,Paid Search,Other,3,3,0,1,0,9.1,0,0,0,Churned,1,0.0
USR-004327,2025-01-15,2026-09-25,Free,Partnership,Other,5,5,3,0,0,9.2,0,1,1,Free,0,0.0
USR-004328,2025-11-16,2026-09-22,Free,Organic Search,Other,7,7,5,0,1,15.3,2,1,1,Free,0,0.0
USR-004329,2026-08-12,2026-08-28,Team,Social,Canada,0,0,0,0,0,0.0,0,1,1,Churned,1,0.0
USR-004330,2024-12-26,2026-09-26,Team,Social,United States,14,11,8,13,12,16.5,0,1,1,Active Paid,0,89.0
USR-004331,2026-05-06,2026-09-21,Free,Organic Search,Germany,5,5,1,2,1,16.0,0,1,0,Free,0,0.0
USR-004332,2026-03-06,2026-09-21,Pro,Organic Search,United Kingdom,10,10,6,1,3,6.9,0,1,1,Active Paid,0,29.0
USR-004333,2025-01-08,2026-09-17,Free,Referral,United Kingdom,7,7,2,1,0,9.7,0,1,0,Free,0,0.0
USR-004334,2024-12-15,2026-09-24,Pro,Organic Search,United States,11,11,6,8,2,24.8,0,1,1,Active Paid,0,29.0
USR-004335,2024-11-29,2026-09-23,Free,Content,United States,0,0,0,0,0,0.0,0,0,0,Free,0,0.0
USR-004336,2025-11-15,2026-09-24,Pro,Referral,United Kingdom,5,5,2,2,1,12.6,0,1,1,Active Paid,0,29.0
USR-004337,2025-03-23,2026-09-26,Team,Organic Search,Other,15,15,12,7,6,20.4,0,1,1,Active Paid,0,89.0
USR-004338,2026-01-24,2026-09-25,Free,Paid Search,France,4,4,3,1,0,11.6,1,1,0,Free,0,0.0
USR-004339,2025-04-04,2026-09-24,Free,Organic Search,Australia,12,6,1,1,1,18.5,0,1,0,Free,0,0.0
USR-004340,2025-09-21,2026-08-02,Free,Content,United States,2,2,1,1,0,12.7,0,0,1,Churned,1,0.0
USR-004341,2026-08-09,2026-09-09,Free,Social,France,1,1,0,0,0,8.2,0,0,0,Churned,1,0.0
USR-004342,2025-11-21,2026-09-19,Free,Organic Search,United Kingdom,9,3,6,0,1,17.9,0,1,1,Free,0,0.0
USR-004343,2025-10-16,2026-09-12,Free,Social,United States,0,0,0,0,0,0.0,0,1,0,Free,0,0.0
USR-004344,2026-03-15,2026-09-22,Team,Social,United Kingdom,7,7,0,3,4,14.7,0,1,1,Active Paid,0,89.0
USR-004345,2025-12-22,2026-09-02,Free,Referral,United States,5,5,5,1,1,21.8,0,1,1,Churned,1,0.0
USR-004346,2025-09-21,2026-09-26,Pro,Organic Search,Other,8,8,4,1,3,19.9,0,1,1,Active Paid,0,29.0
USR-004347,2026-08-11,2026-09-20,Free,Organic Search,Other,3,3,0,0,1,9.6,0,1,0,Free,0,0.0
USR-004348,2026-05-30,2026-09-25,Free,Paid Search,United States,7,7,0,1,0,8.9,0,1,1,Free,0,0.0
USR-004349,2025-03-16,2026-07-14,Free,Referral,Germany,11,6,5,4,0,15.1,1,1,0,Churned,1,0.0
USR-004350,2026-01-07,2026-09-27,Team,Referral,United Kingdom,12,12,12,7,5,10.3,1,0,1,Active Paid,0,89.0
USR-004351,2025-07-08,2026-09-27,Free,Paid Search,United States,7,7,2,0,1,13.0,0,1,0,Free,0,0.0
USR-004352,2025-08-07,2026-07-30,Free,Organic Search,Germany,0,0,0,1,0,0.0,1,0,0,Churned,1,0.0
USR-004353,2025-08-17,2026-09-26,Pro,Referral,Australia,13,8,7,7,3,12.5,0,0,1,Active Paid,0,29.0
USR-004354,2025-11-24,2026-09-26,Pro,Organic Search,Australia,9,9,12,4,0,17.1,2,1,1,Active Paid,0,29.0
USR-004355,2025-10-05,2026-07-04,Pro,Social,United States,0,0,0,0,0,0.0,0,0,1,Churned,1,0.0
USR-004356,2025-02-03,2026-09-22,Free,Paid Search,Canada,7,4,2,0,1,6.0,0,1,0,Free,0,0.0
USR-004357,2024-10-25,2026-09-17,Free,Organic Search,United States,10,8,5,2,0,11.2,0,1,0,Free,0,0.0
USR-004358,2026-03-16,2026-09-27,Pro,Social,United States,8,8,11,3,1,11.2,0,1,1,Active Paid,0,29.0
USR-004359,2025-05-25,2026-09-22,Pro,Organic Search,United States,3,3,3,1,0,13.5,0,1,1,Active Paid,0,29.0
USR-004360,2024-10-22,2026-09-22,Pro,Social,United States,1,1,0,0,0,6.2,1,1,1,Active Paid,0,29.0
USR-004361,2026-09-10,2026-09-10,Free,Organic Search,United Kingdom,8,8,5,1,2,21.1,0,1,0,Churned,1,0.0
USR-004362,2025-03-03,2026-09-23,Free,Paid Search,United Kingdom,5,5,1,0,0,17.0,0,0,0,Free,0,0.0
USR-004363,2025-09-25,2026-09-02,Team,Social,France,6,5,5,1,4,19.2,0,0,1,Churned,1,0.0
USR-004364,2024-10-24,2026-09-27,Pro,Organic Search,United Kingdom,12,11,10,9,3,15.3,0,1,1,Active Paid,0,29.0
USR-004365,2025-07-29,2026-09-25,Free,Social,United States,1,1,0,0,1,11.4,0,1,1,Free,0,0.0
USR-004366,2025-01-24,2026-08-15,Team,Referral,Other,7,7,4,2,0,15.2,2,1,1,Churned,1,0.0
USR-004367,2026-05-20,2026-09-21,Pro,Partnership,Other,12,10,11,4,2,19.1,1,0,1,Active Paid,0,29.0
USR-004368,2026-06-06,2026-09-16,Free,Organic Search,United States,0,0,0,0,0,0.0,0,1,0,Free,0,0.0
USR-004369,2024-11-22,2026-09-27,Free,Organic Search,United Kingdom,5,5,3,0,0,15.4,0,0,0,Free,0,0.0
USR-004370,2025-09-04,2026-08-31,Pro,Paid Search,United States,5,5,3,0,2,18.4,0,1,1,Churned,1,0.0
USR-004371,2025-08-12,2026-08-26,Free,Content,Other,5,5,1,2,0,12.6,0,1,1,Churned,1,0.0
USR-004372,2026-05-17,2026-09-23,Pro,Paid Search,United Kingdom,8,8,4,3,2,19.4,0,1,1,Active Paid,0,29.0
USR-004373,2026-04-06,2026-09-25,Pro,Paid Search,United States,4,4,3,1,2,11.9,0,1,1,Active Paid,0,29.0
USR-004374,2025-02-07,2026-09-28,Free,Referral,France,7,7,5,1,2,27.9,0,1,0,Free,0,0.0
USR-004375,2026-02-11,2026-09-25,Team,Organic Search,France,12,9,16,5,10,16.3,0,0,1,Active Paid,0,89.0
USR-004376,2025-07-25,2026-07-26,Free,Social,United States,0,0,0,1,0,0.0,0,1,0,Churned,1,0.0
USR-004377,2026-02-01,2026-08-27,Free,Social,United Kingdom,0,0,0,0,0,0.0,2,1,0,Churned,1,0.0
USR-004378,2026-03-11,2026-09-24,Pro,Referral,United Kingdom,10,8,7,5,1,25.6,0,1,1,Active Paid,0,29.0
USR-004379,2026-05-20,2026-09-24,Pro,Referral,United States,14,14,14,6,8,23.9,0,1,1,Active Paid,0,29.0
USR-004380,2024-11-20,2026-07-03,Free,Paid Search,United States,9,5,3,2,1,9.4,0,0,0,Churned,1,0.0
USR-004381,2024-11-12,2026-09-27,Pro,Referral,Australia,12,12,7,4,4,21.0,1,1,1,Active Paid,0,29.0
USR-004382,2026-06-25,2026-09-25,Team,Social,France,6,6,2,1,3,6.2,0,0,1,Active Paid,0,89.0
USR-004383,2026-01-06,2026-09-19,Pro,Organic Search,France,8,8,3,4,1,11.4,0,1,1,Active Paid,0,29.0
USR-004384,2025-08-08,2026-09-06,Pro,Content,France,11,11,9,8,2,14.0,0,1,1,Churned,1,0.0
USR-004385,2025-12-15,2026-09-24,Free,Referral,Canada,6,6,5,0,0,12.7,1,1,1,Free,0,0.0
USR-004386,2025-04-18,2026-07-21,Free,Partnership,United Kingdom,6,6,3,2,0,19.5,0,1,0,Churned,1,0.0
USR-004387,2026-03-13,2026-09-23,Free,Referral,France,7,7,5,1,0,21.3,1,1,0,Free,0,0.0
USR-004388,2026-08-04,2026-09-22,Free,Organic Search,United States,7,7,1,1,1,19.2,1,1,1,Free,0,0.0
USR-004389,2026-01-18,2026-09-23,Pro,Paid Search,United States,9,9,5,0,0,13.8,1,1,1,Active Paid,0,29.0
USR-004390,2025-07-15,2026-08-22,Free,Paid Search,United States,1,1,0,0,0,3.4,0,0,0,Churned,1,0.0
USR-004391,2026-05-09,2026-08-28,Free,Organic Search,France,4,4,3,0,0,16.4,1,0,1,Churned,1,0.0
USR-004392,2025-02-09,2026-09-22,Free,Paid Search,Germany,7,6,4,1,0,14.1,1,1,1,Free,0,0.0
USR-004393,2026-09-07,2026-09-24,Free,Paid Search,United Kingdom,10,8,7,1,1,5.5,0,0,0,Free,0,0.0
USR-004394,2026-07-29,2026-09-25,Free,Organic Search,Canada,7,7,3,0,1,13.2,0,0,0,Free,0,0.0
USR-004395,2025-09-17,2026-09-03,Pro,Content,Australia,9,9,7,6,2,11.7,2,1,1,Churned,1,0.0
USR-004396,2025-09-14,2026-09-20,Pro,Organic Search,United States,1,1,2,0,1,4.7,1,0,1,Active Paid,0,29.0
USR-004397,2026-02-17,2026-09-25,Free,Social,United Kingdom,11,8,9,4,3,16.8,0,0,1,Free,0,0.0
USR-004398,2026-03-15,2026-09-24,Free,Content,Australia,8,8,7,2,0,13.0,0,1,0,Free,0,0.0
USR-004399,2026-07-28,2026-07-28,Pro,Social,Germany,0,0,0,0,0,0.0,0,0,1,Churned,1,0.0
USR-004400,2025-05-30,2026-09-24,Free,Organic Search,United Kingdom,12,12,10,3,3,16.9,0,1,0,Free,0,0.0
USR-004401,2025-12-18,2026-09-26,Free,Social,United States,5,5,1,0,1,4.6,0,1,0,Free,0,0.0
USR-004402,2026-06-23,2026-09-28,Free,Referral,Other,0,0,0,0,0,0.0,0,1,0,Free,0,0.0
USR-004403,2025-12-04,2026-09-26,Pro,Content,United Kingdom,8,8,6,3,3,16.8,0,1,1,Active Paid,0,29.0
USR-004404,2024-11-15,2026-09-26,Team,Paid Search,Other,9,9,3,2,3,19.1,0,1,1,Active Paid,0,89.0
USR-004405,2026-03-13,2026-09-26,Pro,Organic Search,Australia,9,9,5,0,1,21.5,1,1,1,Active Paid,0,29.0
USR-004406,2024-12-15,2026-09-22,Team,Social,Other,14,6,6,1,4,14.1,1,0,1,Active Paid,0,89.0
USR-004407,2026-03-14,2026-09-25,Team,Organic Search,United States,11,9,8,3,11,18.7,0,0,1,Active Paid,0,89.0
USR-004408,2026-05-06,2026-09-21,Free,Content,Canada,0,0,0,0,0,0.0,0,1,1,Free,0,0.0
USR-004409,2026-03-13,2026-09-24,Free,Referral,United States,9,8,6,3,1,19.6,0,1,0,Free,0,0.0
USR-004410,2026-01-27,2026-09-25,Free,Referral,United States,6,6,3,1,0,9.7,0,1,1,Free,0,0.0
USR-004411,2026-06-21,2026-08-19,Free,Partnership,United States,2,2,0,0,1,7.6,0,1,1,Churned,1,0.0
USR-004412,2025-07-22,2026-09-21,Free,Social,United Kingdom,5,5,4,0,1,13.8,1,1,0,Free,0,0.0
USR-004413,2026-01-20,2026-09-23,Free,Content,United Kingdom,11,6,5,2,1,13.8,1,0,0,Free,0,0.0
USR-004414,2025-04-20,2026-09-26,Free,Referral,Germany,13,13,12,6,7,14.5,1,1,1,Free,0,0.0
USR-004415,2025-09-29,2026-09-22,Free,Organic Search,United States,5,4,0,0,0,7.7,0,1,0,Free,0,0.0
USR-004416,2025-11-03,2026-09-19,Pro,Content,United States,8,8,4,2,1,13.7,0,1,1,Active Paid,0,29.0
USR-004417,2025-10-14,2026-07-07,Pro,Referral,United Kingdom,18,12,16,13,3,15.5,0,1,1,Churned,1,0.0
USR-004418,2026-05-27,2026-09-25,Team,Partnership,France,10,10,12,5,7,20.9,0,1,1,Active Paid,0,89.0
USR-004419,2025-04-24,2026-09-29,Free,Organic Search,United States,11,11,7,2,3,7.7,0,1,1,Free,0,0.0
USR-004420,2026-07-03,2026-08-06,Free,Paid Search,France,2,2,1,1,0,23.2,0,1,1,Churned,1,0.0
USR-004421,2025-04-18,2026-07-21,Team,Content,United Kingdom,9,9,5,8,3,12.5,0,0,1,Churned,1,0.0
USR-004422,2024-10-01,2026-09-24,Pro,Organic Search,Germany,0,0,0,0,0,0.0,1,1,1,Active Paid,0,29.0
USR-004423,2025-03-18,2026-09-21,Pro,Referral,Australia,11,11,11,4,1,11.9,0,1,1,Active Paid,0,29.0
USR-004424,2025-10-25,2026-08-20,Free,Social,Canada,0,0,0,0,0,0.0,0,1,0,Churned,1,0.0
USR-004425,2026-02-03,2026-09-24,Free,Organic Search,Germany,0,0,1,0,0,0.0,0,1,0,Free,0,0.0
USR-004426,2024-12-31,2026-09-22,Team,Organic Search,Other,13,11,12,6,6,16.2,0,1,1,Active Paid,0,89.0
USR-004427,2026-03-16,2026-07-31,Pro,Content,United States,5,5,2,2,2,13.8,0,0,1,Churned,1,0.0
USR-004428,2025-10-06,2026-09-28,Pro,Organic Search,United Kingdom,14,14,14,11,1,20.3,1,0,1,Active Paid,0,29.0
USR-004429,2025-03-13,2026-09-26,Free,Referral,Other,12,9,6,1,2,14.1,0,1,1,Free,0,0.0
USR-004430,2024-11-25,2026-07-16,Free,Referral,Australia,5,5,3,0,0,16.6,1,1,1,Churned,1,0.0
USR-004431,2024-11-26,2026-08-11,Free,Referral,Germany,11,7,5,0,0,20.6,1,1,0,Churned,1,0.0
USR-004432,2026-07-15,2026-09-22,Pro,Paid Search,United States,13,13,9,5,1,15.6,0,1,1,Active Paid,0,29.0
USR-004433,2024-12-12,2026-09-21,Free,Organic Search,United Kingdom,1,1,1,0,0,8.6,0,0,0,Free,0,0.0
USR-004434,2026-06-26,2026-09-18,Free,Content,Other,5,4,0,0,0,16.7,0,1,0,Free,0,0.0
USR-004435,2025-07-25,2026-09-14,Free,Organic Search,France,4,4,0,0,0,13.5,1,1,0,Free,0,0.0
USR-004436,2024-11-20,2026-09-19,Team,Paid Search,United States,7,7,8,5,4,15.6,1,1,1,Active Paid,0,89.0
USR-004437,2025-06-04,2026-09-28,Free,Partnership,United States,0,0,1,0,0,0.0,1,1,0,Free,0,0.0
USR-004438,2024-11-07,2026-09-18,Free,Paid Search,Australia,1,1,0,0,0,8.8,0,0,0,Free,0,0.0
USR-004439,2026-01-12,2026-09-25,Pro,Paid Search,Germany,11,11,8,2,4,21.6,1,1,1,Active Paid,0,29.0
USR-004440,2026-02-02,2026-09-25,Pro,Partnership,Other,8,3,4,1,0,17.5,0,0,1,Active Paid,0,29.0
USR-004441,2026-01-25,2026-09-27,Pro,Organic Search,United Kingdom,9,9,9,2,3,20.7,1,1,1,Active Paid,0,29.0
USR-004442,2026-01-05,2026-09-27,Pro,Organic Search,United Kingdom,10,10,3,3,3,15.9,1,0,1,Active Paid,0,29.0
USR-004443,2025-05-15,2026-08-20,Free,Paid Search,United States,5,5,3,1,2,5.8,0,1,0,Churned,1,0.0
USR-004444,2025-10-27,2026-09-21,Team,Content,Canada,6,6,2,4,5,19.1,0,1,1,Active Paid,0,89.0
USR-004445,2025-04-06,2026-09-22,Team,Content,United Kingdom,10,10,8,7,11,18.2,0,1,1,Active Paid,0,89.0
USR-004446,2025-11-22,2026-09-23,Free,Referral,United States,7,7,3,1,1,18.5,0,1,0,Free,0,0.0
USR-004447,2026-02-07,2026-09-09,Pro,Partnership,United Kingdom,3,3,2,0,0,8.9,0,0,1,Churned,1,0.0
USR-004448,2026-05-03,2026-09-18,Free,Organic Search,United States,5,5,1,0,2,10.8,0,0,0,Free,0,0.0
USR-004449,2025-08-17,2026-09-20,Free,Social,Australia,4,4,1,0,0,9.9,0,1,0,Free,0,0.0
USR-004450,2024-12-12,2026-09-23,Free,Organic Search,United States,7,7,3,0,0,6.6,1,1,0,Free,0,0.0
USR-004451,2025-01-09,2026-09-21,Free,Content,United Kingdom,0,0,1,0,0,0.0,0,1,1,Free,0,0.0
USR-004452,2026-03-18,2026-09-21,Team,Partnership,France,8,8,7,0,2,18.1,0,1,1,Active Paid,0,89.0
USR-004453,2025-10-09,2026-07-22,Free,Paid Search,United States,0,0,0,0,0,0.0,0,1,0,Churned,1,0.0
USR-004454,2025-04-29,2026-09-21,Pro,Content,Canada,6,6,5,5,1,22.0,1,1,1,Active Paid,0,29.0
USR-004455,2025-07-05,2026-09-25,Free,Referral,Other,7,7,2,2,1,7.7,0,1,1,Free,0,0.0
USR-004456,2026-07-29,2026-08-14,Free,Organic Search,Germany,7,2,0,1,1,12.2,1,0,0,Churned,1,0.0
USR-004457,2025-07-20,2026-09-26,Free,Social,Canada,6,6,3,1,0,10.9,0,1,1,Free,0,0.0
USR-004458,2026-08-19,2026-09-16,Free,Partnership,Australia,4,4,0,0,0,13.3,0,0,0,Free,0,0.0
USR-004459,2026-06-24,2026-09-20,Pro,Paid Search,Other,4,4,1,1,1,12.4,0,0,1,Active Paid,0,29.0
USR-004460,2025-06-05,2026-09-23,Team,Organic Search,Australia,5,5,4,2,4,13.3,2,1,1,Active Paid,0,89.0
USR-004461,2026-07-04,2026-09-23,Free,Partnership,United Kingdom,5,5,1,1,0,15.9,1,1,0,Free,0,0.0
USR-004462,2026-01-16,2026-09-19,Team,Paid Search,Germany,8,8,8,2,3,14.6,0,1,1,Active Paid,0,89.0
USR-004463,2025-07-22,2026-08-06,Pro,Paid Search,Canada,4,4,1,1,1,13.5,0,1,1,Churned,1,0.0
USR-004464,2025-06-04,2026-09-28,Pro,Referral,United States,12,12,9,6,4,18.5,1,1,1,Active Paid,0,29.0
USR-004465,2025-11-01,2026-09-21,Free,Social,United Kingdom,8,8,8,1,5,15.6,0,1,1,Free,0,0.0
USR-004466,2026-07-10,2026-07-27,Free,Paid Search,Australia,4,4,1,1,0,14.9,2,1,1,Churned,1,0.0
USR-004467,2025-02-21,2026-09-26,Pro,Organic Search,United States,6,6,2,1,0,21.0,0,1,1,Active Paid,0,29.0
USR-004468,2024-11-05,2026-09-28,Pro,Content,Other,1,1,0,0,1,17.1,0,1,1,Active Paid,0,29.0
USR-004469,2024-12-19,2026-09-26,Free,Social,Other,8,7,3,0,2,18.1,0,1,0,Free,0,0.0
USR-004470,2025-03-29,2026-09-27,Pro,Referral,United States,9,9,5,1,2,6.1,0,1,1,Active Paid,0,29.0
USR-004471,2025-12-02,2026-08-05,Free,Content,United States,7,5,2,0,2,15.9,0,1,1,Churned,1,0.0
USR-004472,2024-12-28,2026-09-20,Pro,Organic Search,Other,5,5,2,2,1,10.9,0,1,1,Active Paid,0,29.0
USR-004473,2025-10-01,2026-07-03,Free,Content,United States,3,2,0,0,1,10.5,0,1,0,Churned,1,0.0
USR-004474,2026-06-10,2026-09-28,Team,Referral,Australia,14,14,13,14,11,26.2,1,1,1,Active Paid,0,89.0
USR-004475,2025-01-15,2026-09-23,Free,Partnership,United States,1,1,0,0,0,7.1,0,1,0,Free,0,0.0
USR-004476,2026-01-30,2026-09-20,Free,Organic Search,United States,9,9,5,1,5,14.3,0,1,1,Free,0,0.0
USR-004477,2024-11-13,2026-09-27,Pro,Paid Search,United States,7,7,10,5,2,13.5,1,1,1,Active Paid,0,29.0
USR-004478,2025-12-26,2026-09-24,Free,Referral,United States,5,5,2,0,0,18.0,0,1,1,Free,0,0.0
USR-004479,2025-01-02,2026-09-27,Team,Partnership,Other,13,12,14,7,15,19.4,0,1,1,Active Paid,0,89.0
USR-004480,2025-08-27,2026-07-18,Pro,Partnership,United States,5,5,2,1,0,13.8,0,1,1,Churned,1,0.0
USR-004481,2025-10-16,2026-09-25,Free,Paid Search,United States,9,7,2,2,0,13.1,1,1,0,Free,0,0.0
USR-004482,2026-02-15,2026-09-20,Free,Social,France,8,5,4,1,0,14.8,0,1,0,Free,0,0.0
USR-004483,2025-01-26,2026-09-20,Team,Organic Search,Other,6,6,7,2,1,21.8,0,1,1,Active Paid,0,89.0
USR-004484,2026-08-03,2026-09-23,Pro,Referral,United Kingdom,10,10,11,4,2,19.1,1,1,1,Active Paid,0,29.0
USR-004485,2025-10-15,2026-09-26,Team,Content,Australia,11,11,4,4,6,17.8,0,1,1,Active Paid,0,89.0
USR-004486,2025-12-26,2026-09-23,Free,Content,United States,5,5,0,0,0,15.9,0,1,1,Free,0,0.0
USR-004487,2025-08-23,2026-09-26,Team,Paid Search,Australia,9,9,4,6,4,16.8,0,1,1,Active Paid,0,89.0
USR-004488,2026-03-17,2026-09-19,Free,Partnership,France,8,8,3,2,1,9.2,0,1,0,Free,0,0.0
USR-004489,2025-05-28,2026-09-30,Pro,Organic Search,Other,14,9,13,8,4,17.9,1,1,1,Active Paid,0,29.0
USR-004490,2025-12-14,2026-09-23,Free,Social,Germany,4,4,1,0,0,17.4,0,1,1,Free,0,0.0
USR-004491,2026-05-04,2026-09-23,Free,Social,Other,5,5,0,0,0,9.8,0,1,1,Free,0,0.0
USR-004492,2026-04-28,2026-08-08,Team,Social,United Kingdom,14,13,10,10,7,13.9,0,1,1,Churned,1,0.0
USR-004493,2025-05-05,2026-09-24,Team,Referral,France,14,13,13,6,9,21.8,0,1,1,Active Paid,0,89.0
USR-004494,2026-03-12,2026-09-26,Free,Social,France,5,5,2,1,1,18.9,1,1,1,Free,0,0.0
USR-004495,2026-02-08,2026-09-26,Team,Organic Search,United States,7,3,7,1,8,17.6,0,1,1,Active Paid,0,89.0
USR-004496,2025-06-24,2026-09-24,Free,Organic Search,Other,6,6,1,2,1,12.4,0,1,0,Free,0,0.0
USR-004497,2026-01-23,2026-09-16,Free,Social,Australia,5,5,1,0,2,16.5,0,1,1,Free,0,0.0
USR-004498,2025-12-12,2026-09-25,Free,Referral,Other,7,7,7,2,0,21.1,0,0,0,Free,0,0.0
USR-004499,2026-03-25,2026-09-11,Free,Social,United Kingdom,4,4,2,0,0,16.6,0,0,0,Churned,1,0.0
USR-004500,2026-01-12,2026-09-24,Free,Paid Search,Other,7,7,6,1,2,14.6,0,1,1,Free,0,0.0
USR-004501,2025-05-08,2026-09-24,Free,Organic Search,United Kingdom,5,5,4,0,0,14.3,0,1,1,Free,0,0.0
USR-004502,2025-08-30,2026-09-22,Free,Content,Other,5,5,2,0,0,20.2,0,1,1,Free,0,0.0
USR-004503,2024-10-02,2026-09-23,Pro,Social,United States,6,6,5,0,0,17.3,2,1,1,Active Paid,0,29.0
USR-004504,2025-03-13,2026-07-12,Pro,Social,Germany,7,7,4,3,0,15.7,1,1,1,Churned,1,0.0
USR-004505,2026-09-03,2026-09-25,Pro,Social,United States,6,6,7,2,0,18.7,1,1,1,Active Paid,0,29.0
USR-004506,2025-12-19,2026-09-17,Free,Paid Search,France,6,5,2,1,0,9.9,1,1,0,Free,0,0.0
USR-004507,2026-02-20,2026-09-26,Pro,Paid Search,United Kingdom,5,5,3,3,1,16.5,0,1,1,Active Paid,0,29.0
USR-004508,2025-07-22,2026-09-24,Free,Organic Search,Other,7,7,2,2,3,15.1,0,1,1,Free,0,0.0
USR-004509,2026-03-10,2026-09-26,Pro,Referral,Other,11,11,13,7,2,21.6,1,1,1,Active Paid,0,29.0
USR-004510,2024-10-25,2026-09-24,Pro,Paid Search,United Kingdom,5,5,2,0,0,13.1,1,0,1,Active Paid,0,29.0
USR-004511,2026-02-13,2026-09-25,Free,Paid Search,Australia,9,8,7,2,0,14.3,0,1,0,Free,0,0.0
USR-004512,2025-09-07,2026-09-01,Free,Partnership,France,6,6,6,2,1,15.7,0,0,0,Churned,1,0.0
USR-004513,2026-06-20,2026-09-24,Pro,Paid Search,United Kingdom,5,5,0,2,0,19.0,0,1,1,Active Paid,0,29.0
USR-004514,2024-12-04,2026-09-25,Team,Social,United Kingdom,7,7,9,4,2,21.7,0,1,1,Active Paid,0,89.0
USR-004515,2024-12-03,2026-09-29,Pro,Paid Search,United States,13,13,11,6,4,17.9,0,1,1,Active Paid,0,29.0
USR-004516,2025-02-25,2026-09-22,Team,Paid Search,United States,16,13,9,7,6,19.8,0,1,1,Active Paid,0,89.0
USR-004517,2026-01-07,2026-09-23,Team,Organic Search,Canada,13,11,8,1,3,16.2,1,0,1,Active Paid,0,89.0
USR-004518,2026-08-05,2026-09-24,Free,Content,Canada,15,5,7,1,0,15.1,0,0,0,Free,0,0.0
USR-004519,2025-04-25,2026-09-25,Pro,Social,United Kingdom,6,6,3,0,1,9.6,0,1,1,Active Paid,0,29.0
USR-004520,2025-11-13,2026-09-18,Free,Referral,Other,4,4,0,1,1,13.5,0,1,1,Free,0,0.0
USR-004521,2024-10-07,2026-09-23,Free,Partnership,United States,1,1,0,0,0,12.5,1,1,0,Free,0,0.0
USR-004522,2025-05-04,2026-09-21,Free,Organic Search,Other,5,5,2,1,0,18.0,0,0,0,Free,0,0.0
USR-004523,2025-08-26,2026-09-23,Team,Referral,Australia,13,9,16,6,13,23.3,0,1,1,Active Paid,0,89.0
USR-004524,2024-10-10,2026-09-23,Pro,Organic Search,France,13,8,5,2,1,16.8,1,1,1,Active Paid,0,29.0
USR-004525,2025-02-20,2026-08-17,Free,Social,Canada,0,0,0,0,0,0.0,1,1,0,Churned,1,0.0
USR-004526,2025-10-23,2026-09-29,Free,Content,United States,6,6,5,1,0,16.3,0,1,0,Free,0,0.0
USR-004527,2026-09-02,2026-09-28,Free,Organic Search,Other,5,5,3,1,0,12.1,0,1,0,Free,0,0.0
USR-004528,2026-07-11,2026-09-23,Pro,Partnership,France,0,0,0,0,0,0.0,0,0,1,Active Paid,0,29.0
USR-004529,2025-11-02,2026-09-19,Team,Social,Australia,15,9,4,5,6,12.5,0,1,1,Active Paid,0,89.0
USR-004530,2025-08-10,2026-08-28,Free,Paid Search,United States,3,3,0,0,0,12.8,1,1,1,Churned,1,0.0
USR-004531,2026-08-25,2026-09-22,Free,Organic Search,Canada,8,8,5,1,3,9.4,0,1,1,Free,0,0.0
USR-004532,2026-06-17,2026-09-27,Pro,Social,United Kingdom,9,9,7,4,1,16.2,0,1,1,Active Paid,0,29.0
USR-004533,2025-04-30,2026-07-09,Free,Social,Germany,7,7,2,3,1,11.9,0,1,0,Churned,1,0.0
USR-004534,2025-03-27,2026-09-23,Free,Organic Search,France,5,5,2,0,0,12.4,0,0,1,Free,0,0.0
USR-004535,2026-08-25,2026-09-25,Free,Social,United States,7,7,4,1,0,10.5,0,1,1,Free,0,0.0
USR-004536,2025-09-18,2026-07-16,Free,Organic Search,United States,0,0,0,0,0,0.0,0,0,0,Churned,1,0.0
USR-004537,2026-07-20,2026-09-21,Free,Partnership,United States,4,4,3,0,1,20.8,2,1,1,Free,0,0.0
USR-004538,2025-04-16,2026-09-24,Team,Paid Search,United States,9,9,2,4,5,14.3,0,0,1,Active Paid,0,89.0
USR-004539,2025-01-27,2026-09-21,Free,Social,United States,0,0,0,1,0,0.0,0,0,0,Free,0,0.0
USR-004540,2025-01-02,2026-09-24,Free,Content,United States,4,4,1,0,0,9.1,1,1,1,Free,0,0.0
USR-004541,2025-07-15,2026-09-30,Pro,Referral,United Kingdom,13,13,8,6,0,16.6,0,0,1,Active Paid,0,29.0
USR-004542,2025-06-23,2026-09-29,Team,Content,France,12,12,15,5,7,17.3,0,1,1,Active Paid,0,89.0
USR-004543,2024-11-22,2026-07-25,Free,Partnership,Australia,0,0,1,0,0,0.0,0,0,0,Churned,1,0.0
USR-004544,2025-07-05,2026-09-24,Free,Organic Search,United Kingdom,8,5,5,1,0,13.5,0,1,0,Free,0,0.0
USR-004545,2025-10-31,2026-09-25,Pro,Paid Search,United States,4,4,2,0,0,11.9,0,1,1,Active Paid,0,29.0
USR-004546,2025-03-25,2026-09-26,Free,Referral,France,9,9,10,0,2,21.6,1,1,0,Free,0,0.0
USR-004547,2025-07-20,2026-09-17,Pro,Organic Search,United Kingdom,9,9,1,4,1,10.0,0,0,1,Active Paid,0,29.0
USR-004548,2025-01-21,2026-09-14,Free,Referral,United States,6,6,0,0,0,6.2,0,0,0,Free,0,0.0
USR-004549,2025-09-05,2026-09-07,Free,Organic Search,Canada,5,5,3,0,0,18.1,0,1,1,Churned,1,0.0
USR-004550,2025-01-02,2026-08-09,Free,Content,Other,4,4,2,1,0,18.4,0,0,0,Churned,1,0.0
USR-004551,2026-08-14,2026-09-23,Pro,Referral,United Kingdom,7,7,4,0,2,19.9,0,1,1,Active Paid,0,29.0
USR-004552,2026-08-20,2026-09-24,Free,Social,Other,6,6,4,0,0,13.0,0,0,1,Free,0,0.0
USR-004553,2026-07-07,2026-09-20,Free,Paid Search,United States,5,5,5,2,2,10.0,0,1,0,Free,0,0.0
USR-004554,2025-08-14,2026-09-25,Free,Partnership,United States,3,3,2,0,1,18.1,1,1,0,Free,0,0.0
USR-004555,2025-04-27,2026-09-21,Pro,Referral,United States,4,4,4,1,1,13.0,1,1,1,Active Paid,0,29.0
USR-004556,2026-04-14,2026-09-01,Free,Content,Australia,2,2,1,0,0,4.2,0,0,0,Churned,1,0.0
USR-004557,2026-05-27,2026-09-28,Pro,Content,Canada,6,6,7,4,2,15.4,2,1,1,Active Paid,0,29.0
USR-004558,2025-01-08,2026-09-22,Pro,Organic Search,Germany,4,4,3,0,0,9.4,1,0,1,Active Paid,0,29.0
USR-004559,2025-03-28,2026-09-26,Free,Organic Search,Other,11,6,3,0,3,9.0,0,0,1,Free,0,0.0
USR-004560,2025-06-09,2026-08-31,Team,Organic Search,Canada,10,10,9,8,4,24.4,0,1,1,Churned,1,0.0
USR-004561,2025-10-01,2026-09-24,Team,Referral,United States,22,21,27,17,22,27.7,1,1,1,Active Paid,0,89.0
USR-004562,2025-11-19,2026-07-12,Free,Referral,France,9,9,7,2,2,12.1,0,1,1,Churned,1,0.0
USR-004563,2026-09-01,2026-09-28,Free,Paid Search,United States,8,8,3,2,1,14.4,0,1,0,Free,0,0.0
USR-004564,2026-05-04,2026-09-23,Free,Partnership,Germany,8,8,6,1,1,11.3,0,1,0,Free,0,0.0
USR-004565,2024-12-13,2026-09-25,Free,Organic Search,Other,3,3,1,1,2,20.7,1,0,0,Free,0,0.0
USR-004566,2026-01-16,2026-09-14,Free,Referral,Canada,5,5,4,1,2,21.5,0,0,1,Churned,1,0.0
USR-004567,2025-04-30,2026-09-24,Team,Social,United Kingdom,9,9,6,2,3,13.6,0,0,1,Active Paid,0,89.0
USR-004568,2025-04-30,2026-09-23,Team,Paid Search,Germany,2,2,0,0,1,19.7,1,1,1,Active Paid,0,89.0
USR-004569,2026-02-06,2026-09-03,Free,Organic Search,United States,6,6,6,1,4,17.3,1,1,0,Churned,1,0.0
USR-004570,2026-04-22,2026-09-22,Free,Referral,United States,11,11,4,1,3,14.0,0,0,0,Free,0,0.0
USR-004571,2025-05-09,2026-09-21,Free,Referral,Canada,6,6,2,2,1,16.2,0,0,1,Free,0,0.0
USR-004572,2026-07-11,2026-09-21,Free,Paid Search,United States,3,3,0,0,0,11.0,0,0,0,Free,0,0.0
USR-004573,2025-09-27,2026-09-22,Free,Social,United States,6,5,3,2,1,12.3,0,0,0,Free,0,0.0
USR-004574,2024-12-20,2026-09-25,Team,Social,Germany,4,4,4,1,0,22.2,0,0,1,Active Paid,0,89.0
USR-004575,2025-04-25,2026-07-06,Pro,Paid Search,United Kingdom,0,0,0,0,0,0.0,3,1,1,Churned,1,0.0
USR-004576,2025-03-18,2026-08-23,Free,Social,United Kingdom,6,6,7,3,1,17.1,0,0,0,Churned,1,0.0
USR-004577,2026-07-18,2026-07-18,Pro,Paid Search,Other,10,10,10,4,5,25.2,1,1,1,Churned,1,0.0
USR-004578,2026-04-26,2026-09-20,Pro,Content,United States,8,8,7,1,3,16.2,0,0,1,Active Paid,0,29.0
USR-004579,2026-03-03,2026-09-22,Pro,Referral,United States,8,8,5,1,1,15.6,1,1,1,Active Paid,0,29.0
USR-004580,2026-02-18,2026-08-20,Free,Organic Search,Other,0,0,1,0,0,0.0,0,0,0,Churned,1,0.0
USR-004581,2026-04-30,2026-08-19,Free,Content,United States,4,4,1,0,2,9.5,0,1,0,Churned,1,0.0
USR-004582,2024-10-20,2026-09-26,Pro,Paid Search,Other,9,9,5,4,5,18.8,0,1,1,Active Paid,0,29.0
USR-004583,2026-05-21,2026-09-21,Free,Partnership,France,7,7,6,4,0,13.7,0,1,0,Free,0,0.0
USR-004584,2025-04-27,2026-09-17,Pro,Social,Canada,0,0,0,0,0,0.0,1,0,1,Active Paid,0,29.0
USR-004585,2025-07-23,2026-09-23,Free,Organic Search,United States,0,0,0,1,0,0.0,0,0,0,Free,0,0.0
USR-004586,2025-07-06,2026-09-28,Pro,Referral,United Kingdom,12,9,11,2,0,18.4,0,1,1,Active Paid,0,29.0
USR-004587,2026-04-15,2026-09-23,Pro,Organic Search,Australia,10,10,5,4,0,11.6,1,1,1,Active Paid,0,29.0
USR-004588,2026-02-08,2026-09-22,Free,Content,United States,8,8,12,1,1,22.8,0,1,1,Free,0,0.0
USR-004589,2025-07-09,2026-09-24,Free,Partnership,Australia,4,4,0,0,0,9.8,0,0,0,Free,0,0.0
USR-004590,2026-02-14,2026-09-25,Pro,Referral,Australia,11,11,7,2,1,15.9,0,0,1,Active Paid,0,29.0
USR-004591,2025-05-07,2026-09-15,Free,Social,France,3,3,1,0,0,9.3,0,0,0,Free,0,0.0
USR-004592,2026-08-18,2026-09-23,Pro,Social,United States,11,11,5,2,2,15.9,1,1,1,Active Paid,0,29.0
USR-004593,2026-07-25,2026-09-22,Pro,Paid Search,France,7,7,3,1,2,5.1,1,0,1,Active Paid,0,29.0
USR-004594,2025-04-13,2026-09-25,Free,Organic Search,France,6,6,6,1,0,16.1,0,1,0,Free,0,0.0
USR-004595,2025-07-02,2026-09-22,Pro,Partnership,United States,2,2,0,0,0,13.8,0,0,1,Active Paid,0,29.0
USR-004596,2026-08-16,2026-08-30,Free,Paid Search,Other,6,6,6,1,2,15.4,0,1,0,Churned,1,0.0
USR-004597,2024-12-12,2026-09-22,Pro,Paid Search,United States,9,7,4,0,0,14.1,0,1,1,Active Paid,0,29.0
USR-004598,2026-09-12,2026-09-12,Free,Organic Search,Other,2,2,0,0,0,14.1,1,1,1,Churned,1,0.0
USR-004599,2024-11-01,2026-09-12,Free,Partnership,United States,7,7,2,1,1,10.4,1,0,0,Churned,1,0.0
USR-004600,2025-04-12,2026-09-22,Free,Partnership,United States,3,3,2,1,1,9.0,0,1,1,Free,0,0.0
USR-004601,2024-10-09,2026-09-23,Team,Paid Search,France,10,10,14,6,8,24.8,1,1,1,Active Paid,0,89.0
USR-004602,2024-11-06,2026-09-27,Team,Paid Search,United States,2,2,1,1,1,17.8,0,1,1,Active Paid,0,89.0
USR-004603,2026-02-04,2026-09-21,Pro,Content,United States,9,9,3,2,3,18.1,2,0,1,Active Paid,0,29.0
USR-004604,2025-03-24,2026-09-23,Free,Paid Search,United States,0,0,1,0,0,0.0,0,1,1,Free,0,0.0
USR-004605,2026-04-18,2026-09-24,Free,Partnership,Australia,7,7,9,2,4,21.2,0,1,1,Free,0,0.0
USR-004606,2025-10-13,2026-09-24,Pro,Content,United States,6,6,5,2,2,19.4,0,1,1,Active Paid,0,29.0
USR-004607,2026-03-28,2026-09-22,Pro,Referral,Germany,8,8,7,2,4,17.1,0,1,1,Active Paid,0,29.0
USR-004608,2025-10-03,2026-09-24,Free,Organic Search,Germany,0,0,0,0,0,0.0,1,1,0,Free,0,0.0
USR-004609,2024-12-31,2026-09-28,Team,Referral,Canada,20,18,19,13,10,17.1,0,1,1,Active Paid,0,89.0
USR-004610,2025-11-08,2026-09-19,Free,Partnership,United Kingdom,5,5,2,1,2,12.4,0,0,0,Free,0,0.0
USR-004611,2026-07-11,2026-09-18,Free,Paid Search,United States,8,8,0,1,2,8.9,1,1,1,Free,0,0.0
USR-004612,2026-01-26,2026-09-28,Team,Content,Other,14,11,14,5,6,16.5,1,1,1,Active Paid,0,89.0
USR-004613,2025-03-02,2026-09-16,Free,Paid Search,Australia,6,2,2,1,2,15.7,0,1,1,Free,0,0.0
USR-004614,2025-09-07,2026-09-17,Free,Partnership,Other,6,6,8,0,2,11.6,0,0,1,Free,0,0.0
USR-004615,2025-08-11,2026-09-20,Free,Referral,France,7,7,4,1,3,6.6,2,1,1,Free,0,0.0
USR-004616,2025-11-11,2026-09-24,Team,Organic Search,Australia,17,11,17,6,13,17.4,1,1,1,Active Paid,0,89.0
USR-004617,2026-02-18,2026-09-22,Free,Social,Other,4,4,0,0,0,11.0,0,1,0,Free,0,0.0
USR-004618,2025-07-15,2026-09-26,Pro,Organic Search,United Kingdom,25,20,16,16,15,22.9,0,1,1,Active Paid,0,29.0
USR-004619,2025-06-20,2026-07-26,Free,Paid Search,Other,6,1,0,1,0,2.0,1,1,0,Churned,1,0.0
USR-004620,2024-12-12,2026-09-23,Free,Content,United States,7,7,2,1,2,13.9,0,1,1,Free,0,0.0
USR-004621,2025-07-01,2026-09-21,Free,Organic Search,United States,7,7,4,1,2,13.9,0,1,0,Free,0,0.0
USR-004622,2024-10-04,2026-09-25,Free,Partnership,Canada,4,4,3,1,0,14.1,0,1,0,Free,0,0.0
USR-004623,2025-02-01,2026-09-20,Free,Organic Search,United Kingdom,9,9,5,3,2,17.6,0,1,0,Free,0,0.0
USR-004624,2026-07-21,2026-09-25,Free,Referral,United Kingdom,6,6,3,0,2,11.3,0,1,0,Free,0,0.0
USR-004625,2025-12-09,2026-09-23,Pro,Partnership,Canada,12,12,10,7,2,16.5,1,1,1,Active Paid,0,29.0
USR-004626,2025-12-14,2026-09-25,Pro,Referral,Canada,8,8,5,6,0,18.7,1,1,1,Active Paid,0,29.0
USR-004627,2026-09-13,2026-09-13,Pro,Content,Other,13,13,9,7,6,19.5,0,1,1,Churned,1,0.0
USR-004628,2026-05-09,2026-09-23,Pro,Partnership,United Kingdom,3,3,0,0,1,12.6,1,1,1,Active Paid,0,29.0
USR-004629,2025-03-20,2026-09-27,Free,Referral,United Kingdom,8,8,11,4,0,14.9,1,1,1,Free,0,0.0
USR-004630,2026-01-07,2026-09-25,Free,Content,France,11,11,8,5,2,21.5,0,1,1,Free,0,0.0
USR-004631,2026-06-02,2026-09-13,Free,Organic Search,Germany,0,0,0,0,0,0.0,1,1,0,Churned,1,0.0
USR-004632,2026-02-22,2026-09-26,Pro,Paid Search,Australia,9,9,3,1,1,17.4,0,0,1,Active Paid,0,29.0
USR-004633,2026-03-03,2026-09-21,Free,Paid Search,United States,10,10,4,4,2,20.8,0,1,0,Free,0,0.0
USR-004634,2026-05-14,2026-09-21,Free,Content,United States,6,6,6,0,0,19.7,0,1,0,Free,0,0.0
USR-004635,2026-07-05,2026-09-21,Free,Referral,Other,13,13,6,5,6,13.1,0,1,1,Free,0,0.0
USR-004636,2025-03-18,2026-09-24,Free,Social,United States,8,8,6,1,0,11.2,0,1,1,Free,0,0.0
USR-004637,2025-02-03,2026-09-24,Team,Partnership,France,0,0,0,0,0,0.0,1,0,1,Active Paid,0,89.0
USR-004638,2025-09-26,2026-09-28,Pro,Organic Search,United Kingdom,7,7,6,3,1,18.0,0,1,1,Active Paid,0,29.0
USR-004639,2025-07-02,2026-09-23,Free,Partnership,United Kingdom,9,7,5,2,3,10.9,0,0,0,Free,0,0.0
USR-004640,2024-11-27,2026-09-26,Pro,Organic Search,Australia,18,14,19,15,10,23.1,0,1,1,Active Paid,0,29.0
USR-004641,2025-01-21,2026-09-21,Pro,Paid Search,United Kingdom,5,5,0,1,0,6.8,2,0,1,Active Paid,0,29.0
USR-004642,2026-08-23,2026-09-25,Free,Referral,United States,3,3,2,1,0,5.9,1,1,1,Free,0,0.0
USR-004643,2024-11-03,2026-09-23,Free,Paid Search,France,13,3,7,3,1,9.5,0,1,1,Free,0,0.0
USR-004644,2026-07-30,2026-09-21,Pro,Referral,United States,15,15,15,6,4,21.7,1,1,1,Active Paid,0,29.0
USR-004645,2026-08-28,2026-09-27,Free,Referral,United States,7,7,11,0,0,22.2,0,0,0,Free,0,0.0
USR-004646,2025-12-01,2026-09-19,Free,Content,Canada,0,0,0,0,0,0.0,0,1,0,Free,0,0.0
USR-004647,2025-03-31,2026-09-20,Free,Organic Search,United Kingdom,10,4,11,2,1,12.2,0,1,1,Free,0,0.0
USR-004648,2026-07-20,2026-09-25,Pro,Organic Search,Germany,10,10,6,6,4,18.7,1,1,1,Active Paid,0,29.0
USR-004649,2026-02-18,2026-09-23,Team,Organic Search,United Kingdom,7,7,3,1,1,14.8,0,0,1,Active Paid,0,89.0
USR-004650,2026-03-12,2026-09-21,Pro,Social,United Kingdom,7,7,6,6,0,17.6,0,1,1,Active Paid,0,29.0
USR-004651,2025-12-05,2026-09-22,Free,Organic Search,United Kingdom,5,5,2,1,1,6.3,0,1,0,Free,0,0.0
USR-004652,2024-10-10,2026-08-27,Free,Paid Search,Other,4,4,0,2,0,5.1,1,0,0,Churned,1,0.0
USR-004653,2026-01-22,2026-09-19,Pro,Content,United States,3,3,0,2,2,8.3,0,0,1,Active Paid,0,29.0
USR-004654,2026-04-19,2026-09-21,Pro,Partnership,Other,9,7,4,2,0,18.0,1,0,1,Active Paid,0,29.0
USR-004655,2026-06-20,2026-08-12,Team,Content,United Kingdom,7,7,6,4,10,16.2,0,1,1,Churned,1,0.0
USR-004656,2026-04-27,2026-08-18,Pro,Organic Search,United Kingdom,6,6,5,1,2,13.4,0,1,1,Churned,1,0.0
USR-004657,2026-06-12,2026-07-16,Free,Social,France,0,0,1,0,0,0.0,0,1,1,Churned,1,0.0
USR-004658,2025-08-01,2026-09-25,Pro,Organic Search,United Kingdom,15,13,12,10,2,22.1,0,1,1,Active Paid,0,29.0
USR-004659,2025-11-19,2026-09-29,Team,Paid Search,Germany,18,17,24,16,13,17.8,0,1,1,Active Paid,0,89.0
USR-004660,2025-09-24,2026-09-26,Pro,Paid Search,Other,9,9,5,2,0,15.3,1,1,1,Active Paid,0,29.0
USR-004661,2025-01-29,2026-09-24,Pro,Partnership,Other,4,4,2,1,0,15.4,0,1,1,Active Paid,0,29.0
USR-004662,2025-07-27,2026-09-25,Free,Referral,Canada,5,5,1,1,0,18.4,0,1,1,Free,0,0.0
USR-004663,2026-05-28,2026-09-07,Pro,Paid Search,France,10,10,3,0,1,12.4,0,0,1,Churned,1,0.0
USR-004664,2025-12-20,2026-09-09,Free,Referral,United Kingdom,8,8,4,1,0,5.7,0,1,0,Churned,1,0.0
USR-004665,2026-02-04,2026-09-23,Free,Partnership,Australia,10,8,6,0,1,14.2,0,0,0,Free,0,0.0
USR-004666,2025-02-01,2026-09-18,Pro,Organic Search,United States,9,9,8,2,1,16.5,0,0,1,Active Paid,0,29.0
USR-004667,2026-02-08,2026-09-28,Team,Content,United States,6,6,7,4,1,17.8,1,1,1,Active Paid,0,89.0
USR-004668,2026-06-08,2026-09-22,Pro,Organic Search,Canada,9,8,1,1,1,10.1,0,1,1,Active Paid,0,29.0
USR-004669,2025-04-07,2026-09-24,Free,Organic Search,United States,8,6,1,0,0,5.8,0,0,0,Free,0,0.0
USR-004670,2025-11-13,2026-07-31,Free,Content,France,4,4,2,0,1,14.2,0,0,1,Churned,1,0.0
USR-004671,2026-07-09,2026-08-23,Free,Organic Search,United States,10,10,7,1,0,16.9,1,1,1,Churned,1,0.0
USR-004672,2025-05-10,2026-09-18,Pro,Referral,United States,8,8,5,3,2,17.9,0,1,1,Active Paid,0,29.0
USR-004673,2026-04-18,2026-09-25,Pro,Organic Search,France,12,10,6,3,0,11.1,0,0,1,Active Paid,0,29.0
USR-004674,2025-01-03,2026-09-26,Team,Social,Canada,12,10,7,7,5,18.0,0,1,1,Active Paid,0,89.0
USR-004675,2025-01-28,2026-09-22,Free,Referral,Other,9,9,3,1,1,10.9,0,1,0,Free,0,0.0
USR-004676,2025-12-25,2026-09-21,Free,Content,United States,8,8,4,2,1,7.0,1,1,0,Free,0,0.0
USR-004677,2025-08-14,2026-09-20,Pro,Content,United States,3,3,1,3,1,19.6,0,0,1,Active Paid,0,29.0
USR-004678,2025-08-06,2026-09-25,Free,Referral,United States,5,5,0,1,1,5.5,0,1,0,Free,0,0.0
USR-004679,2025-06-05,2026-09-23,Team,Paid Search,United Kingdom,13,11,10,2,5,14.1,0,1,1,Active Paid,0,89.0
USR-004680,2026-07-28,2026-07-28,Pro,Organic Search,United States,0,0,1,0,2,0.0,0,1,1,Churned,1,0.0
USR-004681,2026-01-26,2026-07-15,Free,Referral,Australia,3,3,2,0,0,14.2,0,1,1,Churned,1,0.0
USR-004682,2026-05-17,2026-09-23,Free,Social,United States,4,4,1,0,0,14.8,1,1,1,Free,0,0.0
USR-004683,2025-05-05,2026-09-23,Team,Organic Search,Other,6,6,4,3,3,19.7,0,1,1,Active Paid,0,89.0
USR-004684,2026-07-28,2026-09-19,Pro,Partnership,Canada,7,7,8,1,1,11.8,1,1,1,Active Paid,0,29.0
USR-004685,2025-09-11,2026-09-21,Pro,Paid Search,France,13,12,14,12,4,16.7,0,0,1,Active Paid,0,29.0
USR-004686,2025-04-13,2026-09-26,Pro,Organic Search,United States,7,7,5,5,3,15.9,0,1,1,Active Paid,0,29.0
USR-004687,2024-11-06,2026-09-20,Free,Content,United States,7,6,2,1,1,11.4,0,1,1,Free,0,0.0
USR-004688,2026-02-22,2026-09-19,Pro,Social,United Kingdom,2,2,1,0,0,13.7,0,1,1,Active Paid,0,29.0
USR-004689,2026-09-10,2026-09-30,Team,Referral,Canada,15,15,15,9,18,24.8,0,1,1,Active Paid,0,89.0
USR-004690,2025-04-16,2026-09-28,Free,Organic Search,Germany,12,10,5,1,4,20.4,0,1,1,Free,0,0.0
USR-004691,2026-09-14,2026-09-25,Pro,Paid Search,United Kingdom,10,10,9,6,2,12.6,0,1,1,Active Paid,0,29.0
USR-004692,2026-07-30,2026-09-26,Free,Referral,United States,7,7,4,7,0,18.5,1,1,0,Free,0,0.0
USR-004693,2024-10-07,2026-09-20,Free,Paid Search,Other,9,8,4,2,0,10.1,0,1,0,Free,0,0.0
USR-004694,2025-01-07,2026-07-04,Free,Referral,United States,6,6,8,1,1,16.4,0,1,1,Churned,1,0.0
USR-004695,2025-04-28,2026-09-19,Pro,Organic Search,United States,0,0,0,0,0,0.0,2,1,1,Active Paid,0,29.0
USR-004696,2025-01-26,2026-09-24,Free,Organic Search,United Kingdom,9,9,8,2,1,24.0,0,1,0,Free,0,0.0
USR-004697,2026-07-24,2026-09-26,Free,Organic Search,United States,3,3,2,0,0,8.0,1,1,0,Free,0,0.0
USR-004698,2026-07-14,2026-09-23,Pro,Paid Search,United Kingdom,4,4,5,2,0,10.7,1,1,1,Active Paid,0,29.0
USR-004699,2026-02-12,2026-08-27,Free,Organic Search,Germany,4,3,3,1,1,14.0,0,0,1,Churned,1,0.0
USR-004700,2026-08-30,2026-08-30,Pro,Referral,Germany,10,10,6,6,2,15.4,1,1,1,Churned,1,0.0
USR-004701,2024-12-19,2026-09-26,Team,Social,France,8,8,6,4,7,21.0,1,0,1,Active Paid,0,89.0
USR-004702,2026-08-06,2026-09-24,Free,Organic Search,United States,5,5,2,1,1,16.2,0,0,1,Free,0,0.0
USR-004703,2025-08-23,2026-07-30,Free,Social,United States,3,3,0,0,0,12.0,0,0,0,Churned,1,0.0
USR-004704,2025-01-13,2026-09-25,Team,Organic Search,Australia,8,7,6,5,6,11.7,0,0,1,Active Paid,0,89.0
USR-004705,2025-04-08,2026-09-24,Free,Paid Search,United States,8,8,3,2,2,17.6,1,1,0,Free,0,0.0
USR-004706,2026-04-01,2026-09-19,Free,Content,United Kingdom,8,7,5,1,0,15.3,0,1,0,Free,0,0.0
USR-004707,2025-10-14,2026-09-26,Team,Referral,United Kingdom,14,14,16,10,13,21.2,1,1,1,Active Paid,0,89.0
USR-004708,2025-08-19,2026-09-24,Team,Referral,France,12,12,14,10,9,12.6,1,1,1,Active Paid,0,89.0
USR-004709,2025-03-15,2026-09-27,Pro,Paid Search,United States,19,18,19,16,10,25.2,1,1,1,Active Paid,0,29.0
USR-004710,2025-11-15,2026-09-16,Free,Organic Search,Other,1,1,1,0,0,6.6,0,1,0,Free,0,0.0
USR-004711,2026-02-24,2026-09-28,Team,Referral,United Kingdom,11,11,13,6,11,13.9,1,1,1,Active Paid,0,89.0
USR-004712,2025-02-24,2026-09-23,Pro,Social,Other,5,5,2,0,1,15.7,1,1,1,Active Paid,0,29.0
USR-004713,2024-12-21,2026-09-25,Pro,Referral,United States,7,7,5,2,0,20.3,0,1,1,Active Paid,0,29.0
USR-004714,2025-10-01,2026-09-27,Pro,Partnership,France,13,12,13,5,1,15.5,1,1,1,Active Paid,0,29.0
USR-004715,2026-08-26,2026-08-26,Pro,Paid Search,United Kingdom,0,0,0,0,0,0.0,0,0,1,Churned,1,0.0
USR-004716,2025-09-23,2026-09-22,Free,Content,Australia,11,11,8,2,3,21.0,1,1,1,Free,0,0.0
USR-004717,2024-12-19,2026-09-26,Free,Social,Canada,10,7,9,2,2,21.6,0,1,1,Free,0,0.0
USR-004718,2024-10-08,2026-09-20,Free,Organic Search,Other,5,5,2,0,0,19.5,0,1,0,Free,0,0.0
USR-004719,2025-12-03,2026-09-24,Free,Organic Search,France,10,10,7,0,1,18.8,0,1,0,Free,0,0.0
USR-004720,2026-05-31,2026-09-19,Free,Social,Germany,0,0,0,0,0,0.0,0,1,0,Free,0,0.0
USR-004721,2025-08-02,2026-08-04,Free,Paid Search,United States,5,5,3,0,1,12.4,0,0,1,Churned,1,0.0
USR-004722,2025-01-30,2026-09-23,Pro,Referral,United States,6,6,4,2,0,15.9,0,1,1,Active Paid,0,29.0
USR-004723,2024-11-09,2026-08-05,Free,Referral,Other,6,6,3,1,2,12.7,1,0,0,Churned,1,0.0
USR-004724,2026-08-09,2026-09-22,Free,Social,Other,4,4,1,1,1,14.1,0,1,0,Free,0,0.0
USR-004725,2026-02-20,2026-09-24,Free,Social,United States,0,0,0,0,0,0.0,0,1,1,Free,0,0.0
USR-004726,2025-10-09,2026-09-22,Free,Referral,United States,11,11,10,5,1,15.9,1,1,1,Free,0,0.0
USR-004727,2026-07-07,2026-09-17,Pro,Social,United States,9,6,2,0,0,9.4,0,1,1,Active Paid,0,29.0
USR-004728,2024-12-21,2026-09-25,Free,Content,United States,7,5,3,1,0,13.9,0,1,0,Free,0,0.0
USR-004729,2026-06-27,2026-09-24,Free,Organic Search,United States,8,7,4,0,0,12.2,0,1,1,Free,0,0.0
USR-004730,2025-05-28,2026-07-24,Pro,Partnership,Australia,4,4,3,1,0,14.8,1,1,1,Churned,1,0.0
USR-004731,2024-11-28,2026-09-04,Free,Organic Search,United States,6,6,1,0,1,14.5,0,1,1,Churned,1,0.0
USR-004732,2025-05-14,2026-09-20,Free,Organic Search,Other,0,0,0,0,0,0.0,0,0,0,Free,0,0.0
USR-004733,2025-03-19,2026-09-26,Pro,Referral,Other,5,5,10,0,1,22.0,1,1,1,Active Paid,0,29.0
USR-004734,2026-03-11,2026-09-24,Free,Organic Search,United States,4,4,2,1,1,19.3,0,1,0,Free,0,0.0
USR-004735,2025-02-01,2026-09-10,Pro,Paid Search,United Kingdom,6,6,5,2,2,22.4,0,1,1,Churned,1,0.0
USR-004736,2025-11-20,2026-09-23,Pro,Organic Search,Canada,6,6,6,2,3,17.9,0,1,1,Active Paid,0,29.0
USR-004737,2026-08-03,2026-09-25,Team,Referral,United States,19,18,18,7,13,15.4,0,1,1,Active Paid,0,89.0
USR-004738,2025-12-27,2026-09-27,Free,Social,France,1,1,0,0,0,12.5,0,0,0,Free,0,0.0
USR-004739,2026-01-08,2026-08-05,Pro,Organic Search,Germany,0,0,0,0,0,0.0,2,1,1,Churned,1,0.0
USR-004740,2025-09-08,2026-08-18,Pro,Social,United States,7,7,3,0,2,10.9,0,0,1,Churned,1,0.0
USR-004741,2026-03-10,2026-09-22,Free,Organic Search,Other,4,4,5,1,0,8.2,0,1,0,Free,0,0.0
USR-004742,2025-10-20,2026-09-25,Team,Partnership,United States,4,4,1,2,2,5.3,1,1,1,Active Paid,0,89.0
USR-004743,2025-11-14,2026-07-10,Free,Organic Search,United States,0,0,0,0,0,0.0,0,1,1,Churned,1,0.0
USR-004744,2026-01-25,2026-09-25,Team,Social,Other,8,8,5,3,2,17.5,0,1,1,Active Paid,0,89.0
USR-004745,2025-05-06,2026-08-16,Pro,Social,United States,4,4,2,0,0,13.4,2,1,1,Churned,1,0.0
USR-004746,2026-02-09,2026-09-17,Free,Social,United States,5,5,0,1,3,9.3,0,1,0,Free,0,0.0
USR-004747,2025-03-17,2026-09-23,Free,Partnership,United States,10,10,6,1,1,17.5,2,1,0,Free,0,0.0
USR-004748,2026-03-20,2026-09-26,Team,Paid Search,United Kingdom,6,6,6,5,0,21.6,0,1,1,Active Paid,0,89.0
USR-004749,2025-01-05,2026-09-23,Free,Referral,United Kingdom,8,8,1,1,0,15.7,0,1,1,Free,0,0.0
USR-004750,2025-12-28,2026-09-20,Free,Paid Search,France,0,0,1,0,0,0.0,0,0,0,Free,0,0.0
USR-004751,2026-08-17,2026-09-22,Free,Referral,United Kingdom,0,0,0,0,0,0.0,0,0,0,Free,0,0.0
USR-004752,2026-05-31,2026-09-26,Pro,Paid Search,Canada,13,10,10,4,2,9.4,0,1,1,Active Paid,0,29.0
USR-004753,2025-02-16,2026-08-31,Free,Organic Search,United States,3,3,0,0,0,14.9,0,0,0,Churned,1,0.0
USR-004754,2024-12-31,2026-08-21,Pro,Organic Search,United Kingdom,4,4,2,2,3,13.3,0,1,1,Churned,1,0.0
USR-004755,2026-04-17,2026-09-25,Pro,Organic Search,Other,9,9,12,3,1,23.8,1,1,1,Active Paid,0,29.0
USR-004756,2025-07-12,2026-09-26,Free,Partnership,Australia,6,6,2,0,1,16.7,0,0,0,Free,0,0.0
USR-004757,2025-08-01,2026-09-25,Pro,Content,France,9,9,8,4,2,18.3,1,0,1,Active Paid,0,29.0
USR-004758,2026-06-12,2026-09-06,Free,Organic Search,United States,10,9,5,2,0,14.2,0,0,0,Churned,1,0.0
USR-004759,2025-10-27,2026-09-25,Team,Social,Canada,11,11,9,9,6,9.4,0,0,1,Active Paid,0,89.0
USR-004760,2025-05-07,2026-09-26,Pro,Referral,Other,18,18,22,12,4,15.6,0,1,1,Active Paid,0,29.0
USR-004761,2024-10-24,2026-09-20,Free,Paid Search,Other,8,7,3,3,0,13.3,0,0,1,Free,0,0.0
USR-004762,2025-01-17,2026-08-30,Free,Paid Search,France,10,10,4,1,2,16.9,1,1,0,Churned,1,0.0
USR-004763,2026-07-08,2026-09-23,Free,Referral,United Kingdom,7,7,3,2,2,12.1,1,1,0,Free,0,0.0
USR-004764,2026-03-30,2026-09-25,Team,Organic Search,United States,18,18,22,10,16,26.7,0,1,1,Active Paid,0,89.0
USR-004765,2025-11-07,2026-09-23,Free,Social,United States,2,2,0,2,0,7.8,0,1,1,Free,0,0.0
USR-004766,2026-05-31,2026-09-28,Pro,Organic Search,United States,22,22,22,7,11,30.8,1,1,1,Active Paid,0,29.0
USR-004767,2025-08-03,2026-09-25,Team,Organic Search,United Kingdom,9,9,10,1,3,10.7,2,1,1,Active Paid,0,89.0
USR-004768,2026-09-09,2026-09-25,Free,Referral,United States,13,12,8,3,1,19.6,0,1,0,Free,0,0.0
USR-004769,2026-06-26,2026-09-24,Free,Referral,United Kingdom,15,11,9,3,8,17.4,0,1,1,Free,0,0.0
USR-004770,2026-08-13,2026-09-24,Free,Partnership,Germany,7,7,4,1,1,13.6,0,1,0,Free,0,0.0
USR-004771,2026-02-16,2026-09-24,Pro,Organic Search,Germany,4,4,0,1,1,12.3,0,1,1,Active Paid,0,29.0
USR-004772,2025-03-19,2026-09-22,Free,Referral,Canada,3,3,2,0,0,9.8,1,1,1,Free,0,0.0
USR-004773,2026-05-12,2026-09-26,Team,Partnership,United States,14,14,10,2,12,19.3,0,1,1,Active Paid,0,89.0
USR-004774,2024-10-10,2026-09-19,Free,Referral,Canada,7,7,8,1,2,13.2,1,1,0,Free,0,0.0
USR-004775,2026-03-07,2026-07-12,Free,Partnership,Other,5,5,5,0,0,14.4,0,1,1,Churned,1,0.0
USR-004776,2026-08-14,2026-09-24,Pro,Partnership,United Kingdom,8,8,4,6,0,16.5,0,0,1,Active Paid,0,29.0
USR-004777,2026-01-19,2026-08-05,Pro,Content,Other,4,4,2,0,0,12.8,0,0,1,Churned,1,0.0
USR-004778,2025-03-30,2026-09-26,Pro,Partnership,United Kingdom,8,8,8,3,1,18.1,0,1,1,Active Paid,0,29.0
USR-004779,2026-07-01,2026-09-28,Pro,Referral,Germany,6,6,4,3,1,22.3,0,1,1,Active Paid,0,29.0
USR-004780,2026-07-26,2026-09-22,Free,Social,Canada,6,6,1,2,0,7.6,0,1,0,Free,0,0.0
USR-004781,2025-01-16,2026-09-24,Pro,Content,France,12,12,9,2,6,20.0,0,0,1,Active Paid,0,29.0
USR-004782,2025-07-19,2026-09-24,Free,Content,Other,0,0,0,0,0,0.0,0,0,0,Free,0,0.0
USR-004783,2026-01-13,2026-09-22,Free,Organic Search,United Kingdom,6,6,1,0,1,16.9,0,0,1,Free,0,0.0
USR-004784,2025-03-24,2026-09-21,Team,Paid Search,France,9,9,5,3,6,11.3,1,0,1,Active Paid,0,89.0
USR-004785,2025-01-20,2026-09-26,Pro,Paid Search,Other,5,5,3,0,2,12.6,0,1,1,Active Paid,0,29.0
USR-004786,2026-01-02,2026-09-26,Free,Content,Australia,7,7,2,2,1,15.8,0,1,0,Free,0,0.0
USR-004787,2025-08-10,2026-09-23,Free,Organic Search,United States,7,7,2,1,1,8.1,0,1,1,Free,0,0.0
USR-004788,2026-09-08,2026-09-08,Team,Paid Search,United States,7,7,4,2,1,14.2,0,1,1,Churned,1,0.0
USR-004789,2026-02-09,2026-09-26,Free,Social,Other,8,7,3,0,1,6.3,0,1,0,Free,0,0.0
USR-004790,2025-07-17,2026-09-27,Free,Organic Search,France,10,10,2,3,2,21.5,2,1,0,Free,0,0.0
USR-004791,2026-04-28,2026-09-25,Free,Partnership,Other,3,3,1,0,0,16.9,0,1,0,Free,0,0.0
USR-004792,2024-10-07,2026-09-23,Free,Social,United States,4,3,1,0,0,10.0,1,0,1,Free,0,0.0
USR-004793,2024-10-21,2026-09-26,Free,Organic Search,Australia,10,10,7,5,1,16.3,0,1,1,Free,0,0.0
USR-004794,2026-03-15,2026-09-20,Team,Paid Search,Australia,4,4,2,0,0,9.4,1,0,1,Active Paid,0,89.0
USR-004795,2025-12-06,2026-07-05,Free,Content,Other,6,6,1,0,0,15.0,0,0,1,Churned,1,0.0
USR-004796,2026-05-03,2026-09-23,Free,Referral,France,10,6,8,3,0,10.0,0,1,1,Free,0,0.0
USR-004797,2025-09-20,2026-09-22,Pro,Social,United States,6,6,1,1,0,7.7,1,1,1,Active Paid,0,29.0
USR-004798,2026-06-19,2026-09-22,Free,Paid Search,France,3,2,1,0,0,14.6,0,1,0,Free,0,0.0
USR-004799,2025-12-10,2026-07-22,Pro,Content,Germany,0,0,0,0,0,0.0,0,0,1,Churned,1,0.0
USR-004800,2025-08-14,2026-09-26,Pro,Referral,United Kingdom,8,8,17,6,1,17.0,0,1,1,Active Paid,0,29.0
USR-004801,2025-07-05,2026-07-25,Pro,Referral,United States,5,5,3,3,1,10.2,0,1,1,Churned,1,0.0
USR-004802,2025-07-16,2026-09-27,Pro,Paid Search,Other,6,6,5,3,0,20.4,0,1,1,Active Paid,0,29.0
USR-004803,2026-04-10,2026-09-21,Pro,Partnership,United States,3,3,1,0,1,5.9,3,0,1,Active Paid,0,29.0
USR-004804,2025-02-26,2026-09-26,Pro,Referral,United Kingdom,6,6,8,2,1,13.2,0,1,1,Active Paid,0,29.0
USR-004805,2025-05-09,2026-09-21,Pro,Paid Search,Germany,15,13,13,3,3,16.9,0,1,1,Active Paid,0,29.0
USR-004806,2025-03-26,2026-09-21,Free,Partnership,Other,12,8,6,2,4,17.7,0,1,1,Free,0,0.0
USR-004807,2025-10-16,2026-09-25,Pro,Content,France,5,5,5,3,1,14.7,0,1,1,Active Paid,0,29.0
USR-004808,2024-12-16,2026-09-26,Pro,Referral,United States,13,13,10,4,2,22.8,2,0,1,Active Paid,0,29.0
USR-004809,2025-12-11,2026-09-23,Free,Referral,United States,7,7,6,0,0,14.5,0,1,1,Free,0,0.0
USR-004810,2025-02-16,2026-09-18,Team,Paid Search,United Kingdom,6,6,2,2,3,14.6,0,0,1,Active Paid,0,89.0
USR-004811,2026-04-23,2026-09-22,Free,Social,United States,4,4,3,1,1,6.6,2,0,0,Free,0,0.0
USR-004812,2026-03-23,2026-08-20,Free,Organic Search,Australia,10,10,5,3,4,18.7,0,1,0,Churned,1,0.0
USR-004813,2025-09-04,2026-07-26,Pro,Social,United Kingdom,5,5,1,4,1,10.6,1,0,1,Churned,1,0.0
USR-004814,2025-08-14,2026-08-17,Free,Paid Search,United States,13,12,9,1,3,11.0,0,1,1,Churned,1,0.0
USR-004815,2025-03-31,2026-09-24,Free,Paid Search,Other,3,3,2,0,0,9.1,1,1,1,Free,0,0.0
USR-004816,2026-02-15,2026-09-21,Free,Partnership,United States,6,6,2,0,0,18.4,0,1,0,Free,0,0.0
USR-004817,2024-12-31,2026-09-24,Team,Organic Search,United States,10,10,5,5,4,19.0,1,0,1,Active Paid,0,89.0
USR-004818,2026-01-23,2026-09-19,Free,Content,Canada,0,0,0,0,0,0.0,1,0,0,Free,0,0.0
USR-004819,2025-08-30,2026-09-22,Pro,Paid Search,United States,8,8,7,2,2,14.1,0,1,1,Active Paid,0,29.0
USR-004820,2024-11-18,2026-09-25,Pro,Organic Search,United States,3,3,1,0,0,15.7,3,1,1,Active Paid,0,29.0
USR-004821,2025-08-26,2026-09-24,Pro,Organic Search,Other,3,3,0,0,2,6.9,1,0,1,Active Paid,0,29.0
USR-004822,2025-05-16,2026-09-20,Team,Paid Search,Other,10,10,8,6,2,18.3,0,1,1,Active Paid,0,89.0
USR-004823,2024-12-05,2026-09-26,Pro,Social,Australia,16,16,13,9,1,14.9,0,1,1,Active Paid,0,29.0
USR-004824,2024-10-19,2026-09-18,Free,Paid Search,France,0,0,0,0,0,0.0,0,1,0,Free,0,0.0
USR-004825,2025-09-23,2026-09-24,Team,Referral,United States,16,16,11,9,8,16.1,0,1,1,Active Paid,0,89.0
USR-004826,2025-11-21,2026-09-25,Free,Social,Australia,4,4,1,1,1,6.1,0,1,0,Free,0,0.0
USR-004827,2026-04-28,2026-09-27,Free,Organic Search,Canada,0,0,0,1,0,0.0,0,1,0,Free,0,0.0
USR-004828,2025-08-27,2026-07-06,Free,Paid Search,United States,1,1,1,0,0,2.0,2,0,0,Churned,1,0.0
USR-004829,2024-11-28,2026-09-24,Pro,Organic Search,United States,9,9,4,3,1,14.2,0,1,1,Active Paid,0,29.0
USR-004830,2025-10-02,2026-09-18,Free,Organic Search,Canada,2,2,0,0,0,6.3,0,1,1,Free,0,0.0
USR-004831,2026-01-09,2026-09-23,Pro,Organic Search,United States,5,5,1,0,1,14.2,1,1,1,Active Paid,0,29.0
USR-004832,2026-07-01,2026-08-30,Free,Referral,United States,8,8,5,5,0,14.5,1,1,1,Churned,1,0.0
USR-004833,2025-12-11,2026-09-20,Free,Referral,United Kingdom,2,2,1,0,1,15.3,0,0,0,Free,0,0.0
USR-004834,2026-03-30,2026-09-25,Free,Content,Canada,9,7,6,1,0,19.8,1,1,1,Free,0,0.0
USR-004835,2024-10-17,2026-09-27,Pro,Referral,United States,8,8,2,0,0,20.2,2,1,1,Active Paid,0,29.0
USR-004836,2025-09-03,2026-09-20,Free,Social,Canada,0,0,0,1,1,0.0,1,1,0,Free,0,0.0
USR-004837,2026-06-10,2026-09-21,Free,Paid Search,United States,6,6,3,2,0,13.3,0,1,1,Free,0,0.0
USR-004838,2026-07-29,2026-09-23,Free,Organic Search,Germany,5,4,1,1,1,6.1,0,1,0,Free,0,0.0
USR-004839,2025-01-15,2026-09-23,Free,Referral,United States,5,5,7,3,1,16.1,1,1,1,Free,0,0.0
USR-004840,2024-11-19,2026-09-24,Pro,Paid Search,United Kingdom,4,4,2,1,0,19.2,1,1,1,Active Paid,0,29.0
USR-004841,2025-03-19,2026-09-21,Free,Paid Search,Germany,11,9,10,2,3,14.2,0,1,0,Free,0,0.0
USR-004842,2026-06-19,2026-08-07,Free,Partnership,Germany,0,0,1,0,0,0.0,0,0,0,Churned,1,0.0
USR-004843,2026-07-07,2026-09-24,Team,Organic Search,United States,14,14,10,3,13,10.6,0,1,1,Active Paid,0,89.0
USR-004844,2026-04-27,2026-09-21,Free,Organic Search,Canada,3,3,1,0,1,11.4,1,0,0,Free,0,0.0
USR-004845,2025-03-27,2026-09-19,Free,Partnership,Australia,0,0,0,0,0,0.0,0,0,1,Free,0,0.0
USR-004846,2025-03-17,2026-09-18,Pro,Paid Search,United States,0,0,0,0,0,0.0,0,0,1,Active Paid,0,29.0
USR-004847,2025-01-24,2026-09-24,Pro,Paid Search,Canada,0,0,0,0,0,0.0,0,1,1,Active Paid,0,29.0
USR-004848,2026-07-08,2026-09-23,Pro,Organic Search,United Kingdom,8,8,6,2,0,17.3,0,0,1,Active Paid,0,29.0
USR-004849,2026-05-29,2026-09-20,Free,Paid Search,Other,9,9,3,2,2,16.5,0,1,0,Free,0,0.0
USR-004850,2024-12-11,2026-08-16,Free,Partnership,United Kingdom,9,8,10,1,1,13.0,0,1,1,Churned,1,0.0
USR-004851,2024-11-20,2026-09-21,Free,Referral,Other,1,1,1,0,0,15.0,0,0,0,Free,0,0.0
USR-004852,2025-04-15,2026-09-22,Free,Social,Germany,9,9,1,3,3,12.5,0,1,1,Free,0,0.0
USR-004853,2026-07-02,2026-09-22,Free,Paid Search,Canada,7,6,0,0,0,16.5,1,1,0,Free,0,0.0
USR-004854,2026-07-28,2026-09-23,Team,Paid Search,United States,14,12,9,4,12,17.0,2,1,1,Active Paid,0,89.0
USR-004855,2026-08-07,2026-09-25,Pro,Social,Germany,5,5,1,3,1,17.9,0,0,1,Active Paid,0,29.0
USR-004856,2025-05-09,2026-09-21,Free,Paid Search,United States,8,5,4,2,0,16.2,0,1,0,Free,0,0.0
USR-004857,2025-01-19,2026-09-25,Free,Organic Search,United Kingdom,14,9,4,2,1,18.9,1,0,0,Free,0,0.0
USR-004858,2025-06-21,2026-09-27,Pro,Referral,United States,11,11,8,5,0,20.7,0,1,1,Active Paid,0,29.0
USR-004859,2026-03-12,2026-09-24,Free,Content,France,3,3,3,1,0,17.2,0,1,1,Free,0,0.0
USR-004860,2025-03-23,2026-09-22,Free,Content,Australia,10,10,4,0,1,12.5,0,1,1,Free,0,0.0
USR-004861,2026-08-04,2026-09-24,Free,Content,Other,3,3,1,0,0,18.2,0,0,0,Free,0,0.0
USR-004862,2025-01-31,2026-09-25,Pro,Social,United States,9,9,6,1,5,18.7,0,1,1,Active Paid,0,29.0
USR-004863,2024-12-17,2026-09-27,Pro,Content,Other,10,10,5,2,2,15.3,2,0,1,Active Paid,0,29.0
USR-004864,2025-04-20,2026-09-24,Free,Partnership,Other,10,10,9,1,0,20.8,0,1,1,Free,0,0.0
USR-004865,2024-12-26,2026-09-17,Free,Organic Search,Other,0,0,1,0,0,0.0,1,0,0,Free,0,0.0
USR-004866,2025-07-23,2026-09-21,Pro,Paid Search,France,6,6,4,2,1,8.5,0,1,1,Active Paid,0,29.0
USR-004867,2025-10-16,2026-09-20,Pro,Organic Search,United States,9,9,5,4,0,18.4,1,1,1,Active Paid,0,29.0
USR-004868,2026-01-28,2026-09-20,Pro,Partnership,Other,8,7,8,0,2,18.4,0,1,1,Active Paid,0,29.0
USR-004869,2024-11-25,2026-09-22,Free,Partnership,Germany,4,4,4,0,0,11.1,0,1,1,Free,0,0.0
USR-004870,2025-05-05,2026-09-19,Pro,Content,France,7,7,5,5,3,17.3,0,1,1,Active Paid,0,29.0
USR-004871,2026-05-02,2026-09-27,Team,Paid Search,United States,15,11,11,3,7,13.7,0,1,1,Active Paid,0,89.0
USR-004872,2024-10-31,2026-09-03,Pro,Partnership,United States,11,6,9,0,0,11.8,1,0,1,Churned,1,0.0
USR-004873,2026-08-04,2026-08-12,Free,Organic Search,United States,0,0,0,0,0,0.0,0,1,0,Churned,1,0.0
USR-004874,2025-07-22,2026-09-25,Pro,Organic Search,Canada,9,9,10,2,0,13.2,1,1,1,Active Paid,0,29.0
USR-004875,2026-05-02,2026-08-23,Free,Social,United Kingdom,1,1,0,0,0,5.2,1,0,0,Churned,1,0.0
USR-004876,2025-05-28,2026-09-23,Free,Content,Other,7,7,6,1,0,6.5,0,1,0,Free,0,0.0
USR-004877,2025-11-24,2026-07-19,Free,Content,United States,3,3,0,0,0,12.9,0,1,0,Churned,1,0.0
USR-004878,2025-11-07,2026-09-16,Team,Paid Search,United States,6,6,1,1,1,17.3,0,0,1,Active Paid,0,89.0
USR-004879,2025-05-23,2026-09-20,Free,Paid Search,United Kingdom,6,4,3,0,1,6.7,0,1,1,Free,0,0.0
USR-004880,2025-03-24,2026-09-25,Pro,Social,United States,9,7,11,9,4,26.2,0,1,1,Active Paid,0,29.0
USR-004881,2025-12-18,2026-07-02,Free,Organic Search,United Kingdom,7,6,3,1,1,17.5,1,1,0,Churned,1,0.0
USR-004882,2024-10-02,2026-09-16,Free,Content,France,4,4,1,2,0,11.3,0,1,1,Free,0,0.0
USR-004883,2025-09-24,2026-08-05,Free,Paid Search,Other,3,3,1,1,0,17.2,0,1,0,Churned,1,0.0
USR-004884,2026-05-24,2026-09-27,Pro,Organic Search,United States,6,6,5,3,5,15.2,1,0,1,Active Paid,0,29.0
USR-004885,2026-09-11,2026-09-11,Free,Paid Search,United States,7,7,2,2,1,12.1,0,1,0,Churned,1,0.0
USR-004886,2026-04-24,2026-09-21,Free,Referral,Australia,10,9,7,1,2,8.4,1,1,0,Free,0,0.0
USR-004887,2025-05-09,2026-09-22,Free,Content,United States,9,9,9,3,3,18.7,1,1,0,Free,0,0.0
USR-004888,2025-08-26,2026-07-18,Free,Organic Search,France,5,5,3,0,1,15.9,1,0,1,Churned,1,0.0
USR-004889,2026-01-17,2026-09-22,Free,Organic Search,Germany,0,0,0,0,0,0.0,0,1,1,Free,0,0.0
USR-004890,2025-10-06,2026-09-24,Free,Partnership,Other,3,3,3,1,1,16.0,0,1,1,Free,0,0.0
USR-004891,2025-01-24,2026-09-23,Free,Social,United States,12,9,7,0,0,8.6,0,1,1,Free,0,0.0
USR-004892,2025-08-03,2026-09-22,Team,Paid Search,Other,8,8,3,5,4,23.8,0,1,1,Active Paid,0,89.0
USR-004893,2026-08-05,2026-09-21,Free,Organic Search,Other,11,7,5,3,2,7.4,0,1,0,Free,0,0.0
USR-004894,2026-08-11,2026-09-25,Free,Partnership,United States,10,10,15,2,1,22.6,0,1,1,Free,0,0.0
USR-004895,2025-10-06,2026-09-24,Free,Referral,Canada,5,5,2,2,1,11.6,0,1,0,Free,0,0.0
USR-004896,2025-11-30,2026-09-22,Free,Organic Search,United Kingdom,0,0,0,0,0,0.0,0,1,0,Free,0,0.0
USR-004897,2025-01-15,2026-09-23,Pro,Organic Search,United States,7,7,5,2,0,14.7,0,0,1,Active Paid,0,29.0
USR-004898,2025-07-26,2026-09-21,Free,Organic Search,Other,4,4,0,0,0,10.5,0,1,0,Free,0,0.0
USR-004899,2025-03-23,2026-09-28,Free,Organic Search,United States,10,10,8,0,4,18.2,1,1,0,Free,0,0.0
USR-004900,2025-07-24,2026-09-24,Pro,Organic Search,United States,0,0,0,0,0,0.0,0,1,1,Active Paid,0,29.0
USR-004901,2026-01-12,2026-09-22,Free,Organic Search,United States,0,0,0,0,0,0.0,1,1,1,Free,0,0.0
USR-004902,2025-06-03,2026-09-21,Team,Organic Search,Germany,11,11,8,3,7,18.9,0,1,1,Active Paid,0,89.0
USR-004903,2025-06-28,2026-07-30,Team,Paid Search,Other,8,8,5,5,7,17.9,1,1,1,Churned,1,0.0
USR-004904,2025-04-19,2026-09-24,Free,Social,Germany,8,8,8,2,1,12.7,0,1,0,Free,0,0.0
USR-004905,2026-05-03,2026-08-15,Free,Social,Germany,0,0,0,0,0,0.0,0,1,0,Churned,1,0.0
USR-004906,2025-06-14,2026-07-24,Free,Content,United States,11,11,7,1,2,14.1,0,1,0,Churned,1,0.0
USR-004907,2026-02-23,2026-09-25,Free,Paid Search,France,5,3,2,1,0,13.1,0,1,0,Free,0,0.0
USR-004908,2025-02-27,2026-09-25,Free,Content,United Kingdom,6,6,4,3,0,12.6,0,1,0,Free,0,0.0
USR-004909,2025-02-22,2026-09-24,Pro,Content,Canada,9,9,3,3,4,20.2,0,1,1,Active Paid,0,29.0
USR-004910,2025-06-26,2026-09-22,Free,Partnership,Germany,12,10,14,4,3,19.0,0,1,0,Free,0,0.0
USR-004911,2024-11-08,2026-09-27,Free,Organic Search,Other,6,6,6,3,3,12.9,0,1,0,Free,0,0.0
USR-004912,2025-08-27,2026-09-25,Free,Organic Search,France,15,13,11,0,2,17.6,1,1,1,Free,0,0.0
USR-004913,2026-08-29,2026-09-27,Team,Referral,France,10,10,7,3,7,21.6,2,0,1,Active Paid,0,89.0
USR-004914,2025-07-09,2026-09-27,Team,Organic Search,United Kingdom,10,10,7,9,5,15.7,1,1,1,Active Paid,0,89.0
USR-004915,2025-03-08,2026-09-23,Free,Organic Search,United States,6,6,1,0,0,15.6,2,1,0,Free,0,0.0
USR-004916,2026-07-05,2026-09-22,Pro,Organic Search,Canada,0,0,0,0,0,0.0,1,0,1,Active Paid,0,29.0
USR-004917,2026-07-03,2026-08-27,Free,Social,Germany,2,2,1,0,0,16.7,0,1,0,Churned,1,0.0
USR-004918,2026-03-04,2026-09-26,Pro,Content,France,20,16,21,9,10,26.2,1,1,1,Active Paid,0,29.0
USR-004919,2025-01-20,2026-09-27,Pro,Paid Search,Germany,6,4,2,1,1,17.2,1,0,1,Active Paid,0,29.0
USR-004920,2025-09-03,2026-07-21,Team,Partnership,United States,6,6,7,1,3,18.4,1,1,1,Churned,1,0.0
USR-004921,2024-10-17,2026-07-12,Free,Content,United States,0,0,1,0,0,0.0,0,1,1,Churned,1,0.0
USR-004922,2024-12-30,2026-07-12,Free,Organic Search,United States,8,8,3,2,1,8.3,0,1,0,Churned,1,0.0
USR-004923,2025-08-15,2026-09-24,Team,Paid Search,France,7,7,6,2,2,15.7,0,1,1,Active Paid,0,89.0
USR-004924,2025-05-18,2026-09-27,Free,Organic Search,Other,7,7,4,1,0,12.6,0,1,0,Free,0,0.0
USR-004925,2026-01-22,2026-07-12,Free,Content,Canada,0,0,0,0,0,0.0,0,0,0,Churned,1,0.0
USR-004926,2026-07-13,2026-09-25,Pro,Referral,France,5,5,4,4,1,18.0,1,1,1,Active Paid,0,29.0
USR-004927,2025-12-04,2026-09-27,Pro,Referral,France,14,14,7,6,6,21.6,0,1,1,Active Paid,0,29.0
USR-004928,2025-07-19,2026-09-25,Pro,Referral,United States,11,11,11,6,2,16.4,1,0,1,Active Paid,0,29.0
USR-004929,2026-05-08,2026-09-28,Pro,Paid Search,United States,5,5,2,4,0,6.1,4,0,1,Active Paid,0,29.0
USR-004930,2026-04-10,2026-09-24,Pro,Partnership,United States,4,4,1,0,0,18.9,1,1,1,Active Paid,0,29.0
USR-004931,2026-09-05,2026-09-22,Free,Partnership,Other,10,10,7,0,2,17.2,0,1,1,Free,0,0.0
USR-004932,2025-04-09,2026-09-25,Pro,Referral,United States,8,8,5,1,1,14.2,0,1,1,Active Paid,0,29.0
USR-004933,2024-12-11,2026-09-24,Pro,Social,Canada,0,0,0,0,0,0.0,0,0,1,Active Paid,0,29.0
USR-004934,2025-02-01,2026-09-14,Pro,Organic Search,United Kingdom,0,0,1,0,0,0.0,0,0,1,Churned,1,0.0
USR-004935,2025-12-18,2026-09-14,Free,Organic Search,Germany,7,7,3,1,1,13.2,0,0,0,Free,0,0.0
USR-004936,2025-07-18,2026-09-20,Free,Organic Search,United States,5,5,4,1,0,10.2,0,1,0,Free,0,0.0
USR-004937,2024-10-29,2026-09-21,Pro,Social,Other,9,9,10,1,1,18.4,1,1,1,Active Paid,0,29.0
USR-004938,2025-07-20,2026-09-06,Free,Content,United Kingdom,0,0,1,0,0,0.0,0,1,1,Churned,1,0.0
USR-004939,2026-02-16,2026-09-22,Free,Partnership,Other,3,3,3,0,1,14.8,1,1,1,Free,0,0.0
USR-004940,2026-01-16,2026-09-22,Pro,Organic Search,Germany,4,3,2,0,0,17.2,0,1,1,Active Paid,0,29.0
USR-004941,2025-04-14,2026-09-22,Free,Paid Search,United Kingdom,6,6,4,0,1,10.5,0,1,0,Free,0,0.0
USR-004942,2025-10-31,2026-09-24,Free,Organic Search,France,3,3,0,1,0,18.1,0,1,0,Free,0,0.0
USR-004943,2025-01-25,2026-09-28,Free,Partnership,Canada,5,5,8,1,0,18.3,0,1,1,Free,0,0.0
USR-004944,2025-01-06,2026-09-23,Free,Content,United States,6,6,4,0,1,17.0,0,0,0,Free,0,0.0
USR-004945,2026-08-21,2026-09-24,Pro,Social,France,8,8,12,6,1,20.2,0,1,1,Active Paid,0,29.0
USR-004946,2025-04-16,2026-09-24,Free,Social,Germany,0,0,0,0,1,0.0,1,0,1,Free,0,0.0
USR-004947,2025-12-25,2026-09-26,Free,Social,Canada,4,4,0,0,0,11.4,0,0,0,Free,0,0.0
USR-004948,2025-09-09,2026-09-25,Free,Paid Search,France,6,6,3,2,0,21.2,0,1,1,Free,0,0.0
USR-004949,2026-03-10,2026-09-24,Free,Organic Search,Germany,1,1,0,0,0,9.7,0,1,1,Free,0,0.0
USR-004950,2025-12-26,2026-09-23,Free,Paid Search,United Kingdom,8,5,4,0,2,16.7,0,1,1,Free,0,0.0
USR-004951,2026-01-22,2026-09-06,Free,Organic Search,United Kingdom,0,0,1,0,0,0.0,0,0,1,Churned,1,0.0
USR-004952,2026-08-10,2026-08-16,Free,Social,United States,5,5,2,2,0,5.9,0,1,1,Churned,1,0.0
USR-004953,2025-03-05,2026-07-19,Free,Paid Search,Germany,1,1,1,0,0,12.4,1,0,1,Churned,1,0.0
USR-004954,2026-06-05,2026-08-12,Free,Referral,United States,8,2,3,0,1,12.1,0,0,0,Churned,1,0.0
USR-004955,2025-12-21,2026-09-19,Free,Social,United States,5,5,3,0,1,16.7,0,1,1,Free,0,0.0
USR-004956,2026-04-30,2026-09-24,Free,Social,Australia,5,5,3,1,0,14.0,0,1,0,Free,0,0.0
USR-004957,2026-05-24,2026-08-07,Free,Partnership,United States,3,3,1,0,1,6.2,0,1,1,Churned,1,0.0
USR-004958,2025-12-23,2026-09-16,Free,Paid Search,United States,8,5,0,0,1,16.3,0,1,0,Free,0,0.0
USR-004959,2024-11-28,2026-09-21,Free,Referral,Other,2,2,0,0,0,14.2,0,1,1,Free,0,0.0
USR-004960,2024-11-09,2026-09-26,Free,Organic Search,France,6,6,5,2,2,21.0,0,1,1,Free,0,0.0
USR-004961,2025-12-17,2026-09-24,Pro,Referral,Australia,8,8,6,4,0,9.5,0,0,1,Active Paid,0,29.0
USR-004962,2025-09-19,2026-09-14,Free,Social,United Kingdom,1,1,0,0,0,9.6,1,0,0,Free,0,0.0
USR-004963,2024-10-11,2026-09-20,Pro,Organic Search,Germany,7,5,1,1,2,13.8,3,0,1,Active Paid,0,29.0
USR-004964,2026-04-01,2026-09-24,Pro,Organic Search,Other,12,12,10,5,1,19.3,0,1,1,Active Paid,0,29.0
USR-004965,2024-11-09,2026-09-26,Free,Referral,United States,4,4,1,0,0,15.8,0,1,1,Free,0,0.0
USR-004966,2026-07-02,2026-09-25,Free,Referral,United States,5,5,0,0,0,9.6,0,0,0,Free,0,0.0
USR-004967,2026-04-07,2026-08-26,Free,Referral,United States,9,9,2,3,0,17.1,0,1,0,Churned,1,0.0
USR-004968,2026-01-17,2026-09-19,Free,Paid Search,Other,5,1,0,0,0,9.3,0,0,0,Free,0,0.0
USR-004969,2026-08-20,2026-09-18,Free,Referral,United States,8,6,4,2,1,16.0,0,0,0,Free,0,0.0
USR-004970,2025-02-09,2026-09-17,Free,Social,Canada,0,0,0,0,0,0.0,0,0,0,Free,0,0.0
USR-004971,2025-01-12,2026-09-28,Pro,Organic Search,Canada,10,10,7,5,1,15.7,0,1,1,Active Paid,0,29.0
USR-004972,2025-12-15,2026-09-22,Free,Social,Other,1,1,2,0,0,6.4,0,0,0,Free,0,0.0
USR-004973,2025-01-25,2026-07-05,Pro,Social,United States,9,9,8,3,2,14.0,0,1,1,Churned,1,0.0
USR-004974,2025-03-12,2026-09-25,Pro,Content,Canada,4,4,1,2,2,13.4,0,1,1,Active Paid,0,29.0
USR-004975,2025-02-19,2026-09-21,Free,Paid Search,Other,5,5,0,0,0,18.0,0,1,1,Free,0,0.0
USR-004976,2025-02-19,2026-09-27,Team,Paid Search,United States,10,10,7,5,4,19.1,0,1,1,Active Paid,0,89.0
USR-004977,2025-08-01,2026-09-22,Team,Partnership,Germany,7,7,1,2,8,5.7,1,1,1,Active Paid,0,89.0
USR-004978,2026-06-28,2026-09-22,Free,Content,United States,4,4,0,0,1,23.7,1,1,1,Free,0,0.0
USR-004979,2024-11-24,2026-09-28,Free,Organic Search,United States,7,7,3,1,0,14.3,0,1,0,Free,0,0.0
USR-004980,2025-07-07,2026-09-23,Free,Content,United States,5,5,4,1,1,8.0,1,0,0,Free,0,0.0
USR-004981,2024-12-10,2026-09-14,Free,Organic Search,United Kingdom,3,3,1,0,0,20.1,0,0,0,Churned,1,0.0
USR-004982,2024-10-30,2026-09-25,Free,Content,United States,8,8,8,5,0,20.6,0,0,0,Free,0,0.0
USR-004983,2026-05-05,2026-09-23,Free,Organic Search,Australia,8,8,5,0,1,12.9,0,1,1,Free,0,0.0
USR-004984,2025-12-02,2026-08-09,Free,Paid Search,Canada,3,1,1,0,0,4.3,0,0,1,Churned,1,0.0
USR-004985,2026-05-01,2026-09-20,Pro,Partnership,United Kingdom,13,13,5,3,0,16.6,0,1,1,Active Paid,0,29.0
USR-004986,2026-08-10,2026-09-20,Free,Organic Search,France,4,4,2,0,1,13.6,0,1,0,Free,0,0.0
USR-004987,2024-10-25,2026-09-24,Free,Content,Other,10,8,12,3,5,17.5,1,1,1,Free,0,0.0
USR-004988,2024-11-24,2026-09-14,Free,Social,United States,4,3,0,1,0,11.1,0,1,0,Free,0,0.0
USR-004989,2024-11-18,2026-09-20,Pro,Organic Search,United States,9,9,12,2,2,9.6,0,1,1,Active Paid,0,29.0
USR-004990,2024-12-23,2026-09-26,Pro,Partnership,United States,5,5,6,2,0,12.7,1,1,1,Active Paid,0,29.0
USR-004991,2025-06-09,2026-08-10,Free,Social,Other,4,4,1,0,1,9.0,0,0,0,Churned,1,0.0
USR-004992,2025-09-07,2026-09-25,Pro,Content,Other,10,10,14,2,3,16.3,1,1,1,Active Paid,0,29.0
USR-004993,2024-10-07,2026-09-25,Free,Content,Canada,0,0,2,0,0,0.0,1,1,0,Free,0,0.0
USR-004994,2025-08-17,2026-09-10,Pro,Organic Search,United States,17,17,18,11,3,14.3,0,1,1,Churned,1,0.0
USR-004995,2025-06-13,2026-07-23,Pro,Paid Search,Canada,10,10,9,4,4,14.5,1,1,1,Churned,1,0.0
USR-004996,2026-04-17,2026-08-22,Free,Paid Search,Germany,3,3,3,0,1,9.6,1,0,1,Churned,1,0.0
USR-004997,2025-03-31,2026-09-23,Pro,Social,United Kingdom,4,4,3,2,0,13.4,1,1,1,Active Paid,0,29.0
USR-004998,2025-02-07,2026-09-12,Pro,Organic Search,United States,5,5,3,3,0,20.5,0,1,1,Churned,1,0.0
USR-004999,2025-05-18,2026-09-20,Pro,Paid Search,United Kingdom,6,6,3,2,3,17.0,0,1,1,Active Paid,0,29.0
USR-005000,2025-09-24,2026-09-23,Free,Content,France,3,3,1,1,1,25.8,0,1,0,Free,0,0.0
USR-005001,2026-04-27,2026-09-19,Pro,Organic Search,Other,7,7,1,0,1,7.5,2,1,1,Active Paid,0,29.0
USR-005002,2026-08-22,2026-08-22,Free,Referral,United States,12,9,9,1,4,18.1,0,1,1,Churned,1,0.0
USR-005003,2025-06-24,2026-09-26,Pro,Social,Other,8,8,8,2,3,16.7,0,1,1,Active Paid,0,29.0
USR-005004,2025-05-15,2026-07-15,Pro,Organic Search,United Kingdom,3,3,1,0,1,13.1,0,1,1,Churned,1,0.0
USR-005005,2025-03-12,2026-07-06,Free,Organic Search,Germany,0,0,2,0,0,0.0,0,0,0,Churned,1,0.0
USR-005006,2024-11-05,2026-08-05,Free,Organic Search,Other,6,6,7,1,3,21.1,0,1,0,Churned,1,0.0
USR-005007,2025-09-25,2026-09-23,Free,Social,Canada,9,7,3,0,2,12.5,1,0,0,Free,0,0.0
USR-005008,2025-01-31,2026-09-21,Free,Organic Search,United States,5,5,2,0,0,15.3,1,0,0,Free,0,0.0
USR-005009,2025-04-21,2026-09-18,Free,Content,United States,1,1,0,0,0,16.6,0,1,1,Free,0,0.0
USR-005010,2026-03-01,2026-09-18,Free,Content,Australia,3,3,0,0,0,11.6,0,1,0,Free,0,0.0
USR-005011,2025-01-19,2026-09-26,Pro,Organic Search,Canada,9,9,5,3,2,25.6,1,1,1,Active Paid,0,29.0
USR-005012,2026-08-08,2026-09-23,Free,Content,United Kingdom,6,6,4,1,1,11.3,0,1,0,Free,0,0.0
USR-005013,2025-07-14,2026-07-31,Free,Partnership,Germany,9,9,2,0,0,19.9,1,1,1,Churned,1,0.0
USR-005014,2024-11-12,2026-09-28,Pro,Organic Search,United States,12,12,7,11,7,23.6,0,1,1,Active Paid,0,29.0
USR-005015,2025-06-01,2026-09-23,Free,Partnership,United States,10,7,9,1,0,16.2,0,1,1,Free,0,0.0
USR-005016,2024-11-15,2026-09-22,Free,Paid Search,Australia,0,0,0,0,0,0.0,0,0,0,Free,0,0.0
USR-005017,2026-08-06,2026-09-24,Pro,Referral,United Kingdom,9,9,11,3,3,21.3,0,1,1,Active Paid,0,29.0
USR-005018,2025-08-31,2026-09-20,Team,Organic Search,United States,9,7,9,1,4,9.7,1,0,1,Active Paid,0,89.0
USR-005019,2025-03-06,2026-09-24,Pro,Content,United Kingdom,12,12,15,3,7,14.5,1,1,1,Active Paid,0,29.0
USR-005020,2025-06-13,2026-09-20,Free,Content,Other,11,9,7,0,1,17.6,0,1,0,Free,0,0.0
USR-005021,2024-12-25,2026-09-28,Free,Partnership,United States,13,12,10,4,6,15.8,0,1,0,Free,0,0.0
USR-005022,2025-10-20,2026-09-23,Team,Partnership,United States,8,8,4,2,5,12.0,0,1,1,Active Paid,0,89.0
USR-005023,2025-05-15,2026-09-25,Pro,Organic Search,United Kingdom,14,14,6,3,6,18.3,0,0,1,Active Paid,0,29.0
USR-005024,2025-11-19,2026-09-27,Pro,Referral,United States,5,5,9,3,1,15.4,1,1,1,Active Paid,0,29.0
USR-005025,2024-12-31,2026-09-27,Pro,Paid Search,United States,10,10,11,7,1,19.2,1,1,1,Active Paid,0,29.0
USR-005026,2026-06-22,2026-09-28,Free,Organic Search,United States,7,7,5,0,3,24.9,0,1,1,Free,0,0.0
USR-005027,2026-03-18,2026-07-15,Free,Organic Search,United States,0,0,0,0,0,0.0,0,1,1,Churned,1,0.0
USR-005028,2026-07-08,2026-09-16,Pro,Partnership,Germany,11,7,6,2,2,12.9,0,0,1,Active Paid,0,29.0
USR-005029,2025-05-01,2026-07-15,Pro,Referral,United States,0,0,0,0,0,0.0,0,1,1,Churned,1,0.0
USR-005030,2026-04-02,2026-09-26,Free,Organic Search,United Kingdom,3,3,2,0,0,11.8,0,1,0,Free,0,0.0
USR-005031,2026-02-01,2026-09-25,Pro,Partnership,France,12,12,12,7,3,16.4,1,1,1,Active Paid,0,29.0
USR-005032,2025-01-25,2026-07-18,Free,Content,United States,9,6,3,3,0,7.5,1,1,1,Churned,1,0.0
USR-005033,2026-01-01,2026-08-09,Team,Paid Search,United States,8,8,6,3,4,19.8,1,1,1,Churned,1,0.0
USR-005034,2026-06-03,2026-09-17,Free,Social,Other,7,7,0,2,1,12.2,0,1,0,Free,0,0.0
USR-005035,2026-09-01,2026-09-01,Pro,Referral,Germany,7,7,2,1,0,15.4,1,0,1,Churned,1,0.0
USR-005036,2026-04-06,2026-09-24,Free,Referral,Germany,3,3,2,0,1,17.3,0,1,1,Free,0,0.0
USR-005037,2024-11-30,2026-09-22,Pro,Social,Canada,8,8,1,2,1,15.9,0,1,1,Active Paid,0,29.0
USR-005038,2025-08-19,2026-07-29,Pro,Social,Other,8,8,4,1,4,16.2,1,1,1,Churned,1,0.0
USR-005039,2024-10-04,2026-08-25,Free,Organic Search,United States,2,2,1,0,0,13.1,0,0,0,Churned,1,0.0
USR-005040,2026-04-15,2026-09-24,Pro,Social,United States,9,4,3,3,2,16.6,0,0,1,Active Paid,0,29.0
USR-005041,2026-01-07,2026-09-26,Team,Paid Search,Australia,1,1,0,1,1,16.4,1,1,1,Active Paid,0,89.0
USR-005042,2026-05-22,2026-09-21,Pro,Paid Search,United States,5,5,2,1,0,8.8,0,0,1,Active Paid,0,29.0
USR-005043,2025-12-05,2026-09-25,Free,Paid Search,Canada,12,10,8,1,1,21.2,0,1,0,Free,0,0.0
USR-005044,2025-08-09,2026-09-27,Pro,Referral,United States,7,7,5,4,2,17.0,2,1,1,Active Paid,0,29.0
USR-005045,2025-02-15,2026-09-07,Free,Paid Search,United Kingdom,4,4,1,0,0,14.6,1,0,0,Churned,1,0.0
USR-005046,2025-12-26,2026-09-22,Pro,Paid Search,Germany,0,0,0,0,0,0.0,0,1,1,Active Paid,0,29.0
USR-005047,2025-03-13,2026-09-22,Free,Organic Search,Canada,7,7,5,0,4,12.3,0,1,1,Free,0,0.0
USR-005048,2025-06-25,2026-09-24,Pro,Partnership,Canada,8,8,2,0,0,15.7,0,1,1,Active Paid,0,29.0
USR-005049,2026-02-19,2026-09-27,Free,Organic Search,United States,12,9,8,3,4,12.2,0,1,0,Free,0,0.0
USR-005050,2024-12-02,2026-09-25,Free,Paid Search,United States,0,0,1,0,0,0.0,1,1,0,Free,0,0.0
USR-005051,2025-11-09,2026-09-01,Free,Organic Search,France,4,4,2,0,0,19.2,2,1,1,Churned,1,0.0
USR-005052,2026-05-31,2026-09-24,Free,Referral,United States,8,8,5,2,1,11.7,0,1,0,Free,0,0.0
USR-005053,2024-10-27,2026-07-18,Free,Paid Search,Germany,0,0,0,0,0,0.0,0,1,0,Churned,1,0.0
USR-005054,2024-12-01,2026-09-28,Free,Paid Search,Canada,10,10,6,2,0,19.2,0,1,1,Free,0,0.0
USR-005055,2026-08-11,2026-08-27,Pro,Content,United Kingdom,8,8,4,9,2,20.1,0,0,1,Churned,1,0.0
USR-005056,2024-12-09,2026-09-23,Free,Referral,United Kingdom,6,6,4,0,1,12.7,1,1,1,Free,0,0.0
USR-005057,2024-11-07,2026-08-23,Free,Social,Australia,4,4,1,0,0,13.3,0,0,0,Churned,1,0.0
USR-005058,2025-01-31,2026-07-03,Pro,Social,United Kingdom,6,6,6,0,3,16.0,0,1,1,Churned,1,0.0
USR-005059,2026-03-17,2026-09-26,Team,Partnership,United States,3,3,1,2,3,13.9,2,1,1,Active Paid,0,89.0
USR-005060,2025-06-21,2026-09-26,Team,Partnership,Other,11,11,11,12,6,10.7,0,0,1,Active Paid,0,89.0
USR-005061,2025-08-27,2026-08-16,Pro,Referral,United States,8,8,4,4,6,20.0,0,1,1,Churned,1,0.0
USR-005062,2025-06-29,2026-09-27,Team,Referral,Australia,23,22,24,15,13,25.5,0,1,1,Active Paid,0,89.0
USR-005063,2025-07-02,2026-09-28,Pro,Content,United States,0,0,0,0,1,0.0,2,1,1,Active Paid,0,29.0
USR-005064,2025-06-15,2026-09-26,Team,Partnership,United Kingdom,14,14,13,7,4,15.2,0,1,1,Active Paid,0,89.0
USR-005065,2025-09-13,2026-09-22,Team,Organic Search,Canada,7,7,2,2,2,10.0,0,1,1,Active Paid,0,89.0
USR-005066,2025-05-10,2026-07-02,Free,Partnership,United States,6,6,0,1,1,15.5,0,1,0,Churned,1,0.0
USR-005067,2025-09-04,2026-09-07,Pro,Referral,France,13,13,3,7,2,16.1,1,1,1,Churned,1,0.0
USR-005068,2026-09-04,2026-09-21,Pro,Social,United States,8,6,1,2,3,20.4,0,1,1,Active Paid,0,29.0
USR-005069,2026-08-21,2026-09-26,Pro,Paid Search,Canada,14,11,7,4,2,21.0,0,1,1,Active Paid,0,29.0
USR-005070,2024-10-30,2026-09-08,Team,Paid Search,Australia,5,5,3,1,0,10.9,0,1,1,Churned,1,0.0
USR-005071,2024-12-04,2026-09-24,Free,Content,Germany,4,4,1,2,1,9.0,0,1,1,Free,0,0.0
USR-005072,2025-07-24,2026-09-23,Free,Referral,United Kingdom,8,6,2,1,0,12.5,0,0,0,Free,0,0.0
USR-005073,2026-05-14,2026-09-28,Pro,Organic Search,United Kingdom,5,5,4,2,0,21.8,1,1,1,Active Paid,0,29.0
USR-005074,2025-03-06,2026-09-29,Pro,Social,United States,9,9,3,3,6,20.4,2,0,1,Active Paid,0,29.0
USR-005075,2026-06-05,2026-09-21,Team,Organic Search,Other,16,15,17,12,14,21.8,0,1,1,Active Paid,0,89.0
USR-005076,2025-12-20,2026-07-30,Team,Social,Germany,7,6,4,2,2,10.7,0,0,1,Churned,1,0.0
USR-005077,2026-01-23,2026-09-23,Pro,Social,Germany,10,10,7,2,6,14.8,2,0,1,Active Paid,0,29.0
USR-005078,2026-09-07,2026-09-27,Team,Referral,United Kingdom,7,7,8,2,3,10.2,0,0,1,Active Paid,0,89.0
USR-005079,2025-02-15,2026-09-26,Free,Organic Search,United Kingdom,4,4,2,0,1,15.6,1,0,0,Free,0,0.0
USR-005080,2025-09-16,2026-09-24,Team,Organic Search,United States,6,6,1,5,2,16.5,0,1,1,Active Paid,0,89.0
USR-005081,2026-02-01,2026-09-20,Free,Paid Search,United States,3,3,0,1,1,2.0,0,1,1,Free,0,0.0
USR-005082,2025-09-18,2026-09-17,Free,Social,United Kingdom,8,6,1,1,0,13.3,0,0,0,Free,0,0.0
USR-005083,2026-09-15,2026-09-15,Free,Partnership,United States,3,3,2,0,0,10.3,0,0,0,Churned,1,0.0
USR-005084,2025-11-07,2026-08-13,Pro,Referral,United States,11,11,10,2,5,15.9,1,1,1,Churned,1,0.0
USR-005085,2025-09-09,2026-09-25,Free,Referral,Canada,4,3,0,0,0,10.6,0,1,0,Free,0,0.0
USR-005086,2026-01-16,2026-09-27,Free,Paid Search,Canada,2,2,1,0,1,14.8,1,1,1,Free,0,0.0
USR-005087,2025-01-30,2026-09-17,Pro,Organic Search,United Kingdom,11,8,5,0,2,17.3,2,1,1,Active Paid,0,29.0
USR-005088,2026-03-21,2026-07-06,Pro,Content,Australia,8,8,8,6,4,17.3,0,1,1,Churned,1,0.0
USR-005089,2026-06-09,2026-09-10,Free,Social,Germany,7,6,0,0,0,11.2,0,0,0,Churned,1,0.0
USR-005090,2025-09-03,2026-09-27,Pro,Organic Search,United States,14,14,14,6,5,17.1,0,1,1,Active Paid,0,29.0
USR-005091,2024-12-20,2026-08-03,Free,Social,Australia,5,5,0,1,0,16.0,0,0,0,Churned,1,0.0
USR-005092,2025-12-21,2026-09-22,Free,Referral,Canada,10,10,5,0,0,6.5,0,1,0,Free,0,0.0
USR-005093,2026-08-13,2026-09-21,Free,Paid Search,Canada,7,6,1,0,0,13.0,0,1,1,Free,0,0.0
USR-005094,2024-10-22,2026-09-23,Pro,Organic Search,Other,10,10,10,6,3,13.8,0,1,1,Active Paid,0,29.0
USR-005095,2025-11-02,2026-09-25,Pro,Referral,United States,15,15,17,11,7,20.2,1,1,1,Active Paid,0,29.0
USR-005096,2026-05-15,2026-09-29,Pro,Organic Search,Germany,8,8,6,2,0,18.9,1,1,1,Active Paid,0,29.0
USR-005097,2025-07-02,2026-09-16,Pro,Paid Search,United States,6,6,1,2,0,11.3,1,1,1,Active Paid,0,29.0
USR-005098,2026-01-30,2026-09-20,Pro,Content,United States,10,9,4,5,1,14.7,0,1,1,Active Paid,0,29.0
USR-005099,2024-11-14,2026-09-26,Pro,Partnership,United Kingdom,6,6,9,1,3,19.2,1,0,1,Active Paid,0,29.0
USR-005100,2026-02-17,2026-07-27,Team,Paid Search,United States,4,4,5,0,1,11.0,1,1,1,Churned,1,0.0
USR-005101,2025-08-18,2026-09-22,Free,Organic Search,United States,3,3,2,0,1,13.5,0,0,0,Free,0,0.0
USR-005102,2025-08-23,2026-09-19,Free,Social,Canada,0,0,0,0,0,0.0,0,0,1,Free,0,0.0
USR-005103,2026-03-26,2026-09-06,Free,Paid Search,United Kingdom,3,3,1,1,0,19.0,1,1,0,Churned,1,0.0
USR-005104,2025-09-24,2026-09-25,Pro,Content,United Kingdom,8,8,5,2,2,10.7,0,1,1,Active Paid,0,29.0
USR-005105,2026-06-30,2026-09-21,Free,Referral,United States,7,7,5,0,0,15.2,1,0,0,Free,0,0.0
USR-005106,2025-06-12,2026-09-23,Free,Paid Search,United Kingdom,0,0,0,0,0,0.0,1,1,1,Free,0,0.0
USR-005107,2025-03-22,2026-09-24,Team,Referral,Canada,10,10,6,3,5,10.3,2,1,1,Active Paid,0,89.0
USR-005108,2024-11-05,2026-09-26,Team,Paid Search,Canada,6,6,3,1,1,16.0,1,1,1,Active Paid,0,89.0
USR-005109,2026-01-26,2026-09-24,Free,Social,France,14,10,9,4,2,17.6,0,1,0,Free,0,0.0
USR-005110,2026-02-24,2026-09-23,Free,Partnership,Other,0,0,0,0,0,0.0,0,1,1,Free,0,0.0
USR-005111,2025-08-19,2026-09-21,Free,Organic Search,United States,7,7,5,2,1,19.8,0,1,0,Free,0,0.0
USR-005112,2025-05-08,2026-09-23,Free,Paid Search,United Kingdom,0,0,0,0,0,0.0,0,0,1,Free,0,0.0
USR-005113,2024-10-06,2026-09-24,Pro,Content,Other,7,7,4,2,1,12.6,1,1,1,Active Paid,0,29.0
USR-005114,2026-08-29,2026-09-26,Pro,Social,Germany,12,12,8,6,1,15.7,0,1,1,Active Paid,0,29.0
USR-005115,2026-03-29,2026-07-14,Free,Paid Search,Other,0,0,1,0,0,0.0,0,0,1,Churned,1,0.0
USR-005116,2026-03-12,2026-09-20,Free,Organic Search,France,2,2,0,0,0,11.9,1,0,0,Free,0,0.0
USR-005117,2026-03-17,2026-09-22,Free,Paid Search,France,7,7,3,0,0,15.4,0,1,0,Free,0,0.0
USR-005118,2025-10-19,2026-09-29,Free,Social,United States,10,10,8,6,3,14.8,0,1,0,Free,0,0.0
USR-005119,2024-12-30,2026-09-19,Free,Paid Search,United States,9,4,3,3,1,12.3,0,1,1,Free,0,0.0
USR-005120,2026-08-24,2026-09-24,Pro,Paid Search,Germany,12,12,9,5,1,16.0,2,1,1,Active Paid,0,29.0
USR-005121,2025-02-09,2026-09-25,Free,Paid Search,Canada,8,8,5,2,1,16.3,2,1,1,Free,0,0.0
USR-005122,2025-07-01,2026-09-25,Team,Referral,Australia,5,5,2,3,6,13.8,0,1,1,Active Paid,0,89.0
USR-005123,2025-07-03,2026-09-23,Free,Content,Other,8,8,8,1,1,11.2,0,1,1,Free,0,0.0
USR-005124,2025-05-19,2026-09-24,Pro,Referral,United States,0,0,1,0,0,0.0,1,1,1,Active Paid,0,29.0
USR-005125,2026-06-25,2026-09-22,Free,Referral,United Kingdom,7,7,3,2,0,16.5,0,1,0,Free,0,0.0
USR-005126,2025-03-31,2026-09-22,Free,Content,Other,6,6,1,2,0,16.8,0,0,0,Free,0,0.0
USR-005127,2026-03-22,2026-09-27,Team,Organic Search,Australia,16,12,14,9,5,27.8,1,0,1,Active Paid,0,89.0
USR-005128,2025-09-11,2026-09-26,Pro,Paid Search,Australia,8,6,5,1,1,11.1,0,1,1,Active Paid,0,29.0
USR-005129,2025-05-20,2026-09-16,Free,Organic Search,Germany,3,3,4,1,0,8.7,0,1,1,Free,0,0.0
USR-005130,2025-07-11,2026-09-19,Free,Paid Search,Other,2,2,1,0,0,11.3,0,0,0,Free,0,0.0
USR-005131,2026-01-27,2026-09-27,Pro,Partnership,United Kingdom,11,9,10,5,1,18.3,1,1,1,Active Paid,0,29.0
USR-005132,2025-12-06,2026-09-23,Team,Paid Search,United States,12,10,12,9,3,20.3,0,0,1,Active Paid,0,89.0
USR-005133,2025-10-10,2026-09-22,Pro,Content,United States,12,4,8,5,4,13.5,0,1,1,Active Paid,0,29.0
USR-005134,2026-08-17,2026-09-22,Free,Organic Search,United Kingdom,7,7,2,3,1,14.6,0,1,0,Free,0,0.0
USR-005135,2025-04-14,2026-09-15,Free,Social,Australia,6,6,4,1,1,16.7,0,1,0,Free,0,0.0
USR-005136,2026-07-06,2026-09-22,Free,Paid Search,United Kingdom,0,0,0,0,0,0.0,0,0,0,Free,0,0.0
USR-005137,2025-10-23,2026-08-31,Free,Organic Search,Germany,0,0,1,0,0,0.0,0,0,0,Churned,1,0.0
USR-005138,2025-06-04,2026-07-22,Pro,Paid Search,United Kingdom,4,4,1,1,0,16.3,0,0,1,Churned,1,0.0
USR-005139,2026-07-20,2026-09-25,Pro,Referral,France,9,9,6,2,3,18.9,1,1,1,Active Paid,0,29.0
USR-005140,2024-10-04,2026-09-22,Free,Social,United States,7,7,6,0,2,8.5,1,0,0,Free,0,0.0
USR-005141,2025-12-20,2026-09-22,Pro,Content,Canada,4,4,1,1,0,11.5,3,1,1,Active Paid,0,29.0
USR-005142,2026-09-04,2026-09-25,Pro,Content,United States,7,7,4,2,1,17.2,0,1,1,Active Paid,0,29.0
USR-005143,2025-06-02,2026-09-24,Pro,Social,Canada,6,6,4,2,1,22.6,0,1,1,Active Paid,0,29.0
USR-005144,2025-08-13,2026-07-28,Free,Partnership,United Kingdom,5,5,3,0,0,20.9,0,1,0,Churned,1,0.0
USR-005145,2025-06-15,2026-09-09,Free,Organic Search,Germany,4,4,1,0,1,20.2,1,1,1,Churned,1,0.0
USR-005146,2025-03-28,2026-09-23,Free,Paid Search,Canada,8,8,7,3,2,15.3,1,1,0,Free,0,0.0
USR-005147,2025-10-10,2026-08-24,Free,Paid Search,Other,0,0,0,0,0,0.0,0,0,0,Churned,1,0.0
USR-005148,2025-02-01,2026-09-24,Free,Social,Other,8,8,5,0,2,16.6,0,1,0,Free,0,0.0
USR-005149,2025-12-25,2026-09-21,Free,Social,United States,2,2,0,0,0,7.5,0,0,0,Free,0,0.0
USR-005150,2025-08-22,2026-09-21,Free,Social,United States,13,13,9,1,4,15.6,0,1,0,Free,0,0.0
USR-005151,2026-05-25,2026-09-19,Free,Content,United States,12,9,5,3,1,16.4,0,0,0,Free,0,0.0
USR-005152,2025-06-29,2026-08-20,Team,Paid Search,United States,7,7,7,0,4,12.4,2,1,1,Churned,1,0.0
USR-005153,2026-03-12,2026-09-25,Pro,Content,United States,10,10,9,2,5,19.7,1,1,1,Active Paid,0,29.0
USR-005154,2025-05-05,2026-09-26,Free,Social,Other,9,7,4,1,1,15.5,0,1,0,Free,0,0.0
USR-005155,2025-02-20,2026-09-17,Team,Social,Other,6,6,4,0,5,12.6,1,0,1,Active Paid,0,89.0
USR-005156,2025-01-09,2026-07-19,Free,Paid Search,United States,7,7,6,6,1,12.6,0,1,0,Churned,1,0.0
USR-005157,2024-11-20,2026-09-26,Free,Paid Search,France,5,5,5,1,1,15.2,0,1,1,Free,0,0.0
USR-005158,2026-06-20,2026-07-13,Pro,Paid Search,Australia,9,8,5,4,2,17.8,0,1,1,Churned,1,0.0
USR-005159,2026-06-09,2026-08-20,Free,Referral,United Kingdom,4,4,1,0,0,12.0,1,0,0,Churned,1,0.0
USR-005160,2024-11-22,2026-09-20,Free,Social,Other,3,3,0,0,1,16.0,0,1,1,Free,0,0.0
USR-005161,2025-12-17,2026-09-26,Free,Organic Search,Other,6,6,2,0,1,25.0,0,1,1,Free,0,0.0
USR-005162,2026-08-28,2026-09-19,Free,Referral,Other,4,4,3,0,0,26.7,1,1,0,Free,0,0.0
USR-005163,2026-02-22,2026-09-23,Pro,Referral,France,11,11,9,6,4,15.9,0,1,1,Active Paid,0,29.0
USR-005164,2025-01-26,2026-09-23,Free,Partnership,United Kingdom,15,13,9,6,1,14.3,1,1,0,Free,0,0.0
USR-005165,2026-01-05,2026-08-28,Free,Social,United States,0,0,0,0,0,0.0,1,1,0,Churned,1,0.0
USR-005166,2026-07-23,2026-09-22,Free,Referral,Other,1,1,1,0,1,13.4,0,1,1,Free,0,0.0
USR-005167,2025-04-17,2026-09-19,Free,Social,United States,2,2,0,0,0,5.7,1,0,0,Free,0,0.0
USR-005168,2026-04-29,2026-09-25,Free,Referral,United Kingdom,9,9,7,1,2,18.5,0,1,1,Free,0,0.0
USR-005169,2026-01-06,2026-09-22,Pro,Paid Search,United States,4,4,1,1,0,17.2,1,1,1,Active Paid,0,29.0
USR-005170,2026-09-13,2026-09-25,Pro,Organic Search,Canada,8,8,6,0,3,23.0,0,1,1,Active Paid,0,29.0
USR-005171,2025-07-12,2026-08-14,Free,Partnership,United States,5,5,1,0,0,15.1,0,1,0,Churned,1,0.0
USR-005172,2025-11-01,2026-09-23,Pro,Referral,Australia,8,8,5,1,3,18.0,1,0,1,Active Paid,0,29.0
USR-005173,2025-01-04,2026-09-18,Free,Social,Canada,1,1,0,0,0,10.9,1,0,0,Free,0,0.0
USR-005174,2026-01-19,2026-09-19,Free,Social,United Kingdom,5,5,3,0,2,16.3,0,0,0,Free,0,0.0
USR-005175,2026-04-22,2026-09-23,Free,Referral,United Kingdom,6,6,4,0,0,19.7,0,1,1,Free,0,0.0
USR-005176,2026-05-20,2026-09-25,Free,Organic Search,Germany,8,8,4,2,1,16.6,0,1,0,Free,0,0.0
USR-005177,2026-04-25,2026-09-29,Pro,Paid Search,Australia,8,8,3,2,0,18.5,0,0,1,Active Paid,0,29.0
USR-005178,2025-10-28,2026-09-22,Team,Organic Search,Other,9,7,3,3,2,7.6,0,1,1,Active Paid,0,89.0
USR-005179,2026-07-15,2026-08-01,Free,Organic Search,Other,7,7,5,0,1,9.5,0,0,0,Churned,1,0.0
USR-005180,2025-12-02,2026-09-17,Free,Organic Search,United Kingdom,6,4,1,1,0,5.9,0,0,0,Free,0,0.0
USR-005181,2025-01-12,2026-09-25,Pro,Referral,Australia,9,9,6,5,1,13.8,1,1,1,Active Paid,0,29.0
USR-005182,2025-03-16,2026-07-18,Free,Organic Search,Canada,2,2,1,0,0,19.3,0,1,0,Churned,1,0.0
USR-005183,2025-06-17,2026-09-20,Free,Content,Germany,8,8,4,0,0,10.8,0,0,0,Free,0,0.0
USR-005184,2024-12-16,2026-09-25,Team,Content,France,12,12,11,10,14,19.7,1,1,1,Active Paid,0,89.0
USR-005185,2025-03-07,2026-07-30,Pro,Organic Search,United Kingdom,14,13,11,2,5,18.3,1,1,1,Churned,1,0.0
USR-005186,2025-06-06,2026-09-26,Team,Referral,Canada,13,13,13,9,10,21.5,0,1,1,Active Paid,0,89.0
USR-005187,2025-01-06,2026-09-22,Free,Social,France,7,7,4,2,1,12.4,1,1,0,Free,0,0.0
USR-005188,2026-06-19,2026-09-19,Free,Content,United States,5,5,1,3,0,6.4,2,1,0,Free,0,0.0
USR-005189,2025-02-07,2026-09-23,Free,Social,France,3,3,0,0,1,17.6,0,0,1,Free,0,0.0
USR-005190,2026-02-16,2026-09-17,Team,Paid Search,United Kingdom,1,1,1,0,0,9.8,1,0,1,Active Paid,0,89.0
USR-005191,2025-04-09,2026-09-23,Free,Paid Search,Germany,2,2,3,0,0,20.4,0,1,1,Free,0,0.0
USR-005192,2024-12-01,2026-09-26,Free,Content,Australia,8,8,6,3,1,19.8,0,0,0,Free,0,0.0
USR-005193,2025-09-26,2026-09-26,Free,Organic Search,United States,10,10,13,3,0,12.5,0,1,1,Free,0,0.0
USR-005194,2026-07-14,2026-09-29,Pro,Content,United States,22,13,19,15,7,22.7,1,1,1,Active Paid,0,29.0
USR-005195,2025-12-25,2026-09-24,Pro,Organic Search,Canada,9,9,0,0,0,10.1,0,1,1,Active Paid,0,29.0
USR-005196,2025-11-29,2026-09-28,Pro,Referral,United States,15,15,11,10,5,10.1,0,1,1,Active Paid,0,29.0
USR-005197,2024-11-15,2026-09-21,Free,Social,United States,0,0,1,1,0,0.0,0,0,0,Free,0,0.0
USR-005198,2024-11-11,2026-08-25,Pro,Organic Search,France,11,8,13,1,3,14.3,1,1,1,Churned,1,0.0
USR-005199,2025-08-05,2026-09-22,Free,Organic Search,United States,6,6,0,0,0,14.7,1,1,0,Free,0,0.0
USR-005200,2024-11-05,2026-07-29,Free,Paid Search,Germany,1,1,1,0,0,11.5,0,0,0,Churned,1,0.0
USR-005201,2025-11-08,2026-07-23,Free,Referral,United States,7,7,3,0,0,18.3,0,1,0,Churned,1,0.0
USR-005202,2025-11-25,2026-08-14,Free,Referral,United States,3,3,2,0,0,16.0,0,1,0,Churned,1,0.0
USR-005203,2025-01-25,2026-09-26,Free,Organic Search,United Kingdom,2,2,2,0,0,9.2,0,1,1,Free,0,0.0
USR-005204,2025-05-26,2026-09-24,Team,Social,Other,7,7,2,3,1,7.9,1,0,1,Active Paid,0,89.0
USR-005205,2025-09-07,2026-08-18,Free,Organic Search,Canada,2,2,0,0,1,13.2,0,0,0,Churned,1,0.0
USR-005206,2025-10-24,2026-09-26,Free,Referral,United Kingdom,4,4,1,1,0,9.9,1,0,0,Free,0,0.0
USR-005207,2025-04-29,2026-09-22,Pro,Content,United Kingdom,11,11,6,6,4,14.2,1,0,1,Active Paid,0,29.0
USR-005208,2025-03-26,2026-09-19,Pro,Content,Canada,8,7,4,6,2,21.2,0,0,1,Active Paid,0,29.0
USR-005209,2025-09-30,2026-09-22,Free,Content,Germany,13,12,8,2,4,15.7,0,1,1,Free,0,0.0
USR-005210,2026-08-24,2026-09-23,Pro,Paid Search,United States,6,6,5,1,3,10.0,0,1,1,Active Paid,0,29.0
USR-005211,2026-07-05,2026-09-20,Free,Paid Search,United States,6,5,2,1,0,6.4,1,1,0,Free,0,0.0
USR-005212,2026-06-04,2026-09-19,Free,Content,Canada,10,10,9,0,4,19.9,0,1,1,Free,0,0.0
USR-005213,2025-10-20,2026-09-26,Pro,Organic Search,Germany,15,15,17,9,5,21.6,0,1,1,Active Paid,0,29.0
USR-005214,2025-07-03,2026-09-25,Free,Organic Search,Australia,7,4,0,0,0,9.1,1,1,1,Free,0,0.0
USR-005215,2025-02-18,2026-09-04,Free,Paid Search,Germany,2,2,0,0,0,11.4,2,1,0,Churned,1,0.0
USR-005216,2026-04-02,2026-07-20,Free,Referral,France,2,2,0,0,0,13.8,0,0,0,Churned,1,0.0
USR-005217,2025-03-02,2026-07-14,Free,Referral,Canada,3,3,1,0,0,7.6,0,1,0,Churned,1,0.0
USR-005218,2025-05-27,2026-09-23,Free,Partnership,Canada,0,0,0,0,0,0.0,0,0,0,Free,0,0.0
USR-005219,2026-08-10,2026-08-23,Team,Paid Search,Germany,5,5,4,2,0,10.6,0,0,1,Churned,1,0.0
USR-005220,2026-01-07,2026-08-28,Free,Paid Search,United States,3,3,3,0,0,16.4,1,0,0,Churned,1,0.0
USR-005221,2026-02-11,2026-09-24,Pro,Paid Search,Other,6,6,3,2,0,19.4,1,1,1,Active Paid,0,29.0
USR-005222,2024-12-21,2026-09-24,Free,Content,United Kingdom,2,2,0,0,0,14.3,0,0,0,Free,0,0.0
USR-005223,2024-11-26,2026-09-27,Pro,Organic Search,Germany,6,6,5,3,1,16.2,2,1,1,Active Paid,0,29.0
USR-005224,2025-02-07,2026-09-20,Free,Partnership,Canada,3,3,1,0,0,14.7,0,0,0,Free,0,0.0
USR-005225,2025-09-03,2026-09-20,Free,Social,Other,3,3,1,0,0,13.3,0,1,0,Free,0,0.0
USR-005226,2025-09-28,2026-09-22,Free,Content,United States,7,7,4,1,1,11.0,0,1,1,Free,0,0.0
USR-005227,2026-02-05,2026-09-23,Free,Content,Other,5,5,4,1,1,11.4,0,1,0,Free,0,0.0
USR-005228,2025-03-12,2026-09-19,Team,Social,United States,3,3,1,0,3,17.1,0,0,1,Active Paid,0,89.0
USR-005229,2026-07-16,2026-09-08,Pro,Referral,United States,7,6,1,1,2,12.3,0,0,1,Churned,1,0.0
USR-005230,2026-03-06,2026-09-23,Pro,Paid Search,Other,15,15,5,3,2,16.0,0,1,1,Active Paid,0,29.0
USR-005231,2026-06-11,2026-07-20,Free,Content,United States,3,3,2,0,0,13.4,0,0,0,Churned,1,0.0
USR-005232,2025-09-27,2026-09-24,Pro,Content,Germany,13,13,6,5,6,28.7,0,1,1,Active Paid,0,29.0
USR-005233,2026-02-13,2026-09-23,Pro,Social,Canada,8,8,5,3,1,5.2,1,0,1,Active Paid,0,29.0
USR-005234,2026-04-27,2026-09-22,Pro,Organic Search,Other,0,0,1,0,0,0.0,0,1,1,Active Paid,0,29.0
USR-005235,2025-12-20,2026-09-23,Pro,Partnership,Australia,10,10,4,1,1,15.9,1,0,1,Active Paid,0,29.0
USR-005236,2025-01-08,2026-09-26,Pro,Partnership,United Kingdom,0,0,0,0,0,0.0,0,0,1,Active Paid,0,29.0
USR-005237,2025-08-13,2026-09-27,Free,Social,Australia,5,5,1,1,0,9.8,0,1,0,Free,0,0.0
USR-005238,2025-02-04,2026-09-24,Team,Partnership,United States,11,11,6,8,6,10.5,0,1,1,Active Paid,0,89.0
USR-005239,2024-12-01,2026-08-17,Free,Social,Germany,8,8,1,1,0,15.1,2,0,1,Churned,1,0.0
USR-005240,2024-12-09,2026-09-02,Free,Paid Search,France,0,0,0,0,0,0.0,1,0,0,Churned,1,0.0
USR-005241,2026-01-08,2026-09-24,Team,Social,France,0,0,0,1,0,0.0,1,1,1,Active Paid,0,89.0
USR-005242,2024-12-27,2026-09-23,Free,Organic Search,Germany,6,6,0,0,0,8.0,0,0,0,Free,0,0.0
USR-005243,2024-12-04,2026-07-06,Free,Social,Australia,2,2,1,1,0,4.7,0,0,0,Churned,1,0.0
USR-005244,2024-10-29,2026-09-27,Free,Referral,Canada,4,4,3,1,0,13.8,0,1,1,Free,0,0.0
USR-005245,2026-01-08,2026-08-26,Free,Organic Search,Other,1,1,2,0,0,15.1,0,1,0,Churned,1,0.0
USR-005246,2026-04-05,2026-09-27,Team,Paid Search,United States,15,15,16,11,8,23.3,0,1,1,Active Paid,0,89.0
USR-005247,2025-07-25,2026-09-27,Pro,Referral,United Kingdom,10,10,9,5,0,17.9,0,1,1,Active Paid,0,29.0
USR-005248,2024-11-18,2026-09-25,Free,Content,Australia,7,6,3,0,2,13.5,0,0,0,Free,0,0.0
USR-005249,2024-12-11,2026-09-27,Team,Partnership,United States,19,19,16,10,11,17.8,0,1,1,Active Paid,0,89.0
USR-005250,2025-08-03,2026-09-22,Pro,Paid Search,United Kingdom,5,5,4,3,2,20.5,0,1,1,Active Paid,0,29.0
USR-005251,2026-06-01,2026-09-21,Team,Content,Australia,5,5,6,1,0,11.6,0,1,1,Active Paid,0,89.0
USR-005252,2025-11-17,2026-07-05,Free,Organic Search,Canada,4,4,1,1,0,11.7,1,0,0,Churned,1,0.0
USR-005253,2025-04-23,2026-09-14,Free,Organic Search,United States,0,0,0,0,0,0.0,0,1,0,Free,0,0.0
USR-005254,2025-08-11,2026-09-28,Free,Referral,United States,9,9,7,4,2,20.3,0,1,1,Free,0,0.0
USR-005255,2026-01-11,2026-08-05,Free,Paid Search,United States,6,3,7,0,0,18.0,0,1,0,Churned,1,0.0
USR-005256,2026-01-14,2026-09-27,Pro,Content,United States,12,12,14,6,7,15.0,0,0,1,Active Paid,0,29.0
USR-005257,2026-08-04,2026-09-25,Free,Paid Search,United States,7,7,2,1,1,21.0,0,1,0,Free,0,0.0
USR-005258,2026-02-21,2026-09-26,Free,Organic Search,Australia,0,0,0,0,0,0.0,1,1,0,Free,0,0.0
USR-005259,2025-05-25,2026-07-20,Pro,Social,United States,0,0,0,0,0,0.0,0,0,1,Churned,1,0.0
USR-005260,2026-03-27,2026-09-27,Free,Organic Search,Australia,9,9,4,1,2,20.5,0,1,0,Free,0,0.0
USR-005261,2024-10-05,2026-09-18,Free,Paid Search,Other,6,6,3,1,2,16.3,0,1,0,Free,0,0.0
USR-005262,2026-07-19,2026-09-26,Pro,Organic Search,United Kingdom,0,0,1,0,0,0.0,1,1,1,Active Paid,0,29.0
USR-005263,2025-07-22,2026-09-27,Team,Paid Search,Other,7,5,6,4,7,18.1,1,1,1,Active Paid,0,89.0
USR-005264,2025-09-25,2026-09-25,Free,Referral,United States,9,8,8,2,2,9.3,0,1,0,Free,0,0.0
USR-005265,2025-01-28,2026-09-25,Team,Organic Search,Germany,17,13,9,9,8,22.0,0,1,1,Active Paid,0,89.0
USR-005266,2024-12-20,2026-09-26,Pro,Social,Other,9,9,11,7,2,19.6,1,1,1,Active Paid,0,29.0
USR-005267,2025-08-23,2026-09-24,Pro,Social,Australia,12,12,15,4,0,15.0,0,1,1,Active Paid,0,29.0
USR-005268,2025-06-22,2026-09-24,Free,Social,United States,6,6,2,0,1,13.0,2,1,0,Free,0,0.0
USR-005269,2025-05-04,2026-09-27,Pro,Social,United States,10,10,4,8,2,22.7,1,1,1,Active Paid,0,29.0
USR-005270,2025-09-08,2026-09-22,Pro,Referral,United States,19,15,13,14,8,20.9,1,1,1,Active Paid,0,29.0
USR-005271,2026-05-06,2026-09-22,Free,Content,Other,5,5,3,0,1,14.4,1,1,0,Free,0,0.0
USR-005272,2025-11-13,2026-09-25,Team,Organic Search,United States,14,9,11,9,11,15.6,0,1,1,Active Paid,0,89.0
USR-005273,2026-03-27,2026-09-27,Team,Content,Canada,8,8,2,5,3,19.0,0,0,1,Active Paid,0,89.0
USR-005274,2025-10-18,2026-07-06,Free,Organic Search,United Kingdom,7,5,3,1,3,15.9,0,1,1,Churned,1,0.0
USR-005275,2025-07-03,2026-09-27,Pro,Social,United Kingdom,6,3,2,1,0,15.8,1,0,1,Active Paid,0,29.0
USR-005276,2026-04-19,2026-09-09,Free,Social,United Kingdom,2,2,0,0,0,6.6,2,1,1,Churned,1,0.0
USR-005277,2026-03-21,2026-09-28,Pro,Organic Search,United Kingdom,12,12,10,5,3,20.4,1,1,1,Active Paid,0,29.0
USR-005278,2025-02-04,2026-09-23,Pro,Organic Search,Germany,13,13,15,12,7,15.7,0,1,1,Active Paid,0,29.0
USR-005279,2025-12-19,2026-09-20,Free,Organic Search,United Kingdom,8,3,4,0,2,12.5,0,1,0,Free,0,0.0
USR-005280,2026-04-27,2026-09-19,Free,Organic Search,United Kingdom,5,3,3,0,1,4.2,1,0,1,Free,0,0.0
USR-005281,2025-04-24,2026-09-22,Free,Social,Canada,0,0,1,0,0,0.0,0,1,0,Free,0,0.0
USR-005282,2025-04-21,2026-09-22,Team,Organic Search,United Kingdom,8,8,10,5,9,17.5,0,1,1,Active Paid,0,89.0
USR-005283,2025-02-02,2026-09-24,Free,Content,France,8,8,4,5,0,12.8,0,1,0,Free,0,0.0
USR-005284,2025-03-21,2026-09-20,Team,Content,Canada,4,4,2,2,5,15.7,2,1,1,Active Paid,0,89.0
USR-005285,2024-10-06,2026-09-24,Free,Paid Search,Canada,3,2,0,0,0,10.9,1,1,1,Free,0,0.0
USR-005286,2025-07-31,2026-09-22,Free,Organic Search,United States,6,6,3,2,3,13.7,0,1,1,Free,0,0.0
USR-005287,2026-02-22,2026-09-06,Team,Paid Search,United States,0,0,0,0,0,0.0,0,0,1,Churned,1,0.0
USR-005288,2025-01-07,2026-07-07,Pro,Content,Australia,0,0,0,0,0,0.0,0,1,1,Churned,1,0.0
USR-005289,2026-03-10,2026-08-18,Free,Paid Search,Other,6,6,3,1,1,13.9,1,1,1,Churned,1,0.0
USR-005290,2026-02-19,2026-09-21,Free,Organic Search,United States,7,7,3,0,1,18.5,0,1,0,Free,0,0.0
USR-005291,2025-01-31,2026-09-23,Free,Partnership,United Kingdom,4,4,2,1,1,8.8,0,1,0,Free,0,0.0
USR-005292,2024-12-24,2026-09-24,Free,Social,United Kingdom,3,3,1,0,1,16.6,0,1,0,Free,0,0.0
USR-005293,2026-01-16,2026-09-20,Free,Paid Search,France,6,6,0,0,1,16.1,0,0,0,Free,0,0.0
USR-005294,2025-04-12,2026-09-24,Pro,Content,United States,13,13,11,9,3,20.5,0,0,1,Active Paid,0,29.0
USR-005295,2024-11-25,2026-09-23,Free,Partnership,Other,12,10,13,2,4,19.7,1,1,1,Free,0,0.0
USR-005296,2025-02-21,2026-09-20,Free,Social,United States,5,5,4,0,1,18.1,0,1,0,Free,0,0.0
USR-005297,2026-09-12,2026-09-25,Free,Paid Search,Other,8,8,5,1,1,12.7,2,1,1,Free,0,0.0
USR-005298,2025-05-28,2026-09-23,Free,Social,United States,7,7,2,0,2,14.1,0,1,1,Free,0,0.0
USR-005299,2026-05-17,2026-09-26,Team,Organic Search,United Kingdom,7,7,3,4,2,18.8,2,1,1,Active Paid,0,89.0
USR-005300,2025-01-18,2026-09-23,Free,Social,United States,11,10,5,1,3,22.9,0,1,0,Free,0,0.0
USR-005301,2026-07-30,2026-09-19,Free,Organic Search,United States,4,4,1,2,1,24.6,0,0,0,Free,0,0.0
USR-005302,2024-10-05,2026-09-23,Pro,Referral,Other,6,6,2,3,3,18.0,2,1,1,Active Paid,0,29.0
USR-005303,2026-05-12,2026-09-07,Team,Referral,United Kingdom,10,9,11,4,6,11.9,1,0,1,Churned,1,0.0
USR-005304,2025-11-19,2026-07-30,Pro,Partnership,United States,10,10,10,4,1,15.8,2,0,1,Churned,1,0.0
USR-005305,2026-04-01,2026-09-22,Pro,Content,Other,8,8,5,3,1,13.7,1,1,1,Active Paid,0,29.0
USR-005306,2025-02-11,2026-09-25,Team,Organic Search,United States,9,9,11,1,6,15.7,0,0,1,Active Paid,0,89.0
USR-005307,2025-12-08,2026-08-27,Pro,Organic Search,United States,6,6,3,0,0,13.4,0,1,1,Churned,1,0.0
USR-005308,2025-04-01,2026-08-04,Team,Social,United States,3,3,1,2,1,17.0,2,1,1,Churned,1,0.0
USR-005309,2026-07-29,2026-08-28,Free,Paid Search,Canada,2,2,0,0,0,13.9,1,1,0,Churned,1,0.0
USR-005310,2025-10-27,2026-09-26,Pro,Organic Search,Other,5,5,7,2,1,19.0,1,1,1,Active Paid,0,29.0
USR-005311,2024-12-03,2026-09-27,Pro,Referral,United States,11,11,7,6,3,11.5,2,1,1,Active Paid,0,29.0
USR-005312,2024-11-22,2026-07-08,Team,Paid Search,France,0,0,0,0,0,0.0,0,0,1,Churned,1,0.0
USR-005313,2026-04-19,2026-09-19,Free,Organic Search,United States,1,1,0,0,0,9.3,0,1,1,Free,0,0.0
USR-005314,2025-12-07,2026-09-16,Pro,Social,United States,6,3,1,1,1,15.4,1,1,1,Active Paid,0,29.0
USR-005315,2025-11-27,2026-09-18,Free,Partnership,France,3,3,0,1,0,4.3,1,1,0,Free,0,0.0
USR-005316,2025-08-07,2026-09-19,Pro,Referral,France,9,8,11,4,3,23.1,0,0,1,Active Paid,0,29.0
USR-005317,2025-08-27,2026-09-20,Free,Organic Search,Canada,1,1,0,0,0,13.3,2,1,0,Free,0,0.0
USR-005318,2026-07-02,2026-09-24,Pro,Social,United States,11,8,8,1,1,17.3,0,1,1,Active Paid,0,29.0
USR-005319,2025-03-19,2026-08-29,Pro,Content,United States,5,5,3,0,1,11.8,0,1,1,Churned,1,0.0
USR-005320,2026-04-07,2026-09-21,Free,Organic Search,France,6,4,2,0,1,10.8,0,0,0,Free,0,0.0
USR-005321,2026-02-02,2026-09-24,Free,Referral,Germany,6,4,3,0,1,7.0,0,1,1,Free,0,0.0
USR-005322,2025-01-22,2026-08-14,Free,Referral,United Kingdom,0,0,0,0,0,0.0,0,1,0,Churned,1,0.0
USR-005323,2025-05-10,2026-09-28,Pro,Referral,United States,11,11,6,3,4,18.6,2,1,1,Active Paid,0,29.0
USR-005324,2025-12-06,2026-09-27,Pro,Organic Search,Australia,5,5,3,0,0,19.7,1,1,1,Active Paid,0,29.0
USR-005325,2024-12-02,2026-09-24,Pro,Content,United States,16,16,17,9,8,25.5,0,1,1,Active Paid,0,29.0
USR-005326,2025-12-08,2026-09-18,Free,Paid Search,Germany,3,3,0,1,0,10.3,1,0,0,Free,0,0.0
USR-005327,2025-08-07,2026-09-24,Pro,Organic Search,France,6,6,3,1,2,21.0,0,1,1,Active Paid,0,29.0
USR-005328,2026-03-24,2026-09-23,Pro,Organic Search,United States,6,6,3,2,0,21.1,0,1,1,Active Paid,0,29.0
USR-005329,2026-05-08,2026-09-16,Free,Social,Canada,6,3,5,0,0,4.5,0,0,0,Free,0,0.0
USR-005330,2025-09-29,2026-09-25,Free,Organic Search,Canada,1,1,1,0,0,10.6,0,1,1,Free,0,0.0
USR-005331,2025-08-09,2026-09-27,Free,Referral,Germany,6,6,2,0,1,13.5,0,1,1,Free,0,0.0
USR-005332,2025-02-16,2026-09-24,Free,Content,Other,0,0,2,0,0,0.0,1,1,1,Free,0,0.0
USR-005333,2025-12-10,2026-09-10,Free,Organic Search,Canada,1,1,0,0,0,12.9,0,1,1,Churned,1,0.0
USR-005334,2024-12-14,2026-09-17,Free,Content,United States,10,8,7,3,1,15.9,0,1,1,Free,0,0.0
USR-005335,2025-07-08,2026-09-26,Free,Partnership,United Kingdom,5,5,2,0,0,9.6,0,1,0,Free,0,0.0
USR-005336,2026-07-27,2026-09-24,Free,Organic Search,Germany,17,16,16,5,6,16.8,0,1,0,Free,0,0.0
USR-005337,2025-04-05,2026-07-10,Free,Referral,United Kingdom,4,4,0,0,1,17.7,0,0,0,Churned,1,0.0
USR-005338,2025-08-01,2026-09-26,Pro,Partnership,Australia,13,13,20,4,0,19.0,0,1,1,Active Paid,0,29.0
USR-005339,2025-12-11,2026-07-24,Free,Content,United States,5,5,2,0,0,9.4,0,1,1,Churned,1,0.0
USR-005340,2025-10-16,2026-09-23,Free,Social,United States,1,1,0,0,0,8.2,1,1,0,Free,0,0.0
USR-005341,2026-02-12,2026-08-25,Pro,Content,United States,5,5,3,1,0,18.4,0,0,1,Churned,1,0.0
USR-005342,2025-07-03,2026-09-24,Free,Referral,Other,12,10,8,2,2,20.6,1,1,0,Free,0,0.0
USR-005343,2025-08-06,2026-09-24,Free,Paid Search,France,8,8,8,3,2,16.1,0,1,0,Free,0,0.0
USR-005344,2025-10-31,2026-09-25,Free,Organic Search,Canada,0,0,0,0,0,0.0,1,0,0,Free,0,0.0
USR-005345,2026-02-24,2026-09-24,Free,Social,United States,5,5,1,0,0,12.0,1,1,0,Free,0,0.0
USR-005346,2025-12-04,2026-09-28,Pro,Paid Search,Other,10,8,11,4,1,12.6,0,0,1,Active Paid,0,29.0
USR-005347,2025-09-25,2026-08-24,Free,Paid Search,Other,8,2,3,0,1,10.1,0,1,0,Churned,1,0.0
USR-005348,2025-10-13,2026-07-23,Free,Organic Search,United Kingdom,3,3,2,2,1,14.2,1,0,0,Churned,1,0.0
USR-005349,2026-02-06,2026-09-18,Free,Content,France,5,5,3,2,1,19.7,0,1,1,Free,0,0.0
USR-005350,2025-07-26,2026-09-26,Team,Referral,Other,17,16,13,13,11,27.7,0,0,1,Active Paid,0,89.0
USR-005351,2026-04-07,2026-09-01,Free,Paid Search,United Kingdom,7,7,6,0,1,19.5,0,1,0,Churned,1,0.0
USR-005352,2025-09-22,2026-09-25,Free,Organic Search,United Kingdom,13,12,20,6,2,19.7,0,1,1,Free,0,0.0
USR-005353,2026-06-21,2026-07-27,Free,Organic Search,Canada,5,5,2,0,0,4.5,0,0,0,Churned,1,0.0
USR-005354,2025-10-13,2026-09-20,Pro,Organic Search,United Kingdom,17,15,16,14,4,22.9,0,1,1,Active Paid,0,29.0
USR-005355,2025-03-04,2026-09-27,Pro,Referral,Australia,10,10,5,3,1,16.9,1,1,1,Active Paid,0,29.0
USR-005356,2025-02-08,2026-09-23,Pro,Organic Search,Canada,15,15,16,7,5,23.5,1,1,1,Active Paid,0,29.0
USR-005357,2025-05-07,2026-09-24,Free,Partnership,United States,13,13,6,2,0,17.9,0,1,1,Free,0,0.0
USR-005358,2025-03-31,2026-09-26,Free,Paid Search,United Kingdom,2,2,1,0,0,14.1,1,1,1,Free,0,0.0
USR-005359,2026-07-30,2026-09-24,Pro,Organic Search,France,9,9,8,3,3,15.0,2,1,1,Active Paid,0,29.0
USR-005360,2026-01-14,2026-07-29,Free,Content,United States,8,6,1,0,1,14.8,0,1,1,Churned,1,0.0
USR-005361,2025-06-05,2026-08-16,Team,Paid Search,United Kingdom,7,7,6,1,1,15.8,0,1,1,Churned,1,0.0
USR-005362,2025-02-20,2026-09-22,Free,Paid Search,United States,6,6,4,0,1,7.4,0,0,0,Free,0,0.0
USR-005363,2025-07-26,2026-09-21,Free,Organic Search,Australia,3,3,4,0,0,23.0,0,1,1,Free,0,0.0
USR-005364,2025-01-13,2026-09-28,Free,Referral,United States,12,11,7,6,3,14.5,0,1,0,Free,0,0.0
USR-005365,2026-03-04,2026-09-26,Free,Paid Search,United States,9,9,9,3,0,9.4,0,1,0,Free,0,0.0
USR-005366,2026-05-29,2026-09-24,Pro,Content,Australia,12,9,15,3,1,13.4,1,1,1,Active Paid,0,29.0
USR-005367,2026-07-16,2026-09-25,Free,Referral,United States,6,6,3,1,2,11.5,0,1,1,Free,0,0.0
USR-005368,2025-07-26,2026-09-20,Pro,Content,France,7,7,6,3,0,29.7,0,1,1,Active Paid,0,29.0
USR-005369,2025-05-28,2026-09-19,Pro,Referral,United Kingdom,11,4,12,7,4,16.7,0,1,1,Active Paid,0,29.0
USR-005370,2026-02-24,2026-09-23,Pro,Referral,Australia,11,11,11,12,4,23.3,0,1,1,Active Paid,0,29.0
USR-005371,2025-03-04,2026-09-26,Pro,Referral,United States,13,13,9,6,4,19.1,2,1,1,Active Paid,0,29.0
USR-005372,2025-04-05,2026-08-27,Team,Social,United States,1,1,0,0,0,6.7,2,1,1,Churned,1,0.0
USR-005373,2026-01-01,2026-09-27,Team,Referral,United States,11,11,11,7,5,22.4,1,1,1,Active Paid,0,89.0
USR-005374,2026-03-29,2026-09-23,Free,Referral,Other,10,6,3,0,1,9.5,0,1,1,Free,0,0.0
USR-005375,2025-04-03,2026-09-21,Pro,Organic Search,Australia,5,5,4,1,0,17.1,0,1,1,Active Paid,0,29.0
USR-005376,2025-05-23,2026-09-25,Team,Referral,United States,20,13,19,7,10,12.5,3,1,1,Active Paid,0,89.0
USR-005377,2026-05-16,2026-09-21,Free,Paid Search,United States,3,3,0,0,0,9.7,0,0,1,Free,0,0.0
USR-005378,2026-03-17,2026-09-27,Pro,Social,United States,3,3,1,4,0,16.0,2,1,1,Active Paid,0,29.0
USR-005379,2025-10-03,2026-08-31,Free,Organic Search,United States,12,12,5,3,3,16.1,0,1,1,Churned,1,0.0
USR-005380,2025-09-15,2026-09-25,Pro,Organic Search,United States,1,1,0,0,0,14.9,1,0,1,Active Paid,0,29.0
USR-005381,2026-05-20,2026-09-24,Free,Organic Search,Other,8,5,2,1,2,11.8,0,0,0,Free,0,0.0
USR-005382,2024-11-06,2026-09-23,Pro,Organic Search,United States,6,6,3,2,4,7.7,0,1,1,Active Paid,0,29.0
USR-005383,2025-12-12,2026-09-19,Free,Organic Search,Other,0,0,0,0,0,0.0,0,1,1,Free,0,0.0
USR-005384,2025-12-17,2026-09-25,Pro,Organic Search,United States,15,14,13,9,9,25.4,1,1,1,Active Paid,0,29.0
USR-005385,2026-08-03,2026-09-21,Free,Social,Australia,4,3,2,0,0,9.2,0,1,0,Free,0,0.0
USR-005386,2024-12-28,2026-09-20,Pro,Paid Search,United Kingdom,10,10,6,1,3,10.1,2,1,1,Active Paid,0,29.0
USR-005387,2026-03-31,2026-07-24,Free,Partnership,United States,3,3,1,1,0,10.7,0,1,1,Churned,1,0.0
USR-005388,2024-10-10,2026-09-22,Pro,Content,Australia,12,12,12,7,2,19.3,0,0,1,Active Paid,0,29.0
USR-005389,2025-09-26,2026-09-22,Free,Organic Search,United States,5,5,1,2,0,10.4,0,1,0,Free,0,0.0
USR-005390,2024-12-29,2026-07-11,Free,Paid Search,Other,8,7,4,0,0,19.1,0,0,0,Churned,1,0.0
USR-005391,2026-05-10,2026-09-23,Free,Paid Search,France,3,3,2,1,0,17.1,0,1,0,Free,0,0.0
USR-005392,2026-05-20,2026-09-22,Team,Paid Search,Other,6,6,9,3,3,12.5,1,1,1,Active Paid,0,89.0
USR-005393,2025-02-20,2026-09-18,Free,Social,Australia,0,0,0,0,0,0.0,0,0,1,Free,0,0.0
USR-005394,2025-02-06,2026-09-29,Pro,Referral,United States,15,14,20,7,5,17.6,0,1,1,Active Paid,0,29.0
USR-005395,2025-08-23,2026-07-21,Free,Referral,United Kingdom,8,5,1,0,0,12.5,1,1,1,Churned,1,0.0
USR-005396,2026-08-24,2026-09-23,Pro,Paid Search,France,9,7,7,1,4,15.1,0,1,1,Active Paid,0,29.0
USR-005397,2024-11-10,2026-09-24,Free,Referral,United Kingdom,10,10,5,1,8,22.1,0,1,1,Free,0,0.0
USR-005398,2025-12-08,2026-09-09,Free,Paid Search,Canada,4,4,1,0,1,12.8,1,0,0,Churned,1,0.0
USR-005399,2024-11-15,2026-09-25,Free,Content,United States,9,9,3,1,2,18.5,0,1,0,Free,0,0.0
USR-005400,2025-01-01,2026-09-17,Free,Partnership,Germany,2,2,1,2,0,7.8,0,0,0,Free,0,0.0
USR-005401,2025-01-15,2026-07-25,Free,Paid Search,United Kingdom,1,1,0,0,0,19.0,0,1,0,Churned,1,0.0
USR-005402,2025-05-11,2026-08-14,Free,Content,United States,5,3,1,0,2,2.9,0,0,1,Churned,1,0.0
USR-005403,2025-05-22,2026-09-25,Free,Content,Other,4,4,3,0,0,18.2,0,1,0,Free,0,0.0
USR-005404,2025-08-31,2026-09-24,Team,Social,Other,15,13,10,12,8,16.8,1,1,1,Active Paid,0,89.0
USR-005405,2026-08-29,2026-09-25,Free,Organic Search,United States,7,7,3,1,0,3.7,1,0,0,Free,0,0.0
USR-005406,2025-12-12,2026-09-26,Team,Content,United States,9,9,7,4,3,20.1,1,1,1,Active Paid,0,89.0
USR-005407,2025-04-11,2026-09-28,Free,Paid Search,France,5,5,0,0,1,14.3,0,1,1,Free,0,0.0
USR-005408,2025-02-12,2026-08-29,Free,Organic Search,United States,12,12,8,5,9,19.4,2,0,1,Churned,1,0.0
USR-005409,2025-08-11,2026-09-22,Free,Referral,Germany,3,3,1,0,0,9.3,0,1,0,Free,0,0.0
USR-005410,2025-04-26,2026-09-27,Free,Paid Search,Australia,2,2,0,0,0,12.9,0,1,0,Free,0,0.0
USR-005411,2026-08-31,2026-09-24,Free,Organic Search,United States,9,8,3,2,0,17.6,0,1,0,Free,0,0.0
USR-005412,2025-10-16,2026-09-27,Pro,Partnership,United States,9,9,6,3,2,14.0,1,0,1,Active Paid,0,29.0
USR-005413,2025-09-17,2026-08-15,Pro,Organic Search,United States,9,9,9,3,0,14.6,1,1,1,Churned,1,0.0
USR-005414,2024-12-16,2026-09-25,Pro,Social,United Kingdom,10,8,1,6,0,15.3,0,1,1,Active Paid,0,29.0
USR-005415,2026-02-05,2026-09-26,Free,Referral,Germany,2,2,1,0,1,22.3,0,1,1,Free,0,0.0
USR-005416,2026-04-04,2026-09-01,Free,Organic Search,United States,6,5,0,1,0,9.4,0,1,0,Churned,1,0.0
USR-005417,2026-01-07,2026-09-24,Pro,Referral,Other,8,8,6,6,3,16.4,0,1,1,Active Paid,0,29.0
USR-005418,2026-05-17,2026-09-24,Free,Referral,France,6,6,2,1,0,10.0,0,0,0,Free,0,0.0
USR-005419,2025-08-12,2026-09-19,Free,Social,United States,0,0,0,0,0,0.0,0,0,0,Free,0,0.0
USR-005420,2025-06-13,2026-09-19,Free,Social,Canada,8,5,1,0,0,15.3,0,0,0,Free,0,0.0
USR-005421,2025-02-20,2026-09-18,Free,Partnership,United Kingdom,4,4,0,0,1,6.2,0,0,1,Free,0,0.0
USR-005422,2024-10-21,2026-09-21,Pro,Content,United Kingdom,5,5,4,0,2,12.4,1,1,1,Active Paid,0,29.0
USR-005423,2026-07-25,2026-09-25,Free,Organic Search,Canada,2,2,0,0,0,14.7,0,1,0,Free,0,0.0
USR-005424,2026-03-23,2026-09-18,Free,Paid Search,United States,10,10,4,1,3,11.7,0,1,0,Free,0,0.0
USR-005425,2026-02-12,2026-09-23,Team,Social,United States,7,7,5,5,2,12.8,0,1,1,Active Paid,0,89.0
USR-005426,2026-03-21,2026-09-25,Team,Content,United States,9,9,7,6,2,14.5,1,1,1,Active Paid,0,89.0
USR-005427,2025-02-01,2026-09-19,Free,Content,United States,7,7,4,2,0,18.1,0,1,0,Free,0,0.0
USR-005428,2026-06-08,2026-08-23,Free,Paid Search,Germany,9,4,3,0,1,10.1,0,0,0,Churned,1,0.0
USR-005429,2026-08-25,2026-09-22,Pro,Content,Other,8,8,2,0,1,16.6,0,1,1,Active Paid,0,29.0
USR-005430,2025-01-08,2026-09-28,Free,Paid Search,Germany,7,7,9,4,2,15.0,1,1,1,Free,0,0.0
USR-005431,2024-10-28,2026-09-17,Free,Paid Search,Other,9,9,11,3,3,14.4,0,0,1,Free,0,0.0
USR-005432,2026-04-07,2026-09-16,Free,Social,Germany,11,10,10,1,0,15.1,1,1,0,Free,0,0.0
USR-005433,2026-01-21,2026-09-21,Free,Paid Search,United States,2,2,0,0,0,12.8,0,1,0,Free,0,0.0
USR-005434,2025-09-21,2026-09-26,Team,Referral,Other,10,10,14,3,3,12.1,0,1,1,Active Paid,0,89.0
USR-005435,2025-09-04,2026-09-14,Pro,Paid Search,United States,5,5,2,0,0,13.6,1,1,1,Churned,1,0.0
USR-005436,2024-10-07,2026-09-26,Team,Content,United States,12,12,8,5,4,19.7,2,1,1,Active Paid,0,89.0
USR-005437,2025-12-01,2026-09-06,Pro,Partnership,Other,3,3,5,0,0,2.0,0,0,1,Churned,1,0.0
USR-005438,2026-09-07,2026-09-07,Pro,Paid Search,Germany,0,0,2,0,0,0.0,0,0,1,Churned,1,0.0
USR-005439,2025-11-17,2026-08-30,Pro,Social,Other,9,8,3,3,2,14.8,0,0,1,Churned,1,0.0
USR-005440,2025-08-14,2026-09-26,Pro,Referral,United States,8,8,4,4,1,19.0,1,1,1,Active Paid,0,29.0
USR-005441,2025-09-11,2026-09-24,Free,Organic Search,Australia,15,10,13,2,4,22.9,0,1,1,Free,0,0.0
USR-005442,2025-09-14,2026-09-23,Free,Content,United States,9,9,3,0,1,21.8,0,0,0,Free,0,0.0
USR-005443,2024-11-25,2026-09-19,Free,Social,United Kingdom,1,1,0,0,0,8.5,0,1,0,Free,0,0.0
USR-005444,2025-02-15,2026-09-21,Free,Organic Search,Other,2,2,1,0,0,13.0,0,1,0,Free,0,0.0
USR-005445,2026-03-20,2026-09-25,Free,Content,United Kingdom,11,11,7,3,1,16.1,0,0,0,Free,0,0.0
USR-005446,2026-01-04,2026-08-01,Free,Paid Search,France,4,4,1,0,0,15.7,0,1,0,Churned,1,0.0
USR-005447,2025-05-26,2026-09-24,Pro,Organic Search,Other,10,10,5,5,1,16.8,1,1,1,Active Paid,0,29.0
USR-005448,2025-11-26,2026-09-27,Free,Organic Search,Other,4,4,2,1,0,20.3,0,0,0,Free,0,0.0
USR-005449,2025-11-13,2026-09-27,Free,Content,United States,9,9,10,1,1,23.2,0,1,0,Free,0,0.0
USR-005450,2026-05-18,2026-09-15,Free,Partnership,United States,0,0,0,0,0,0.0,0,1,1,Free,0,0.0
USR-005451,2026-03-18,2026-09-22,Free,Paid Search,Other,12,11,19,3,4,14.7,1,1,1,Free,0,0.0
USR-005452,2025-04-04,2026-09-29,Team,Organic Search,Canada,17,17,14,12,14,21.1,0,1,1,Active Paid,0,89.0
USR-005453,2025-01-21,2026-09-23,Free,Organic Search,Canada,8,8,1,1,2,12.4,0,1,0,Free,0,0.0
USR-005454,2025-03-03,2026-09-23,Free,Referral,United States,7,7,4,2,2,16.6,0,1,0,Free,0,0.0
USR-005455,2026-02-07,2026-09-24,Free,Paid Search,United States,5,5,0,0,0,8.0,0,1,0,Free,0,0.0
USR-005456,2026-06-10,2026-09-24,Pro,Paid Search,Other,8,4,1,4,1,18.3,0,1,1,Active Paid,0,29.0
USR-005457,2026-05-24,2026-09-24,Pro,Paid Search,Canada,8,8,6,2,3,14.9,0,1,1,Active Paid,0,29.0
USR-005458,2025-12-08,2026-07-29,Free,Social,Australia,4,4,3,1,2,16.2,0,1,0,Churned,1,0.0
USR-005459,2025-09-10,2026-09-23,Free,Referral,United States,9,9,2,3,1,6.5,0,1,0,Free,0,0.0
USR-005460,2024-12-16,2026-09-20,Pro,Social,United States,9,9,8,3,0,13.4,0,1,1,Active Paid,0,29.0
USR-005461,2024-12-12,2026-09-19,Team,Organic Search,Canada,7,7,3,1,2,23.7,0,1,1,Active Paid,0,89.0
USR-005462,2026-09-14,2026-09-18,Free,Social,Other,9,9,8,1,0,17.7,0,1,1,Free,0,0.0
USR-005463,2025-04-28,2026-09-23,Free,Social,United States,5,4,1,0,0,17.9,0,0,0,Free,0,0.0
USR-005464,2026-02-14,2026-08-14,Free,Social,United Kingdom,6,6,3,2,0,14.0,1,1,1,Churned,1,0.0
USR-005465,2026-04-27,2026-08-08,Free,Organic Search,Canada,5,5,1,0,0,12.3,1,1,1,Churned,1,0.0
USR-005466,2025-08-15,2026-09-26,Pro,Organic Search,United States,18,15,24,12,5,22.9,2,1,1,Active Paid,0,29.0
USR-005467,2026-08-22,2026-09-22,Team,Social,United Kingdom,11,11,6,6,10,17.6,0,1,1,Active Paid,0,89.0
USR-005468,2026-01-20,2026-08-17,Team,Paid Search,Canada,5,5,2,3,3,16.3,2,1,1,Churned,1,0.0
USR-005469,2025-08-17,2026-09-26,Pro,Referral,United States,17,9,13,4,7,27.1,0,1,1,Active Paid,0,29.0
USR-005470,2026-03-05,2026-09-19,Free,Paid Search,Germany,0,0,0,0,0,0.0,0,0,0,Free,0,0.0
USR-005471,2025-07-18,2026-09-12,Team,Organic Search,United States,8,8,6,3,4,23.0,1,1,1,Churned,1,0.0
USR-005472,2025-10-22,2026-09-20,Free,Referral,France,7,7,3,1,0,12.1,1,1,0,Free,0,0.0
USR-005473,2025-02-21,2026-09-21,Free,Paid Search,Australia,1,1,1,0,0,2.0,0,0,0,Free,0,0.0
USR-005474,2026-05-09,2026-09-22,Pro,Organic Search,Australia,12,11,11,2,2,14.8,1,1,1,Active Paid,0,29.0
USR-005475,2026-08-06,2026-09-22,Free,Content,France,0,0,0,0,0,0.0,1,1,1,Free,0,0.0
USR-005476,2025-09-02,2026-09-21,Pro,Paid Search,Canada,1,1,0,1,0,11.3,2,1,1,Active Paid,0,29.0
USR-005477,2026-03-16,2026-09-22,Team,Content,United States,10,10,10,3,4,16.0,0,1,1,Active Paid,0,89.0
USR-005478,2025-04-28,2026-09-27,Pro,Organic Search,United Kingdom,0,0,0,0,0,0.0,2,0,1,Active Paid,0,29.0
USR-005479,2026-07-11,2026-09-27,Pro,Content,United States,9,9,6,2,3,11.8,0,1,1,Active Paid,0,29.0
USR-005480,2025-07-31,2026-09-26,Free,Content,France,12,10,10,2,2,12.7,0,1,0,Free,0,0.0
USR-005481,2024-10-08,2026-09-24,Free,Organic Search,United States,4,4,1,3,1,13.8,1,1,1,Free,0,0.0
USR-005482,2026-07-11,2026-09-25,Pro,Social,United Kingdom,7,7,4,3,0,13.7,0,0,1,Active Paid,0,29.0
USR-005483,2026-02-12,2026-09-21,Pro,Referral,Canada,7,7,6,2,0,20.4,0,1,1,Active Paid,0,29.0
USR-005484,2025-01-20,2026-09-23,Team,Social,Germany,8,8,5,4,2,14.4,1,1,1,Active Paid,0,89.0
USR-005485,2025-08-30,2026-09-26,Free,Paid Search,United Kingdom,5,5,2,1,1,20.3,0,1,0,Free,0,0.0
USR-005486,2026-05-13,2026-09-24,Free,Partnership,United Kingdom,7,7,1,1,0,13.4,1,1,0,Free,0,0.0
USR-005487,2026-04-16,2026-09-22,Free,Referral,Germany,10,10,7,2,1,17.7,0,1,0,Free,0,0.0
USR-005488,2025-03-18,2026-09-24,Pro,Partnership,Other,8,8,3,2,1,20.0,0,1,1,Active Paid,0,29.0
USR-005489,2025-01-08,2026-08-05,Pro,Content,France,5,5,1,1,2,25.4,0,0,1,Churned,1,0.0
USR-005490,2026-01-01,2026-09-25,Team,Content,United States,16,16,16,10,8,17.8,0,1,1,Active Paid,0,89.0
USR-005491,2025-10-12,2026-09-25,Free,Referral,Other,7,7,4,2,1,18.3,0,1,1,Free,0,0.0
USR-005492,2025-03-05,2026-09-21,Free,Referral,United States,1,1,0,0,0,13.7,1,0,0,Free,0,0.0
USR-005493,2026-05-12,2026-07-25,Free,Content,United States,3,3,0,0,0,6.0,1,1,0,Churned,1,0.0
USR-005494,2026-04-21,2026-07-03,Free,Social,United States,4,4,2,0,1,5.8,0,0,0,Churned,1,0.0
USR-005495,2025-03-11,2026-09-22,Free,Organic Search,United Kingdom,6,6,8,0,1,9.5,0,1,1,Free,0,0.0
USR-005496,2026-05-05,2026-09-12,Pro,Social,Germany,3,1,1,0,0,2.3,0,0,1,Active Paid,0,29.0
USR-005497,2025-03-13,2026-09-24,Free,Organic Search,Canada,9,9,7,0,0,10.8,0,1,0,Free,0,0.0
USR-005498,2025-09-25,2026-08-11,Free,Partnership,Australia,7,7,6,2,1,19.9,0,0,1,Churned,1,0.0
USR-005499,2024-10-08,2026-09-23,Pro,Referral,Canada,13,13,14,6,0,14.7,0,1,1,Active Paid,0,29.0
USR-005500,2026-08-23,2026-09-25,Pro,Social,United States,12,12,8,7,8,19.8,1,1,1,Active Paid,0,29.0
USR-005501,2024-11-08,2026-09-22,Free,Organic Search,Canada,5,3,1,1,0,9.0,0,0,0,Free,0,0.0
USR-005502,2026-04-07,2026-07-30,Free,Social,France,3,3,3,0,0,15.2,0,1,0,Churned,1,0.0
USR-005503,2026-08-21,2026-09-24,Pro,Paid Search,Canada,9,6,6,2,3,17.3,0,1,1,Active Paid,0,29.0
USR-005504,2025-04-16,2026-09-27,Pro,Referral,United Kingdom,7,7,2,3,2,16.3,0,1,1,Active Paid,0,29.0
USR-005505,2025-08-31,2026-09-23,Pro,Social,Canada,3,3,1,0,1,18.3,0,1,1,Active Paid,0,29.0
USR-005506,2025-01-25,2026-08-21,Free,Social,Canada,4,2,1,0,1,9.7,0,0,0,Churned,1,0.0
USR-005507,2026-06-30,2026-09-24,Free,Paid Search,United Kingdom,4,4,2,0,0,16.0,0,1,1,Free,0,0.0
USR-005508,2026-07-20,2026-09-23,Team,Social,Other,2,2,1,2,0,13.5,1,1,1,Active Paid,0,89.0
USR-005509,2025-08-06,2026-09-12,Free,Social,United States,4,4,2,0,0,5.7,0,0,0,Churned,1,0.0
USR-005510,2024-12-24,2026-08-15,Free,Content,United States,9,7,5,3,2,17.6,0,0,1,Churned,1,0.0
USR-005511,2025-11-29,2026-09-24,Team,Content,France,12,12,8,11,9,20.1,0,1,1,Active Paid,0,89.0
USR-005512,2025-02-22,2026-09-24,Free,Referral,Other,6,6,5,0,0,13.6,0,1,1,Free,0,0.0
USR-005513,2024-12-07,2026-09-23,Pro,Paid Search,Germany,8,8,12,5,2,18.0,0,1,1,Active Paid,0,29.0
USR-005514,2025-01-02,2026-09-22,Pro,Organic Search,Canada,3,3,0,1,0,14.1,0,1,1,Active Paid,0,29.0
USR-005515,2025-09-17,2026-07-15,Free,Partnership,Other,7,4,4,2,0,12.1,0,0,0,Churned,1,0.0
USR-005516,2025-05-04,2026-09-24,Pro,Partnership,United Kingdom,12,9,5,3,1,8.7,0,1,1,Active Paid,0,29.0
USR-005517,2025-09-05,2026-08-07,Free,Organic Search,United Kingdom,0,0,1,0,0,0.0,0,1,1,Churned,1,0.0
USR-005518,2025-05-21,2026-09-25,Pro,Referral,Germany,9,9,12,2,3,17.1,0,1,1,Active Paid,0,29.0
USR-005519,2025-08-06,2026-09-28,Team,Paid Search,United Kingdom,7,7,9,1,4,17.6,1,1,1,Active Paid,0,89.0
USR-005520,2025-09-05,2026-07-23,Team,Organic Search,Canada,9,9,8,3,4,15.9,0,1,1,Churned,1,0.0
USR-005521,2025-11-07,2026-09-24,Free,Partnership,Other,7,7,6,4,0,13.3,0,1,0,Free,0,0.0
USR-005522,2025-06-06,2026-09-25,Pro,Partnership,United States,8,8,8,6,3,17.3,0,1,1,Active Paid,0,29.0
USR-005523,2025-03-27,2026-09-25,Team,Partnership,United States,8,8,5,5,2,4.2,2,1,1,Active Paid,0,89.0
USR-005524,2024-11-27,2026-09-23,Pro,Organic Search,United Kingdom,4,4,2,1,1,14.5,1,1,1,Active Paid,0,29.0
USR-005525,2025-07-04,2026-08-29,Pro,Social,Canada,5,5,4,1,1,14.3,0,1,1,Churned,1,0.0
USR-005526,2026-07-06,2026-09-26,Free,Content,France,8,8,5,1,1,21.8,0,0,0,Free,0,0.0
USR-005527,2025-07-22,2026-09-27,Pro,Referral,Other,14,8,7,3,2,12.6,0,1,1,Active Paid,0,29.0
USR-005528,2026-02-02,2026-08-21,Free,Paid Search,France,7,6,6,2,0,8.8,1,0,0,Churned,1,0.0
USR-005529,2026-08-27,2026-09-21,Free,Social,Other,0,0,0,0,0,0.0,0,0,0,Free,0,0.0
USR-005530,2026-07-26,2026-09-06,Team,Organic Search,United States,5,5,1,2,2,20.0,1,0,1,Churned,1,0.0
USR-005531,2025-07-20,2026-09-23,Team,Social,United States,5,5,2,0,0,13.1,1,0,1,Active Paid,0,89.0
USR-005532,2024-11-09,2026-09-26,Team,Content,United States,5,5,3,4,3,19.1,0,1,1,Active Paid,0,89.0
USR-005533,2025-09-19,2026-09-22,Free,Organic Search,Australia,5,5,2,0,0,16.6,0,1,1,Free,0,0.0
USR-005534,2025-11-01,2026-09-23,Free,Organic Search,United States,6,4,4,1,0,7.0,1,1,1,Free,0,0.0
USR-005535,2026-07-14,2026-09-15,Free,Social,United States,0,0,0,0,0,0.0,0,0,0,Free,0,0.0
USR-005536,2025-05-21,2026-09-24,Free,Social,United Kingdom,3,3,0,2,0,16.8,0,1,0,Free,0,0.0
USR-005537,2026-08-07,2026-09-22,Team,Paid Search,United Kingdom,6,6,1,2,3,12.5,1,1,1,Active Paid,0,89.0
USR-005538,2025-01-22,2026-08-26,Pro,Organic Search,Germany,6,6,4,2,1,22.0,1,1,1,Churned,1,0.0
USR-005539,2025-02-09,2026-09-24,Free,Referral,Other,9,9,5,2,2,13.3,0,1,1,Free,0,0.0
USR-005540,2024-10-07,2026-09-26,Free,Organic Search,United States,9,8,2,1,1,8.1,0,1,0,Free,0,0.0
USR-005541,2026-02-24,2026-09-27,Free,Referral,Canada,15,15,8,8,2,17.6,0,1,0,Free,0,0.0
USR-005542,2026-05-23,2026-09-25,Pro,Social,United States,5,5,3,0,1,9.2,0,1,1,Active Paid,0,29.0
USR-005543,2026-02-13,2026-09-25,Pro,Paid Search,United States,11,11,2,4,3,17.9,2,1,1,Active Paid,0,29.0
USR-005544,2025-02-21,2026-09-19,Free,Social,United States,7,4,2,0,0,13.5,1,1,0,Free,0,0.0
USR-005545,2026-04-12,2026-09-25,Free,Referral,Germany,7,7,4,0,3,11.0,2,1,1,Free,0,0.0
USR-005546,2024-12-20,2026-07-02,Free,Social,Canada,1,1,0,0,0,12.5,0,0,0,Churned,1,0.0
USR-005547,2026-05-28,2026-07-26,Free,Social,Germany,0,0,0,0,0,0.0,2,1,1,Churned,1,0.0
USR-005548,2026-08-12,2026-09-21,Team,Paid Search,Australia,16,12,7,8,12,15.0,0,1,1,Active Paid,0,89.0
USR-005549,2026-04-12,2026-09-21,Pro,Paid Search,United States,8,8,7,1,1,16.3,1,1,1,Active Paid,0,29.0
USR-005550,2025-03-25,2026-09-23,Free,Social,France,7,2,1,0,0,10.6,1,1,0,Free,0,0.0
USR-005551,2025-07-12,2026-09-25,Pro,Social,Germany,11,11,14,7,4,17.8,0,1,1,Active Paid,0,29.0
USR-005552,2026-01-05,2026-09-12,Free,Paid Search,United States,6,6,1,0,0,9.9,2,0,0,Free,0,0.0
USR-005553,2025-06-03,2026-09-22,Free,Organic Search,United Kingdom,11,11,4,4,1,12.2,0,0,0,Free,0,0.0
USR-005554,2025-06-09,2026-09-26,Pro,Referral,United States,16,16,18,15,10,15.7,0,1,1,Active Paid,0,29.0
USR-005555,2025-08-15,2026-09-24,Free,Organic Search,United States,2,2,2,0,1,13.6,0,1,1,Free,0,0.0
USR-005556,2025-09-13,2026-09-17,Free,Content,United States,8,7,0,1,1,9.1,0,1,1,Free,0,0.0
USR-005557,2026-07-05,2026-09-29,Pro,Referral,United States,11,9,7,5,4,19.9,0,0,1,Active Paid,0,29.0
USR-005558,2026-03-14,2026-09-22,Team,Organic Search,Other,3,3,1,1,2,5.5,0,0,1,Active Paid,0,89.0
USR-005559,2025-09-03,2026-09-25,Free,Referral,Other,13,12,8,5,2,17.1,0,1,1,Free,0,0.0
USR-005560,2026-06-11,2026-09-23,Pro,Paid Search,Germany,9,9,6,7,1,22.8,0,0,1,Active Paid,0,29.0
USR-005561,2025-10-10,2026-09-24,Free,Partnership,France,14,12,2,0,2,6.4,1,1,1,Free,0,0.0
USR-005562,2026-06-24,2026-09-24,Pro,Partnership,Other,9,9,5,2,3,17.0,0,1,1,Active Paid,0,29.0
USR-005563,2025-03-02,2026-09-05,Free,Content,United Kingdom,10,9,2,0,0,12.1,0,0,0,Churned,1,0.0
USR-005564,2026-07-04,2026-09-26,Pro,Social,Canada,6,6,2,2,1,12.8,1,0,1,Active Paid,0,29.0
USR-005565,2026-07-11,2026-09-22,Free,Content,Germany,4,4,1,1,1,14.1,0,1,1,Free,0,0.0
USR-005566,2025-06-16,2026-09-27,Team,Referral,Other,5,5,3,2,4,23.2,0,1,1,Active Paid,0,89.0
USR-005567,2026-04-11,2026-09-23,Team,Content,Australia,8,8,8,1,2,12.1,0,1,1,Active Paid,0,89.0
USR-005568,2026-01-07,2026-09-26,Free,Organic Search,United States,1,1,0,0,1,11.3,0,1,1,Free,0,0.0
USR-005569,2026-02-03,2026-09-27,Pro,Content,France,13,13,10,8,5,18.3,0,0,1,Active Paid,0,29.0
USR-005570,2026-04-14,2026-09-20,Free,Referral,United States,6,6,4,1,0,16.6,0,1,1,Free,0,0.0
USR-005571,2025-03-20,2026-09-25,Pro,Paid Search,United States,5,5,4,3,1,15.0,0,1,1,Active Paid,0,29.0
USR-005572,2025-05-09,2026-07-22,Free,Partnership,Canada,0,0,0,0,0,0.0,0,1,0,Churned,1,0.0
USR-005573,2026-03-29,2026-09-22,Free,Referral,France,13,5,9,2,4,17.3,0,1,0,Free,0,0.0
USR-005574,2025-05-12,2026-09-22,Pro,Content,United States,11,11,11,10,2,16.6,0,1,1,Active Paid,0,29.0
USR-005575,2025-04-23,2026-09-21,Free,Organic Search,United Kingdom,6,6,1,0,0,9.9,1,1,0,Free,0,0.0
USR-005576,2025-08-26,2026-09-19,Free,Social,France,0,0,0,1,0,0.0,1,1,0,Free,0,0.0
USR-005577,2025-07-29,2026-09-22,Free,Referral,United States,5,5,5,1,0,21.8,0,1,1,Free,0,0.0
USR-005578,2024-11-16,2026-09-25,Free,Organic Search,Other,15,8,10,7,9,20.0,0,1,1,Free,0,0.0
USR-005579,2025-10-26,2026-07-05,Free,Referral,United Kingdom,4,3,0,1,1,6.9,0,0,0,Churned,1,0.0
USR-005580,2025-12-14,2026-09-26,Pro,Referral,Germany,7,7,7,2,1,15.7,0,1,1,Active Paid,0,29.0
USR-005581,2025-08-26,2026-09-26,Pro,Paid Search,United States,16,14,21,10,3,26.8,0,1,1,Active Paid,0,29.0
USR-005582,2025-01-26,2026-07-23,Free,Referral,Other,8,7,2,1,1,8.0,0,0,0,Churned,1,0.0
USR-005583,2025-04-26,2026-09-23,Free,Organic Search,Other,12,10,8,2,1,19.0,0,1,0,Free,0,0.0
USR-005584,2026-07-24,2026-09-30,Pro,Content,United States,34,22,25,34,17,32.5,1,1,1,Active Paid,0,29.0
USR-005585,2025-10-22,2026-09-25,Pro,Content,Germany,9,9,4,8,3,17.0,1,1,1,Active Paid,0,29.0
USR-005586,2025-04-05,2026-09-28,Pro,Social,Australia,4,4,3,3,0,11.4,0,1,1,Active Paid,0,29.0
USR-005587,2026-04-08,2026-09-29,Free,Social,United States,11,11,8,0,3,15.7,1,1,0,Free,0,0.0
USR-005588,2024-10-09,2026-08-19,Free,Paid Search,Germany,2,2,3,1,1,12.1,1,0,0,Churned,1,0.0
USR-005589,2025-02-15,2026-09-22,Pro,Paid Search,Other,7,7,3,3,1,15.6,2,1,1,Active Paid,0,29.0
USR-005590,2025-01-18,2026-09-15,Free,Content,Canada,1,1,0,0,0,8.5,0,1,1,Free,0,0.0
USR-005591,2026-07-19,2026-09-21,Free,Paid Search,Other,11,5,4,2,1,10.4,0,0,0,Free,0,0.0
USR-005592,2025-07-28,2026-09-23,Free,Paid Search,United States,7,7,5,2,0,17.2,0,1,0,Free,0,0.0
USR-005593,2025-09-03,2026-09-23,Pro,Paid Search,Other,0,0,0,0,0,0.0,0,1,1,Active Paid,0,29.0
USR-005594,2025-06-24,2026-09-24,Free,Referral,Other,11,11,14,8,6,19.3,0,1,0,Free,0,0.0
USR-005595,2025-01-16,2026-09-28,Pro,Content,United States,14,13,9,6,7,17.5,0,1,1,Active Paid,0,29.0
USR-005596,2026-01-06,2026-09-28,Pro,Organic Search,United Kingdom,11,11,6,10,3,18.5,0,1,1,Active Paid,0,29.0
USR-005597,2025-08-30,2026-07-02,Free,Paid Search,Germany,0,0,0,1,1,0.0,0,1,0,Churned,1,0.0
USR-005598,2025-05-18,2026-09-22,Pro,Organic Search,Other,5,3,2,1,0,20.1,2,1,1,Active Paid,0,29.0
USR-005599,2025-03-26,2026-09-21,Pro,Organic Search,United States,1,1,1,0,1,15.3,1,0,1,Active Paid,0,29.0
USR-005600,2025-03-14,2026-07-07,Free,Paid Search,United Kingdom,5,4,0,0,0,11.8,0,0,0,Churned,1,0.0
USR-005601,2026-01-18,2026-09-19,Pro,Referral,Australia,11,10,6,0,1,8.4,0,1,1,Active Paid,0,29.0
USR-005602,2024-10-02,2026-09-22,Free,Social,United Kingdom,7,7,4,0,2,11.7,0,1,0,Free,0,0.0
USR-005603,2026-09-09,2026-09-25,Free,Organic Search,Germany,15,13,8,4,3,16.8,1,1,0,Free,0,0.0
USR-005604,2025-09-28,2026-09-20,Pro,Referral,Canada,3,3,3,0,2,13.6,2,1,1,Active Paid,0,29.0
USR-005605,2025-07-07,2026-09-19,Pro,Content,Other,13,8,11,5,1,18.0,0,1,1,Active Paid,0,29.0
USR-005606,2026-08-03,2026-09-21,Free,Paid Search,United States,0,0,1,0,0,0.0,0,1,1,Free,0,0.0
USR-005607,2025-10-28,2026-09-23,Team,Organic Search,Other,10,10,10,2,8,16.7,0,1,1,Active Paid,0,89.0
USR-005608,2025-07-16,2026-09-25,Pro,Referral,Canada,10,7,7,3,2,15.1,0,1,1,Active Paid,0,29.0
USR-005609,2025-07-08,2026-09-24,Pro,Organic Search,Other,10,10,8,4,5,18.9,0,1,1,Active Paid,0,29.0
USR-005610,2026-06-22,2026-09-19,Free,Content,United States,3,3,0,0,0,8.4,1,0,0,Free,0,0.0
USR-005611,2026-03-01,2026-09-20,Free,Content,Germany,4,4,0,0,1,8.1,0,1,0,Free,0,0.0
USR-005612,2026-03-24,2026-09-21,Free,Content,Other,5,4,3,0,0,15.2,0,1,1,Free,0,0.0
USR-005613,2025-06-15,2026-09-22,Pro,Organic Search,Australia,0,0,0,0,0,0.0,0,1,1,Active Paid,0,29.0
USR-005614,2026-01-23,2026-07-25,Free,Organic Search,United States,1,1,0,0,0,8.5,1,1,0,Churned,1,0.0
USR-005615,2025-08-03,2026-09-23,Pro,Content,United Kingdom,0,0,0,0,0,0.0,0,1,1,Active Paid,0,29.0
USR-005616,2025-04-11,2026-09-26,Free,Social,United States,5,5,0,1,0,16.1,0,1,1,Free,0,0.0
USR-005617,2025-02-22,2026-09-25,Pro,Paid Search,United States,7,7,5,4,2,30.7,0,1,1,Active Paid,0,29.0
USR-005618,2026-05-07,2026-07-27,Pro,Social,France,1,1,0,0,0,6.4,0,0,1,Churned,1,0.0
USR-005619,2024-12-08,2026-09-27,Pro,Organic Search,Other,4,4,5,1,0,18.2,2,1,1,Active Paid,0,29.0
USR-005620,2026-05-20,2026-09-24,Pro,Referral,Germany,7,7,7,2,2,18.4,0,1,1,Active Paid,0,29.0
USR-005621,2026-08-31,2026-09-27,Team,Partnership,United States,16,12,11,9,9,17.5,0,1,1,Active Paid,0,89.0
USR-005622,2026-08-14,2026-09-26,Free,Referral,United States,7,7,5,0,0,16.9,0,1,0,Free,0,0.0
USR-005623,2026-04-25,2026-09-24,Pro,Social,United Kingdom,16,16,17,7,5,16.3,0,1,1,Active Paid,0,29.0
USR-005624,2024-12-30,2026-09-24,Team,Partnership,United States,1,1,2,0,0,17.5,0,1,1,Active Paid,0,89.0
USR-005625,2026-04-20,2026-09-13,Pro,Referral,Other,11,11,10,6,4,13.9,2,1,1,Churned,1,0.0
USR-005626,2025-05-08,2026-09-19,Free,Organic Search,United States,0,0,0,0,0,0.0,1,1,0,Free,0,0.0
USR-005627,2025-11-20,2026-09-03,Team,Referral,United States,14,9,14,8,3,20.1,1,0,1,Churned,1,0.0
USR-005628,2026-08-18,2026-08-18,Free,Organic Search,France,1,1,0,0,0,10.2,0,0,0,Churned,1,0.0
USR-005629,2025-11-02,2026-09-11,Free,Paid Search,United States,6,6,0,1,0,11.2,0,0,0,Churned,1,0.0
USR-005630,2026-08-26,2026-09-21,Free,Social,United Kingdom,9,8,7,2,1,18.6,0,0,0,Free,0,0.0
USR-005631,2025-10-10,2026-07-28,Free,Organic Search,Canada,8,8,3,2,2,24.3,0,1,0,Churned,1,0.0
USR-005632,2025-08-12,2026-09-21,Free,Organic Search,United States,9,9,3,0,2,18.1,0,1,1,Free,0,0.0
USR-005633,2025-09-08,2026-09-26,Free,Social,Canada,0,0,2,0,0,0.0,0,0,0,Free,0,0.0
USR-005634,2026-02-25,2026-09-21,Team,Paid Search,Canada,10,10,11,4,6,12.2,0,1,1,Active Paid,0,89.0
USR-005635,2025-03-16,2026-07-21,Free,Social,Germany,6,6,2,2,0,10.1,0,0,0,Churned,1,0.0
USR-005636,2025-07-16,2026-09-21,Free,Paid Search,United States,0,0,0,0,0,0.0,0,0,0,Free,0,0.0
USR-005637,2026-03-17,2026-09-28,Team,Referral,United Kingdom,16,16,16,16,13,20.7,1,1,1,Active Paid,0,89.0
USR-005638,2025-11-09,2026-09-23,Pro,Content,Germany,10,10,7,5,2,16.8,0,1,1,Active Paid,0,29.0
USR-005639,2026-06-30,2026-08-14,Free,Organic Search,United States,2,2,0,0,0,8.6,0,0,0,Churned,1,0.0
USR-005640,2024-11-24,2026-09-20,Free,Content,United States,0,0,0,1,0,0.0,1,0,1,Free,0,0.0
USR-005641,2025-03-26,2026-09-25,Pro,Organic Search,United States,10,8,7,4,1,16.9,0,1,1,Active Paid,0,29.0
USR-005642,2026-02-22,2026-09-22,Pro,Paid Search,United States,6,6,3,1,0,17.1,0,1,1,Active Paid,0,29.0
USR-005643,2025-05-21,2026-09-22,Free,Paid Search,United States,6,2,1,0,0,11.1,1,1,0,Free,0,0.0
USR-005644,2025-05-18,2026-09-19,Free,Organic Search,Other,9,9,2,0,1,15.8,1,1,0,Free,0,0.0
USR-005645,2025-07-07,2026-09-22,Pro,Organic Search,United Kingdom,5,5,3,1,2,24.0,0,1,1,Active Paid,0,29.0
USR-005646,2026-08-08,2026-09-24,Pro,Referral,Canada,9,8,8,2,2,18.6,0,1,1,Active Paid,0,29.0
USR-005647,2024-12-26,2026-09-23,Pro,Content,United States,9,9,7,2,2,19.6,1,1,1,Active Paid,0,29.0
USR-005648,2024-11-01,2026-09-26,Pro,Partnership,United States,7,7,6,4,0,18.8,1,1,1,Active Paid,0,29.0
USR-005649,2024-10-19,2026-09-06,Pro,Partnership,France,0,0,0,0,0,0.0,0,0,1,Churned,1,0.0
USR-005650,2024-10-14,2026-09-23,Pro,Paid Search,France,7,7,6,3,1,19.8,2,1,1,Active Paid,0,29.0
USR-005651,2024-11-20,2026-09-25,Pro,Organic Search,Other,6,6,1,3,0,15.8,0,1,1,Active Paid,0,29.0
USR-005652,2025-04-05,2026-09-22,Pro,Organic Search,United States,11,11,7,1,3,12.8,0,1,1,Active Paid,0,29.0
USR-005653,2026-08-06,2026-08-16,Free,Social,United States,5,5,6,1,2,18.2,0,0,0,Churned,1,0.0
USR-005654,2025-10-18,2026-07-11,Free,Content,France,3,3,3,0,2,21.8,0,1,1,Churned,1,0.0
USR-005655,2026-03-24,2026-09-19,Pro,Paid Search,United Kingdom,9,9,8,2,0,15.0,0,1,1,Active Paid,0,29.0
USR-005656,2026-04-11,2026-09-23,Pro,Organic Search,United States,12,12,9,3,3,19.9,0,1,1,Active Paid,0,29.0
USR-005657,2025-01-30,2026-09-28,Free,Paid Search,United States,12,8,6,2,2,10.2,0,1,0,Free,0,0.0
USR-005658,2025-02-12,2026-07-22,Free,Content,United States,5,5,1,1,0,18.6,1,0,0,Churned,1,0.0
USR-005659,2025-09-07,2026-09-26,Pro,Social,Australia,11,11,6,2,2,16.2,1,1,1,Active Paid,0,29.0
USR-005660,2025-04-07,2026-09-23,Pro,Referral,Other,1,1,1,0,1,16.8,2,1,1,Active Paid,0,29.0
USR-005661,2026-06-15,2026-09-25,Free,Social,Germany,9,6,4,0,0,10.8,0,1,0,Free,0,0.0
USR-005662,2026-04-10,2026-09-17,Free,Paid Search,United Kingdom,3,3,1,0,0,12.2,0,1,0,Free,0,0.0
USR-005663,2025-01-08,2026-09-25,Free,Paid Search,Australia,7,7,1,0,1,6.4,0,0,0,Free,0,0.0
USR-005664,2025-10-28,2026-09-25,Team,Referral,Germany,9,9,4,3,6,12.9,1,1,1,Active Paid,0,89.0
USR-005665,2025-08-21,2026-09-24,Pro,Referral,Australia,0,0,0,0,0,0.0,2,0,1,Active Paid,0,29.0
USR-005666,2025-10-20,2026-09-21,Pro,Paid Search,Canada,4,4,1,2,1,16.2,0,1,1,Active Paid,0,29.0
USR-005667,2026-04-24,2026-08-04,Free,Paid Search,Other,7,6,2,1,2,17.6,1,1,0,Churned,1,0.0
USR-005668,2025-02-02,2026-09-23,Pro,Organic Search,United States,5,5,2,1,2,13.3,1,0,1,Active Paid,0,29.0
USR-005669,2025-03-22,2026-09-24,Free,Organic Search,Germany,6,6,0,1,0,24.1,1,1,1,Free,0,0.0
USR-005670,2025-05-15,2026-09-24,Team,Organic Search,Australia,5,5,3,1,0,17.3,0,0,1,Active Paid,0,89.0
USR-005671,2026-01-06,2026-09-23,Free,Organic Search,Other,7,7,5,1,0,18.1,0,1,0,Free,0,0.0
USR-005672,2025-06-13,2026-09-27,Free,Referral,Other,4,4,2,1,1,12.2,0,1,1,Free,0,0.0
USR-005673,2024-11-03,2026-09-21,Pro,Content,United Kingdom,8,8,7,6,1,23.1,0,0,1,Active Paid,0,29.0
USR-005674,2025-06-08,2026-09-24,Free,Referral,France,11,9,6,0,2,17.4,1,1,0,Free,0,0.0
USR-005675,2025-09-27,2026-09-03,Pro,Referral,United States,0,0,0,0,0,0.0,0,1,1,Churned,1,0.0
USR-005676,2026-03-06,2026-09-28,Pro,Partnership,Germany,7,7,2,2,1,10.7,2,1,1,Active Paid,0,29.0
USR-005677,2025-09-07,2026-09-28,Free,Partnership,United States,6,5,2,1,1,4.4,0,1,0,Free,0,0.0
USR-005678,2025-12-24,2026-09-19,Free,Paid Search,United Kingdom,0,0,0,0,0,0.0,0,1,0,Free,0,0.0
USR-005679,2025-07-05,2026-09-27,Pro,Organic Search,Other,10,10,11,8,4,22.7,0,1,1,Active Paid,0,29.0
USR-005680,2026-08-14,2026-09-19,Pro,Organic Search,Australia,1,1,0,1,0,18.1,0,0,1,Active Paid,0,29.0
USR-005681,2026-05-03,2026-09-21,Free,Content,Canada,7,6,1,0,1,13.4,0,1,0,Free,0,0.0
USR-005682,2025-03-02,2026-09-22,Free,Organic Search,United States,13,10,7,0,2,23.2,0,1,0,Free,0,0.0
USR-005683,2025-12-17,2026-09-24,Pro,Paid Search,United Kingdom,7,7,3,1,0,13.6,0,1,1,Active Paid,0,29.0
USR-005684,2025-11-10,2026-08-21,Free,Social,United States,7,6,1,0,0,13.0,0,0,0,Churned,1,0.0
USR-005685,2025-08-23,2026-08-14,Pro,Social,United States,8,8,8,9,3,18.6,2,1,1,Churned,1,0.0
USR-005686,2025-11-06,2026-09-27,Free,Social,Other,4,3,0,2,0,9.3,0,1,0,Free,0,0.0
USR-005687,2025-03-22,2026-09-26,Free,Content,Canada,6,6,3,0,1,15.7,0,1,0,Free,0,0.0
USR-005688,2026-03-24,2026-09-25,Pro,Social,United States,6,6,1,0,0,10.4,0,0,1,Active Paid,0,29.0
USR-005689,2025-03-22,2026-09-20,Free,Content,France,4,2,0,0,0,12.0,0,0,0,Free,0,0.0
USR-005690,2026-04-19,2026-09-20,Free,Organic Search,United States,3,3,1,0,0,10.8,0,0,0,Free,0,0.0
USR-005691,2025-12-25,2026-09-22,Pro,Content,United Kingdom,7,7,8,2,1,15.5,0,1,1,Active Paid,0,29.0
USR-005692,2025-07-22,2026-09-03,Team,Social,United States,4,4,1,1,0,9.4,0,0,1,Churned,1,0.0
USR-005693,2024-12-21,2026-07-12,Pro,Organic Search,United States,4,4,1,0,0,16.2,1,1,1,Churned,1,0.0
USR-005694,2026-04-02,2026-09-21,Free,Partnership,Canada,2,2,2,0,1,16.9,0,1,1,Free,0,0.0
USR-005695,2025-07-23,2026-09-25,Pro,Partnership,France,7,7,8,1,1,11.3,1,1,1,Active Paid,0,29.0
USR-005696,2026-08-01,2026-09-24,Free,Content,Canada,16,7,17,2,4,17.3,0,1,1,Free,0,0.0
USR-005697,2026-07-24,2026-09-25,Free,Content,Australia,12,10,17,3,2,18.6,0,1,0,Free,0,0.0
USR-005698,2025-03-16,2026-09-26,Free,Paid Search,Other,7,7,1,2,0,16.9,0,1,1,Free,0,0.0
USR-005699,2025-04-19,2026-09-23,Free,Organic Search,Australia,8,6,2,4,2,21.0,0,1,1,Free,0,0.0
USR-005700,2025-12-20,2026-09-27,Free,Organic Search,Other,9,9,4,2,0,6.6,0,0,1,Free,0,0.0
USR-005701,2025-06-27,2026-09-27,Team,Content,Other,3,3,3,4,1,15.6,0,1,1,Active Paid,0,89.0
USR-005702,2025-12-18,2026-09-21,Free,Content,Australia,14,11,10,7,4,17.1,0,1,0,Free,0,0.0
USR-005703,2026-03-01,2026-09-24,Pro,Partnership,United States,6,6,1,1,0,16.2,0,1,1,Active Paid,0,29.0
USR-005704,2025-11-11,2026-09-24,Pro,Content,United States,14,9,23,7,2,16.0,0,1,1,Active Paid,0,29.0
USR-005705,2026-02-05,2026-09-17,Free,Referral,France,0,0,0,0,0,0.0,0,0,0,Free,0,0.0
USR-005706,2025-02-10,2026-09-23,Free,Organic Search,Other,12,10,10,7,1,16.1,0,1,0,Free,0,0.0
USR-005707,2025-11-25,2026-09-27,Free,Organic Search,Australia,5,5,2,0,1,13.7,0,1,0,Free,0,0.0
USR-005708,2026-01-29,2026-09-21,Free,Social,Germany,0,0,1,0,0,0.0,0,1,1,Free,0,0.0
USR-005709,2025-08-28,2026-09-27,Pro,Referral,Australia,10,8,10,4,1,16.2,0,1,1,Active Paid,0,29.0
USR-005710,2025-03-23,2026-09-22,Team,Organic Search,France,13,3,10,3,6,15.9,0,1,1,Active Paid,0,89.0
USR-005711,2026-03-04,2026-09-25,Team,Content,Germany,5,5,6,0,1,13.9,0,0,1,Active Paid,0,89.0
USR-005712,2024-11-13,2026-09-23,Free,Referral,United States,0,0,1,0,0,0.0,0,1,1,Free,0,0.0
USR-005713,2025-10-19,2026-08-29,Free,Paid Search,Canada,5,5,4,0,0,10.3,0,1,1,Churned,1,0.0
USR-005714,2025-05-31,2026-09-26,Free,Content,United States,5,5,5,1,0,13.8,0,1,0,Free,0,0.0
USR-005715,2024-10-31,2026-07-14,Team,Social,United States,5,5,7,2,2,19.4,0,0,1,Churned,1,0.0
USR-005716,2025-11-11,2026-09-18,Free,Referral,Canada,1,1,0,0,0,16.2,0,1,1,Free,0,0.0
USR-005717,2026-04-26,2026-09-16,Free,Paid Search,United States,2,2,0,0,0,5.6,0,0,0,Free,0,0.0
USR-005718,2025-03-30,2026-09-23,Pro,Paid Search,Other,4,4,1,1,2,21.1,0,1,1,Active Paid,0,29.0
USR-005719,2026-09-11,2026-09-12,Free,Organic Search,United Kingdom,1,1,0,0,0,14.2,1,0,0,Churned,1,0.0
USR-005720,2025-10-23,2026-09-09,Free,Social,France,0,0,0,0,0,0.0,0,1,0,Churned,1,0.0
USR-005721,2024-10-15,2026-09-23,Pro,Referral,United States,7,7,8,4,3,15.3,1,1,1,Active Paid,0,29.0
USR-005722,2025-11-23,2026-09-25,Free,Partnership,Other,1,1,0,0,0,9.1,0,0,0,Free,0,0.0
USR-005723,2025-05-14,2026-09-25,Free,Content,Canada,0,0,0,0,0,0.0,0,1,1,Free,0,0.0
USR-005724,2025-09-05,2026-09-24,Free,Organic Search,Canada,6,6,0,0,0,7.2,1,1,0,Free,0,0.0
USR-005725,2026-04-15,2026-09-25,Free,Partnership,Germany,9,8,5,4,0,13.4,0,1,1,Free,0,0.0
USR-005726,2026-01-31,2026-09-22,Team,Organic Search,Canada,5,5,7,4,5,16.4,0,1,1,Active Paid,0,89.0
USR-005727,2025-09-06,2026-09-15,Free,Organic Search,Canada,5,5,0,0,0,5.0,0,1,0,Free,0,0.0
USR-005728,2026-07-03,2026-09-21,Pro,Referral,France,6,6,4,1,1,14.1,0,0,1,Active Paid,0,29.0
USR-005729,2025-11-23,2026-09-23,Free,Content,Australia,1,1,1,0,0,12.0,0,1,1,Free,0,0.0
USR-005730,2025-11-23,2026-09-21,Pro,Partnership,United States,5,5,0,0,0,9.3,0,1,1,Active Paid,0,29.0
USR-005731,2025-01-27,2026-09-17,Team,Content,Other,13,11,8,5,12,22.2,0,1,1,Active Paid,0,89.0
USR-005732,2026-06-19,2026-09-22,Free,Organic Search,United Kingdom,5,5,3,1,1,11.6,0,0,0,Free,0,0.0
USR-005733,2025-01-21,2026-09-26,Team,Organic Search,United States,8,8,4,3,3,11.1,0,1,1,Active Paid,0,89.0
USR-005734,2025-11-26,2026-07-04,Pro,Organic Search,United Kingdom,8,8,1,2,0,18.7,0,1,1,Churned,1,0.0
USR-005735,2025-06-07,2026-09-25,Pro,Social,United Kingdom,9,9,10,2,3,13.1,1,1,1,Active Paid,0,29.0
USR-005736,2025-08-13,2026-09-22,Free,Social,United Kingdom,7,7,1,0,0,7.6,0,1,1,Free,0,0.0
USR-005737,2026-02-13,2026-09-23,Pro,Organic Search,Other,10,10,10,6,3,18.0,2,1,1,Active Paid,0,29.0
USR-005738,2024-11-19,2026-09-23,Free,Social,Canada,10,10,11,0,2,23.2,2,1,0,Free,0,0.0
USR-005739,2026-04-08,2026-09-26,Team,Social,Other,15,10,9,5,5,16.5,0,1,1,Active Paid,0,89.0
USR-005740,2026-08-21,2026-09-25,Team,Referral,United States,4,4,2,1,0,14.8,0,1,1,Active Paid,0,89.0
USR-005741,2025-03-28,2026-08-15,Free,Paid Search,Germany,0,0,1,0,0,0.0,0,0,0,Churned,1,0.0
USR-005742,2025-06-28,2026-09-26,Team,Paid Search,United States,10,8,11,3,4,15.1,0,1,1,Active Paid,0,89.0
USR-005743,2024-12-18,2026-09-24,Team,Referral,United Kingdom,13,12,9,7,7,22.8,0,1,1,Active Paid,0,89.0
USR-005744,2025-10-23,2026-09-24,Pro,Referral,United Kingdom,18,18,20,14,10,22.0,0,1,1,Active Paid,0,29.0
USR-005745,2026-09-03,2026-09-03,Free,Paid Search,France,6,6,6,1,1,21.7,1,1,0,Churned,1,0.0
USR-005746,2026-09-01,2026-09-20,Free,Organic Search,France,7,7,3,1,2,6.8,0,1,1,Free,0,0.0
USR-005747,2025-11-10,2026-08-27,Free,Partnership,United States,4,2,0,0,0,8.9,0,0,0,Churned,1,0.0
USR-005748,2026-03-21,2026-09-17,Free,Referral,United States,6,6,2,1,0,10.0,2,0,0,Free,0,0.0
USR-005749,2024-11-25,2026-09-26,Team,Organic Search,United Kingdom,17,17,18,11,15,20.7,1,1,1,Active Paid,0,89.0
USR-005750,2026-06-23,2026-08-27,Free,Social,United States,6,4,1,0,0,11.1,1,1,0,Churned,1,0.0
USR-005751,2024-12-25,2026-09-14,Pro,Social,France,10,10,6,10,6,17.7,0,1,1,Churned,1,0.0
USR-005752,2026-04-13,2026-08-03,Pro,Organic Search,Canada,3,3,0,0,0,11.0,1,1,1,Churned,1,0.0
USR-005753,2026-06-22,2026-09-26,Pro,Organic Search,Australia,0,0,0,0,0,0.0,0,1,1,Active Paid,0,29.0
USR-005754,2026-03-03,2026-09-23,Free,Partnership,Other,7,7,3,0,4,3.7,1,0,0,Free,0,0.0
USR-005755,2026-06-04,2026-09-26,Pro,Social,United Kingdom,10,10,8,1,0,20.7,1,1,1,Active Paid,0,29.0
USR-005756,2025-12-03,2026-09-27,Pro,Organic Search,Other,8,8,9,2,1,15.6,0,1,1,Active Paid,0,29.0
USR-005757,2026-01-22,2026-09-24,Pro,Content,Australia,1,1,1,0,0,13.4,1,0,1,Active Paid,0,29.0
USR-005758,2025-09-02,2026-07-19,Free,Social,United States,10,6,4,2,1,11.2,1,0,1,Churned,1,0.0
USR-005759,2025-08-27,2026-09-12,Pro,Referral,Australia,9,9,12,5,4,21.0,0,1,1,Churned,1,0.0
USR-005760,2026-09-15,2026-09-17,Free,Paid Search,Canada,0,0,0,0,0,0.0,1,0,0,Free,0,0.0
USR-005761,2026-06-18,2026-09-23,Pro,Organic Search,France,4,4,1,1,2,12.4,0,1,1,Active Paid,0,29.0
USR-005762,2026-05-23,2026-09-19,Free,Organic Search,France,5,5,3,2,1,17.3,0,1,0,Free,0,0.0
USR-005763,2026-04-29,2026-08-16,Free,Partnership,Other,5,5,1,0,1,6.8,1,1,1,Churned,1,0.0
USR-005764,2026-07-11,2026-09-26,Pro,Referral,Australia,13,13,11,5,4,22.6,2,1,1,Active Paid,0,29.0
USR-005765,2026-02-03,2026-08-08,Free,Content,Australia,3,3,1,1,1,13.9,0,1,1,Churned,1,0.0
USR-005766,2025-08-18,2026-09-26,Team,Organic Search,United Kingdom,9,8,9,6,8,11.3,0,0,1,Active Paid,0,89.0
USR-005767,2026-02-07,2026-09-26,Team,Referral,Other,10,10,3,8,3,20.7,0,1,1,Active Paid,0,89.0
USR-005768,2026-01-23,2026-09-02,Free,Social,Germany,8,7,1,0,1,14.9,0,1,0,Churned,1,0.0
USR-005769,2025-10-15,2026-08-28,Free,Referral,Australia,7,7,1,0,0,14.1,1,0,0,Churned,1,0.0
USR-005770,2025-08-19,2026-09-20,Free,Paid Search,Other,3,3,0,0,0,8.4,1,0,0,Free,0,0.0
USR-005771,2026-01-22,2026-09-23,Team,Referral,United States,15,15,16,8,9,15.3,1,1,1,Active Paid,0,89.0
USR-005772,2026-04-10,2026-09-18,Pro,Organic Search,United Kingdom,8,6,2,1,1,9.6,0,0,1,Active Paid,0,29.0
USR-005773,2025-11-27,2026-08-30,Free,Organic Search,Australia,0,0,0,0,0,0.0,0,0,0,Churned,1,0.0
USR-005774,2026-08-29,2026-09-24,Free,Content,Other,3,3,2,1,2,11.1,0,0,0,Free,0,0.0
USR-005775,2025-09-28,2026-09-23,Free,Organic Search,France,0,0,0,1,0,0.0,0,1,1,Free,0,0.0
USR-005776,2024-11-11,2026-09-24,Pro,Organic Search,Canada,4,4,6,0,0,17.0,1,1,1,Active Paid,0,29.0
USR-005777,2025-12-05,2026-07-30,Free,Content,United States,16,10,14,7,6,25.3,1,1,0,Churned,1,0.0
USR-005778,2026-06-30,2026-07-18,Free,Paid Search,Canada,6,6,2,1,0,15.1,0,1,1,Churned,1,0.0
USR-005779,2025-04-28,2026-09-25,Pro,Social,United Kingdom,8,8,3,3,0,9.9,2,1,1,Active Paid,0,29.0
USR-005780,2026-06-17,2026-09-25,Free,Content,Other,8,6,2,2,2,10.5,0,1,0,Free,0,0.0
USR-005781,2026-04-30,2026-09-22,Free,Referral,Canada,7,7,5,1,1,14.1,0,1,1,Free,0,0.0
USR-005782,2026-06-03,2026-09-25,Pro,Organic Search,United Kingdom,12,12,14,10,7,20.5,0,1,1,Active Paid,0,29.0
USR-005783,2024-12-23,2026-08-03,Team,Social,Canada,7,7,8,8,4,21.5,1,1,1,Churned,1,0.0
USR-005784,2024-10-14,2026-09-21,Free,Social,Other,4,4,1,0,0,16.1,0,1,0,Free,0,0.0
USR-005785,2025-08-04,2026-09-27,Team,Paid Search,Germany,12,12,9,7,6,21.9,0,1,1,Active Paid,0,89.0
USR-005786,2025-07-01,2026-09-18,Free,Referral,United States,7,3,3,1,1,22.1,0,1,0,Free,0,0.0
USR-005787,2025-06-11,2026-09-25,Pro,Partnership,Canada,8,8,10,2,1,21.1,1,1,1,Active Paid,0,29.0
USR-005788,2025-07-06,2026-09-23,Free,Organic Search,Canada,6,6,4,1,1,8.1,0,1,0,Free,0,0.0
USR-005789,2025-08-22,2026-09-26,Pro,Organic Search,United Kingdom,10,10,8,6,3,14.6,0,1,1,Active Paid,0,29.0
USR-005790,2024-10-10,2026-09-18,Free,Referral,France,0,0,0,0,0,0.0,0,0,0,Free,0,0.0
USR-005791,2025-04-09,2026-09-26,Team,Social,United States,12,12,18,5,14,18.7,0,1,1,Active Paid,0,89.0
USR-005792,2026-07-14,2026-09-01,Team,Content,Canada,7,7,6,3,6,20.5,1,0,1,Churned,1,0.0
USR-005793,2025-12-09,2026-09-13,Free,Organic Search,United Kingdom,3,3,1,0,0,7.7,0,0,0,Free,0,0.0
USR-005794,2024-10-19,2026-09-17,Free,Organic Search,Canada,11,7,6,1,3,8.2,1,0,1,Free,0,0.0
USR-005795,2025-12-01,2026-09-24,Pro,Referral,Canada,11,8,5,4,2,15.8,0,1,1,Active Paid,0,29.0
USR-005796,2026-04-23,2026-09-24,Free,Partnership,France,1,1,0,0,0,18.9,1,1,0,Free,0,0.0
USR-005797,2025-01-03,2026-09-26,Pro,Organic Search,United States,6,5,0,1,0,11.4,0,1,1,Active Paid,0,29.0
USR-005798,2025-06-27,2026-09-27,Pro,Content,United States,6,6,7,2,1,7.6,0,1,1,Active Paid,0,29.0
USR-005799,2025-08-09,2026-09-21,Free,Paid Search,Australia,3,3,3,0,0,11.7,0,1,1,Free,0,0.0
USR-005800,2025-11-19,2026-09-26,Free,Organic Search,Other,8,8,6,3,1,15.5,0,1,0,Free,0,0.0
USR-005801,2026-06-19,2026-09-23,Team,Social,United States,12,12,10,5,7,18.1,0,0,1,Active Paid,0,89.0
USR-005802,2025-12-15,2026-09-25,Free,Paid Search,United States,10,10,6,4,3,14.5,0,1,0,Free,0,0.0
USR-005803,2025-11-07,2026-09-26,Pro,Referral,Other,10,10,14,3,3,13.7,1,1,1,Active Paid,0,29.0
USR-005804,2024-11-19,2026-09-02,Free,Paid Search,United States,1,1,0,0,0,8.5,0,0,0,Churned,1,0.0
USR-005805,2026-02-08,2026-09-23,Free,Social,Other,3,3,1,0,2,9.9,0,1,0,Free,0,0.0
USR-005806,2026-06-01,2026-09-22,Free,Organic Search,Australia,6,6,1,0,0,18.1,0,1,0,Free,0,0.0
USR-005807,2025-11-14,2026-09-23,Free,Content,United States,10,10,2,1,1,12.1,0,1,0,Free,0,0.0
USR-005808,2024-10-03,2026-09-25,Pro,Partnership,United States,12,12,12,7,6,21.9,0,1,1,Active Paid,0,29.0
USR-005809,2025-10-06,2026-09-22,Free,Paid Search,Other,8,8,6,0,2,13.4,0,1,1,Free,0,0.0
USR-005810,2025-12-18,2026-09-23,Pro,Paid Search,United States,7,7,2,4,0,15.2,0,1,1,Active Paid,0,29.0
USR-005811,2025-05-27,2026-09-19,Pro,Partnership,Canada,5,5,2,3,0,10.5,0,1,1,Active Paid,0,29.0
USR-005812,2025-06-09,2026-09-23,Free,Organic Search,United States,7,7,2,1,2,11.7,1,1,1,Free,0,0.0
USR-005813,2026-02-14,2026-09-27,Free,Content,Germany,9,7,7,1,1,18.7,1,1,0,Free,0,0.0
USR-005814,2024-10-23,2026-09-18,Pro,Social,Other,9,9,2,3,2,8.3,0,1,1,Active Paid,0,29.0
USR-005815,2025-07-19,2026-09-20,Pro,Content,Germany,0,0,0,0,0,0.0,0,1,1,Active Paid,0,29.0
USR-005816,2026-08-05,2026-09-21,Free,Paid Search,United States,1,1,0,0,0,9.0,0,1,0,Free,0,0.0
USR-005817,2025-11-28,2026-09-21,Free,Paid Search,Germany,4,4,2,0,0,7.5,0,0,0,Free,0,0.0
USR-005818,2024-11-25,2026-09-23,Pro,Paid Search,Germany,9,9,0,5,3,18.0,0,1,1,Active Paid,0,29.0
USR-005819,2025-12-08,2026-09-23,Free,Organic Search,United States,6,6,3,0,3,6.6,1,1,0,Free,0,0.0
USR-005820,2025-08-06,2026-09-24,Pro,Organic Search,Australia,6,6,6,4,1,17.8,0,1,1,Active Paid,0,29.0
USR-005821,2025-07-04,2026-09-24,Free,Partnership,Germany,12,12,9,1,4,17.7,0,1,0,Free,0,0.0
USR-005822,2025-04-30,2026-09-21,Pro,Organic Search,United States,5,5,3,0,0,14.1,0,0,1,Active Paid,0,29.0
USR-005823,2024-12-31,2026-09-17,Free,Organic Search,Other,5,5,1,0,1,13.5,0,0,0,Free,0,0.0
USR-005824,2026-06-01,2026-09-28,Pro,Paid Search,United Kingdom,10,10,5,6,1,18.5,0,1,1,Active Paid,0,29.0
USR-005825,2025-09-11,2026-09-13,Free,Paid Search,United States,4,4,1,0,1,13.3,1,1,0,Churned,1,0.0
USR-005826,2025-08-30,2026-09-23,Free,Social,United States,4,4,2,0,0,18.6,0,1,1,Free,0,0.0
USR-005827,2026-05-30,2026-07-17,Free,Organic Search,United Kingdom,0,0,1,0,0,0.0,0,0,0,Churned,1,0.0
USR-005828,2025-05-22,2026-09-23,Pro,Content,United States,10,10,9,1,4,24.3,1,1,1,Active Paid,0,29.0
USR-005829,2026-06-23,2026-09-22,Free,Content,United States,3,3,1,0,0,19.0,0,1,1,Free,0,0.0
USR-005830,2025-10-24,2026-09-24,Free,Organic Search,Australia,4,4,0,0,0,15.3,0,0,0,Free,0,0.0
USR-005831,2026-01-22,2026-09-21,Pro,Content,Germany,0,0,0,0,0,0.0,0,1,1,Active Paid,0,29.0
USR-005832,2026-05-28,2026-09-21,Free,Paid Search,United States,0,0,0,0,0,0.0,0,0,0,Free,0,0.0
USR-005833,2025-02-05,2026-09-23,Free,Paid Search,France,8,8,5,0,1,18.2,1,1,0,Free,0,0.0
USR-005834,2026-03-25,2026-09-22,Pro,Partnership,France,5,5,1,4,2,19.6,1,0,1,Active Paid,0,29.0
USR-005835,2026-03-17,2026-09-23,Pro,Content,Canada,11,11,10,8,4,19.5,0,1,1,Active Paid,0,29.0
USR-005836,2025-01-13,2026-09-27,Pro,Paid Search,Other,14,14,17,11,8,15.6,0,1,1,Active Paid,0,29.0
USR-005837,2024-12-27,2026-09-25,Free,Social,United States,9,6,2,2,1,18.0,0,1,0,Free,0,0.0
USR-005838,2026-08-22,2026-08-22,Free,Paid Search,United States,4,4,1,1,0,17.0,0,1,0,Churned,1,0.0
USR-005839,2026-03-01,2026-09-22,Pro,Social,United States,9,9,6,0,1,18.5,0,1,1,Active Paid,0,29.0
USR-005840,2025-04-27,2026-09-28,Free,Referral,United Kingdom,5,5,2,2,1,18.7,0,1,0,Free,0,0.0
USR-005841,2025-03-08,2026-09-24,Pro,Organic Search,Canada,13,12,12,7,2,16.8,1,0,1,Active Paid,0,29.0
USR-005842,2024-10-01,2026-09-18,Free,Content,United States,7,7,3,2,0,14.7,0,0,0,Free,0,0.0
USR-005843,2025-08-15,2026-09-18,Team,Referral,Canada,4,4,4,0,2,12.2,1,0,1,Active Paid,0,89.0
USR-005844,2026-09-10,2026-09-10,Pro,Organic Search,Other,10,8,8,8,1,17.5,1,1,1,Churned,1,0.0
USR-005845,2024-12-30,2026-09-23,Free,Content,Australia,7,7,5,2,2,15.8,0,1,1,Free,0,0.0
USR-005846,2026-05-23,2026-09-23,Free,Referral,France,5,5,2,0,3,14.6,0,1,1,Free,0,0.0
USR-005847,2026-06-21,2026-09-26,Free,Paid Search,Germany,6,5,2,1,1,13.6,1,1,0,Free,0,0.0
USR-005848,2025-05-21,2026-09-19,Free,Social,France,7,6,2,3,3,13.7,0,1,0,Free,0,0.0
USR-005849,2025-07-11,2026-09-28,Pro,Content,Canada,10,10,14,6,3,12.0,1,1,1,Active Paid,0,29.0
USR-005850,2026-08-04,2026-09-27,Free,Partnership,United Kingdom,8,8,4,0,0,18.8,0,1,0,Free,0,0.0
USR-005851,2026-05-17,2026-08-15,Free,Paid Search,United States,10,8,2,1,0,9.7,0,1,1,Churned,1,0.0
USR-005852,2025-07-21,2026-09-23,Free,Referral,United States,4,4,1,0,0,14.3,0,1,1,Free,0,0.0
USR-005853,2026-03-17,2026-07-28,Pro,Content,Canada,6,6,3,0,0,15.7,3,1,1,Churned,1,0.0
USR-005854,2025-05-14,2026-09-21,Free,Partnership,Canada,2,2,0,0,0,12.0,0,0,0,Free,0,0.0
USR-005855,2025-11-25,2026-07-13,Free,Organic Search,United States,0,0,0,0,0,0.0,0,0,0,Churned,1,0.0
USR-005856,2025-07-22,2026-09-20,Team,Social,United States,7,7,7,3,3,14.9,0,1,1,Active Paid,0,89.0
USR-005857,2025-10-11,2026-09-27,Free,Content,Australia,7,7,3,0,1,8.7,1,1,0,Free,0,0.0
USR-005858,2025-12-28,2026-09-25,Free,Organic Search,United States,5,5,3,0,0,19.6,0,1,0,Free,0,0.0
USR-005859,2026-01-14,2026-09-24,Team,Paid Search,United Kingdom,9,9,7,5,8,19.9,0,1,1,Active Paid,0,89.0
USR-005860,2025-05-05,2026-09-02,Free,Social,United States,3,3,0,0,0,9.7,0,1,0,Churned,1,0.0
USR-005861,2025-09-13,2026-09-26,Team,Social,United States,7,7,1,3,5,21.9,1,1,1,Active Paid,0,89.0
USR-005862,2025-07-18,2026-09-09,Pro,Referral,France,10,10,6,7,1,19.6,0,0,1,Churned,1,0.0
USR-005863,2025-07-30,2026-08-02,Pro,Organic Search,United States,10,10,9,2,1,11.7,1,1,1,Churned,1,0.0
USR-005864,2026-04-20,2026-09-22,Free,Content,United States,7,7,5,1,0,17.5,2,1,1,Free,0,0.0
USR-005865,2024-12-02,2026-09-21,Free,Paid Search,Other,6,6,3,1,0,11.1,0,1,0,Free,0,0.0
USR-005866,2025-08-09,2026-09-21,Free,Content,Canada,3,3,0,0,0,11.4,1,0,0,Free,0,0.0
USR-005867,2025-04-20,2026-09-24,Free,Paid Search,Germany,14,13,22,3,5,15.3,0,1,1,Free,0,0.0
USR-005868,2024-12-24,2026-07-15,Free,Organic Search,Germany,5,5,1,2,0,5.5,1,0,1,Churned,1,0.0
USR-005869,2024-11-23,2026-09-24,Pro,Partnership,United States,11,9,6,1,3,14.9,0,0,1,Active Paid,0,29.0
USR-005870,2025-05-27,2026-08-25,Pro,Content,United Kingdom,6,6,6,3,0,14.6,0,1,1,Churned,1,0.0
USR-005871,2025-03-02,2026-09-23,Free,Paid Search,United Kingdom,11,11,4,2,0,21.3,0,1,1,Free,0,0.0
USR-005872,2025-10-13,2026-09-26,Pro,Paid Search,United States,5,5,2,1,0,16.3,0,1,1,Active Paid,0,29.0
USR-005873,2025-04-06,2026-09-23,Team,Social,United States,3,3,1,0,0,26.3,0,0,1,Active Paid,0,89.0
USR-005874,2026-01-29,2026-09-23,Pro,Partnership,Germany,7,7,2,2,0,16.7,0,0,1,Active Paid,0,29.0
USR-005875,2025-04-25,2026-09-17,Pro,Paid Search,United States,3,3,3,1,1,12.5,1,0,1,Active Paid,0,29.0
USR-005876,2026-07-16,2026-09-25,Pro,Partnership,United States,13,13,15,4,1,16.1,1,0,1,Active Paid,0,29.0
USR-005877,2024-12-01,2026-09-21,Free,Paid Search,Germany,0,0,0,0,0,0.0,0,0,0,Free,0,0.0
USR-005878,2026-03-25,2026-08-08,Free,Referral,United Kingdom,6,6,2,1,0,15.9,0,1,1,Churned,1,0.0
USR-005879,2025-06-03,2026-09-21,Team,Paid Search,Germany,11,11,7,7,5,12.9,0,1,1,Active Paid,0,89.0
USR-005880,2026-09-08,2026-09-24,Pro,Organic Search,United States,12,11,8,5,5,16.8,1,1,1,Active Paid,0,29.0
USR-005881,2026-05-27,2026-09-28,Pro,Partnership,France,18,17,19,20,8,18.3,0,1,1,Active Paid,0,29.0
USR-005882,2024-10-10,2026-09-29,Team,Organic Search,Other,8,8,10,6,9,18.2,0,1,1,Active Paid,0,89.0
USR-005883,2025-01-28,2026-07-26,Free,Partnership,Canada,9,9,9,2,1,22.1,1,1,0,Churned,1,0.0
USR-005884,2026-04-09,2026-09-25,Free,Organic Search,Other,7,7,4,0,0,20.4,0,1,1,Free,0,0.0
USR-005885,2026-06-14,2026-09-22,Pro,Paid Search,United Kingdom,0,0,0,0,0,0.0,0,1,1,Active Paid,0,29.0
USR-005886,2025-02-10,2026-08-20,Free,Partnership,United States,5,5,3,0,0,14.5,0,1,0,Churned,1,0.0
USR-005887,2024-10-08,2026-09-26,Pro,Referral,United Kingdom,11,11,3,6,1,22.6,0,1,1,Active Paid,0,29.0
USR-005888,2026-05-18,2026-09-19,Pro,Organic Search,United Kingdom,6,5,1,1,3,11.5,0,1,1,Active Paid,0,29.0
USR-005889,2025-05-29,2026-09-20,Pro,Social,Other,6,6,2,3,0,17.8,0,0,1,Active Paid,0,29.0
USR-005890,2026-02-25,2026-09-24,Free,Organic Search,United Kingdom,2,2,0,0,0,11.5,0,1,0,Free,0,0.0
USR-005891,2025-04-01,2026-09-24,Pro,Content,United Kingdom,11,11,7,5,6,27.4,2,1,1,Active Paid,0,29.0
USR-005892,2025-11-20,2026-09-20,Free,Organic Search,Other,4,4,1,1,0,12.5,0,1,0,Free,0,0.0
USR-005893,2026-06-18,2026-09-28,Team,Social,United States,21,14,21,13,21,18.5,0,1,1,Active Paid,0,89.0
USR-005894,2026-01-27,2026-09-02,Free,Organic Search,Germany,0,0,0,0,0,0.0,1,1,0,Churned,1,0.0
USR-005895,2025-08-26,2026-09-28,Pro,Referral,United Kingdom,12,12,16,8,6,19.8,0,1,1,Active Paid,0,29.0
USR-005896,2025-02-22,2026-07-16,Free,Partnership,Other,2,2,1,0,0,22.2,0,1,1,Churned,1,0.0
USR-005897,2026-08-31,2026-09-22,Free,Content,United States,9,3,3,2,2,14.1,0,0,1,Free,0,0.0
USR-005898,2024-10-31,2026-09-23,Free,Paid Search,France,4,4,5,0,1,25.1,0,1,1,Free,0,0.0
USR-005899,2025-06-08,2026-09-25,Free,Organic Search,Canada,5,5,2,0,1,13.4,0,1,1,Free,0,0.0
USR-005900,2024-12-29,2026-09-20,Free,Organic Search,Other,10,3,4,0,0,13.6,0,0,0,Free,0,0.0
USR-005901,2024-11-20,2026-07-14,Pro,Content,Other,11,11,13,4,4,19.5,0,1,1,Churned,1,0.0
USR-005902,2026-05-29,2026-09-24,Pro,Organic Search,Australia,12,11,11,5,3,18.9,0,1,1,Active Paid,0,29.0
USR-005903,2026-07-10,2026-09-24,Free,Referral,United States,7,7,4,0,1,17.9,0,1,0,Free,0,0.0
USR-005904,2025-03-09,2026-09-27,Pro,Paid Search,Canada,8,8,2,2,1,18.1,0,1,1,Active Paid,0,29.0
USR-005905,2026-05-04,2026-09-26,Pro,Partnership,Other,10,10,9,6,3,15.6,0,1,1,Active Paid,0,29.0
USR-005906,2026-06-02,2026-09-17,Pro,Social,Germany,7,7,4,1,2,16.5,0,1,1,Active Paid,0,29.0
USR-005907,2025-10-16,2026-09-22,Free,Social,Other,9,9,4,2,2,14.2,1,1,0,Free,0,0.0
USR-005908,2024-12-01,2026-09-24,Free,Content,Australia,7,7,4,0,0,13.5,0,1,1,Free,0,0.0
USR-005909,2025-02-24,2026-07-23,Team,Partnership,United Kingdom,0,0,0,0,0,0.0,0,0,1,Churned,1,0.0
USR-005910,2025-09-10,2026-09-26,Free,Social,United States,11,10,3,3,1,10.2,1,1,0,Free,0,0.0
USR-005911,2026-04-28,2026-09-20,Free,Content,United Kingdom,2,2,0,0,0,10.8,0,0,0,Free,0,0.0
USR-005912,2026-01-18,2026-09-28,Pro,Referral,France,12,12,9,9,2,18.8,0,1,1,Active Paid,0,29.0
USR-005913,2025-05-11,2026-09-26,Free,Paid Search,Canada,6,6,3,1,1,19.0,0,1,0,Free,0,0.0
USR-005914,2026-05-26,2026-09-24,Pro,Organic Search,United States,4,4,0,1,0,11.8,0,1,1,Active Paid,0,29.0
USR-005915,2025-09-06,2026-09-22,Free,Referral,France,4,4,0,0,0,8.5,0,1,0,Free,0,0.0
USR-005916,2026-09-07,2026-09-23,Pro,Referral,United States,12,11,11,2,1,11.2,0,1,1,Active Paid,0,29.0
USR-005917,2026-01-26,2026-09-27,Team,Organic Search,United Kingdom,12,12,7,6,7,18.2,0,1,1,Active Paid,0,89.0
USR-005918,2026-03-22,2026-09-26,Team,Organic Search,Canada,3,3,2,1,0,20.5,0,1,1,Active Paid,0,89.0
USR-005919,2025-05-17,2026-09-27,Team,Referral,Canada,16,16,19,14,11,22.9,3,1,1,Active Paid,0,89.0
USR-005920,2024-12-01,2026-09-25,Team,Organic Search,United States,19,18,16,13,20,19.2,0,1,1,Active Paid,0,89.0
USR-005921,2026-06-03,2026-09-28,Free,Referral,France,16,11,17,8,5,26.0,1,1,1,Free,0,0.0
USR-005922,2025-02-22,2026-08-10,Team,Referral,Other,9,9,10,1,8,17.2,2,1,1,Churned,1,0.0
USR-005923,2025-06-04,2026-09-22,Team,Paid Search,France,14,14,15,15,6,14.5,0,1,1,Active Paid,0,89.0
USR-005924,2024-10-22,2026-09-24,Free,Paid Search,Other,0,0,0,0,0,0.0,1,1,0,Free,0,0.0
USR-005925,2024-12-03,2026-09-16,Free,Paid Search,United States,2,2,0,1,0,5.7,0,1,0,Free,0,0.0
USR-005926,2026-07-05,2026-09-27,Free,Paid Search,United States,0,0,0,0,0,0.0,0,0,0,Free,0,0.0
USR-005927,2025-04-02,2026-07-12,Pro,Social,United States,6,6,3,0,0,12.5,0,0,1,Churned,1,0.0
USR-005928,2025-07-19,2026-09-28,Pro,Referral,France,13,13,5,10,6,25.8,0,1,1,Active Paid,0,29.0
USR-005929,2026-06-27,2026-09-25,Free,Content,United States,5,5,5,2,0,10.1,0,1,0,Free,0,0.0
USR-005930,2026-03-16,2026-08-04,Free,Organic Search,Other,7,6,2,0,1,22.9,0,0,0,Churned,1,0.0
USR-005931,2024-11-22,2026-09-23,Pro,Referral,Germany,16,15,12,8,5,22.8,0,1,1,Active Paid,0,29.0
USR-005932,2025-08-23,2026-09-15,Free,Paid Search,Australia,2,2,0,0,0,19.4,0,1,1,Free,0,0.0
USR-005933,2026-01-16,2026-09-28,Team,Content,United Kingdom,23,16,16,13,20,25.9,2,1,1,Active Paid,0,89.0
USR-005934,2026-01-29,2026-08-17,Free,Organic Search,France,0,0,0,0,0,0.0,0,1,0,Churned,1,0.0
USR-005935,2025-01-24,2026-09-26,Free,Social,United Kingdom,11,11,5,4,1,15.6,0,1,0,Free,0,0.0
USR-005936,2026-02-25,2026-09-19,Free,Social,Canada,0,0,0,0,0,0.0,0,0,1,Free,0,0.0
USR-005937,2026-05-25,2026-09-22,Pro,Paid Search,Australia,8,7,5,2,1,14.2,0,1,1,Active Paid,0,29.0
USR-005938,2025-08-01,2026-09-27,Pro,Partnership,United States,10,10,3,4,1,23.1,1,1,1,Active Paid,0,29.0
USR-005939,2024-10-06,2026-09-25,Free,Organic Search,Other,4,4,2,1,0,11.1,0,1,1,Free,0,0.0
USR-005940,2026-05-07,2026-09-22,Free,Organic Search,France,6,6,5,1,3,9.7,0,1,0,Free,0,0.0
USR-005941,2026-03-17,2026-09-16,Free,Referral,France,4,4,1,2,1,10.8,1,0,0,Free,0,0.0
USR-005942,2025-10-15,2026-09-15,Free,Social,United States,0,0,0,0,0,0.0,0,0,0,Free,0,0.0
USR-005943,2026-04-26,2026-09-22,Pro,Paid Search,United States,2,2,1,1,0,10.5,0,0,1,Active Paid,0,29.0
USR-005944,2025-06-07,2026-09-14,Free,Paid Search,United States,3,3,1,0,0,12.2,0,1,1,Free,0,0.0
USR-005945,2026-03-18,2026-09-21,Free,Organic Search,Germany,6,6,1,1,2,12.0,0,0,0,Free,0,0.0
USR-005946,2026-06-16,2026-09-28,Free,Content,United States,0,0,0,0,0,0.0,0,1,0,Free,0,0.0
USR-005947,2026-03-13,2026-07-10,Free,Social,Other,0,0,1,0,0,0.0,1,1,1,Churned,1,0.0
USR-005948,2024-11-19,2026-08-27,Free,Organic Search,Other,5,5,1,1,0,3.3,0,1,1,Churned,1,0.0
USR-005949,2024-11-16,2026-09-28,Free,Paid Search,United States,11,11,5,2,3,12.2,1,1,0,Free,0,0.0
USR-005950,2025-09-19,2026-09-24,Free,Content,France,0,0,0,0,0,0.0,0,1,0,Free,0,0.0
USR-005951,2025-12-03,2026-09-26,Free,Content,United States,6,6,4,1,0,16.1,1,0,0,Free,0,0.0
USR-005952,2025-02-07,2026-09-27,Free,Organic Search,United Kingdom,2,2,2,2,0,15.4,0,0,0,Free,0,0.0
USR-005953,2026-04-30,2026-09-24,Team,Referral,United States,19,19,12,20,11,18.5,0,1,1,Active Paid,0,89.0
USR-005954,2025-06-05,2026-09-22,Free,Organic Search,Australia,11,11,10,1,0,18.5,1,1,0,Free,0,0.0
USR-005955,2025-05-17,2026-09-26,Free,Organic Search,Other,8,8,2,3,2,16.0,0,1,0,Free,0,0.0
USR-005956,2025-04-26,2026-09-23,Free,Content,United States,0,0,0,0,0,0.0,0,1,1,Free,0,0.0
USR-005957,2026-04-13,2026-09-25,Pro,Content,United States,15,14,9,7,6,15.8,0,1,1,Active Paid,0,29.0
USR-005958,2025-04-21,2026-09-28,Team,Organic Search,United Kingdom,8,8,10,6,3,22.7,0,1,1,Active Paid,0,89.0
USR-005959,2025-07-05,2026-09-27,Pro,Content,Canada,7,7,6,4,0,18.4,0,1,1,Active Paid,0,29.0
USR-005960,2024-12-29,2026-09-21,Pro,Referral,United States,10,10,7,5,2,11.6,2,1,1,Active Paid,0,29.0
USR-005961,2026-05-14,2026-09-26,Pro,Referral,Australia,7,7,1,5,2,19.6,0,0,1,Active Paid,0,29.0
USR-005962,2025-07-04,2026-09-22,Free,Content,Other,7,2,1,0,2,9.0,0,0,0,Free,0,0.0
USR-005963,2025-01-30,2026-07-12,Pro,Social,United Kingdom,0,0,0,0,0,0.0,0,1,1,Churned,1,0.0
USR-005964,2026-03-01,2026-07-21,Pro,Partnership,Other,4,4,2,0,1,9.3,1,1,1,Churned,1,0.0
USR-005965,2025-04-02,2026-09-21,Free,Organic Search,France,8,7,5,0,1,13.4,0,1,0,Free,0,0.0
USR-005966,2026-07-06,2026-08-18,Free,Social,Germany,6,6,6,1,0,12.8,1,1,0,Churned,1,0.0
USR-005967,2025-04-20,2026-09-24,Free,Paid Search,Australia,4,4,1,0,0,18.7,0,0,0,Free,0,0.0
USR-005968,2025-07-09,2026-09-21,Free,Content,Canada,1,1,0,0,0,12.3,0,1,0,Free,0,0.0
USR-005969,2026-05-01,2026-09-21,Pro,Organic Search,Canada,9,9,10,9,2,17.8,0,1,1,Active Paid,0,29.0
USR-005970,2026-07-30,2026-09-23,Free,Paid Search,United States,5,5,1,1,1,12.6,0,1,0,Free,0,0.0
USR-005971,2025-03-31,2026-07-26,Pro,Referral,France,4,4,2,0,0,13.2,0,0,1,Churned,1,0.0
USR-005972,2026-03-27,2026-08-13,Team,Paid Search,United States,4,4,2,1,3,14.9,0,0,1,Churned,1,0.0
USR-005973,2025-09-25,2026-09-22,Free,Organic Search,United States,0,0,2,0,0,0.0,0,1,0,Free,0,0.0
USR-005974,2026-08-03,2026-09-21,Free,Paid Search,Canada,7,5,2,0,0,13.8,0,0,0,Free,0,0.0
USR-005975,2024-10-27,2026-09-24,Pro,Referral,United Kingdom,11,11,14,6,3,18.9,1,1,1,Active Paid,0,29.0
USR-005976,2025-08-19,2026-09-24,Pro,Paid Search,United States,7,7,4,0,1,13.8,0,1,1,Active Paid,0,29.0
USR-005977,2024-11-18,2026-08-05,Free,Paid Search,United States,0,0,0,0,0,0.0,0,0,0,Churned,1,0.0
USR-005978,2026-05-24,2026-07-16,Free,Social,Other,4,4,2,0,0,15.0,0,0,0,Churned,1,0.0
USR-005979,2026-04-21,2026-09-28,Pro,Partnership,Germany,14,14,13,8,6,23.0,0,1,1,Active Paid,0,29.0
USR-005980,2025-07-06,2026-07-19,Team,Content,United Kingdom,1,1,0,0,0,8.2,1,1,1,Churned,1,0.0
USR-005981,2025-07-10,2026-09-21,Free,Organic Search,Other,17,10,10,1,1,14.4,0,1,0,Free,0,0.0
USR-005982,2025-02-27,2026-09-24,Free,Content,Australia,7,7,3,1,0,19.4,0,1,0,Free,0,0.0
USR-005983,2024-11-21,2026-07-21,Team,Content,United States,6,6,1,6,2,14.5,0,1,1,Churned,1,0.0
USR-005984,2025-02-05,2026-08-06,Free,Referral,Canada,7,7,5,1,0,15.3,0,1,1,Churned,1,0.0
USR-005985,2026-06-07,2026-09-20,Free,Social,United States,4,4,0,0,0,8.5,0,1,0,Free,0,0.0
USR-005986,2026-02-06,2026-09-22,Pro,Organic Search,Canada,8,8,8,6,2,16.4,1,1,1,Active Paid,0,29.0
USR-005987,2024-12-01,2026-09-26,Free,Referral,France,6,6,3,1,2,13.7,0,1,1,Free,0,0.0
USR-005988,2025-08-19,2026-09-17,Free,Social,United States,0,0,0,0,0,0.0,0,0,0,Free,0,0.0
USR-005989,2025-01-04,2026-09-28,Pro,Paid Search,Canada,9,9,7,6,0,16.5,2,1,1,Active Paid,0,29.0
USR-005990,2025-08-09,2026-09-14,Pro,Organic Search,United States,6,6,1,3,2,25.2,1,1,1,Churned,1,0.0
USR-005991,2026-08-11,2026-09-21,Free,Organic Search,Canada,2,2,0,0,0,8.8,0,1,0,Free,0,0.0
USR-005992,2025-10-12,2026-08-03,Free,Social,United States,1,1,0,0,1,14.3,1,1,0,Churned,1,0.0
USR-005993,2025-02-03,2026-09-26,Pro,Organic Search,Australia,11,11,7,3,3,13.2,1,1,1,Active Paid,0,29.0
USR-005994,2025-06-04,2026-09-27,Pro,Referral,Canada,13,13,8,9,3,20.2,1,1,1,Active Paid,0,29.0
USR-005995,2026-06-13,2026-09-25,Pro,Content,United States,7,7,4,6,5,24.1,0,1,1,Active Paid,0,29.0
USR-005996,2026-04-18,2026-09-25,Pro,Paid Search,Australia,7,7,4,2,1,16.3,0,0,1,Active Paid,0,29.0
USR-005997,2025-01-13,2026-09-26,Pro,Organic Search,United States,12,12,10,8,3,13.5,0,1,1,Active Paid,0,29.0
USR-005998,2024-10-15,2026-09-23,Team,Organic Search,Germany,24,15,24,20,13,28.7,0,1,1,Active Paid,0,89.0
USR-005999,2025-03-26,2026-09-21,Pro,Paid Search,Canada,8,8,6,2,0,17.7,0,0,1,Active Paid,0,29.0
USR-006000,2026-07-07,2026-09-23,Free,Content,United States,5,5,1,2,1,12.2,0,0,0,Free,0,0.0
USR-006001,2025-06-30,2026-08-06,Team,Referral,United States,4,4,2,0,0,14.6,0,1,1,Churned,1,0.0
USR-006002,2025-01-31,2026-09-25,Team,Content,United States,9,9,4,2,4,15.4,1,1,1,Active Paid,0,89.0
USR-006003,2025-06-15,2026-09-30,Free,Partnership,France,9,9,5,2,0,8.8,1,1,1,Free,0,0.0
USR-006004,2025-07-18,2026-07-14,Free,Organic Search,France,5,5,4,0,3,12.5,1,1,0,Churned,1,0.0
USR-006005,2025-10-16,2026-09-17,Pro,Referral,United States,10,10,3,5,2,16.8,3,1,1,Active Paid,0,29.0
USR-006006,2026-03-24,2026-07-15,Free,Social,United States,4,4,2,0,1,17.3,1,1,0,Churned,1,0.0
USR-006007,2026-02-27,2026-09-21,Pro,Social,Other,6,6,4,0,1,12.3,1,1,1,Active Paid,0,29.0
USR-006008,2025-03-31,2026-09-20,Free,Paid Search,United States,10,9,5,1,2,12.9,0,1,0,Free,0,0.0
USR-006009,2026-07-28,2026-09-22,Free,Paid Search,United States,0,0,0,0,0,0.0,0,1,0,Free,0,0.0
USR-006010,2026-07-17,2026-09-27,Free,Referral,France,6,6,2,0,0,16.7,1,0,0,Free,0,0.0
USR-006011,2025-12-06,2026-09-25,Team,Referral,United States,10,10,7,6,2,24.2,1,1,1,Active Paid,0,89.0
USR-006012,2025-03-11,2026-09-23,Free,Paid Search,Other,5,5,4,0,0,15.0,0,0,0,Free,0,0.0
USR-006013,2025-06-03,2026-09-24,Pro,Organic Search,United States,7,7,7,4,4,17.8,0,1,1,Active Paid,0,29.0
USR-006014,2025-07-21,2026-09-18,Free,Social,Other,2,2,0,0,0,9.7,0,0,0,Free,0,0.0
USR-006015,2025-08-30,2026-08-01,Free,Referral,United Kingdom,9,8,3,0,4,17.9,1,1,0,Churned,1,0.0
USR-006016,2026-06-28,2026-09-18,Free,Social,United States,6,6,7,3,3,13.6,1,1,0,Free,0,0.0
USR-006017,2026-01-21,2026-09-23,Free,Organic Search,United Kingdom,6,3,3,0,1,15.8,0,1,0,Free,0,0.0
USR-006018,2026-07-21,2026-09-21,Pro,Paid Search,Other,15,13,18,15,3,15.9,1,1,1,Active Paid,0,29.0
USR-006019,2025-03-22,2026-09-21,Pro,Referral,Canada,10,7,10,1,3,13.9,0,1,1,Active Paid,0,29.0
USR-006020,2025-03-28,2026-07-20,Free,Referral,United States,0,0,0,0,0,0.0,0,1,0,Churned,1,0.0
USR-006021,2026-03-15,2026-08-30,Free,Organic Search,Other,0,0,0,0,0,0.0,1,0,0,Churned,1,0.0
USR-006022,2026-02-18,2026-08-31,Pro,Social,United States,8,8,5,1,1,11.0,1,0,1,Churned,1,0.0
USR-006023,2026-02-01,2026-09-17,Pro,Paid Search,United States,8,8,3,0,2,12.9,0,0,1,Active Paid,0,29.0
USR-006024,2024-12-19,2026-09-19,Free,Referral,United States,7,7,7,2,4,15.9,0,0,0,Free,0,0.0
USR-006025,2025-10-01,2026-09-25,Pro,Organic Search,Australia,13,13,11,14,5,22.9,0,1,1,Active Paid,0,29.0
USR-006026,2025-03-20,2026-07-30,Free,Referral,United States,6,6,5,0,0,15.5,0,1,0,Churned,1,0.0
USR-006027,2025-10-30,2026-09-26,Free,Partnership,United States,7,7,5,2,2,14.8,0,1,0,Free,0,0.0
USR-006028,2025-05-04,2026-09-23,Pro,Paid Search,Other,4,3,2,1,1,12.9,0,0,1,Active Paid,0,29.0
USR-006029,2025-09-03,2026-09-20,Pro,Paid Search,Germany,0,0,0,0,0,0.0,0,0,1,Active Paid,0,29.0
USR-006030,2026-02-28,2026-09-25,Pro,Organic Search,United States,11,11,12,7,1,19.3,1,0,1,Active Paid,0,29.0
USR-006031,2024-12-28,2026-09-17,Free,Organic Search,Germany,0,0,0,0,0,0.0,0,1,0,Free,0,0.0
USR-006032,2025-04-27,2026-08-23,Free,Partnership,United States,6,6,1,2,1,19.0,1,0,0,Churned,1,0.0
USR-006033,2025-03-14,2026-09-27,Pro,Partnership,Canada,9,9,8,8,0,25.6,0,1,1,Active Paid,0,29.0
USR-006034,2024-11-07,2026-09-10,Free,Organic Search,United Kingdom,0,0,1,0,0,0.0,0,1,0,Free,0,0.0
USR-006035,2026-03-22,2026-09-17,Free,Content,Germany,1,1,0,0,1,9.4,0,1,0,Free,0,0.0
USR-006036,2026-07-12,2026-09-22,Pro,Organic Search,France,6,6,2,0,1,16.0,0,1,1,Active Paid,0,29.0
USR-006037,2025-07-26,2026-09-17,Free,Social,United Kingdom,0,0,0,0,0,0.0,0,1,0,Free,0,0.0
USR-006038,2026-01-25,2026-09-24,Free,Referral,United States,11,5,6,1,2,20.9,0,1,0,Free,0,0.0
USR-006039,2025-11-08,2026-09-20,Free,Paid Search,United Kingdom,6,6,3,2,1,17.6,0,1,0,Free,0,0.0
USR-006040,2026-04-01,2026-09-20,Team,Social,France,6,6,2,2,2,10.6,0,0,1,Active Paid,0,89.0
USR-006041,2025-12-05,2026-08-08,Free,Referral,Australia,1,1,1,0,0,9.2,0,1,0,Churned,1,0.0
USR-006042,2025-12-08,2026-09-26,Free,Organic Search,Australia,0,0,0,0,0,0.0,0,1,0,Free,0,0.0
USR-006043,2026-01-08,2026-08-19,Free,Partnership,Other,0,0,0,2,0,0.0,1,1,0,Churned,1,0.0
USR-006044,2025-04-03,2026-09-28,Free,Organic Search,Australia,6,6,3,0,2,8.6,0,1,0,Free,0,0.0
USR-006045,2025-07-19,2026-09-21,Free,Organic Search,Other,9,8,2,3,1,13.4,0,1,0,Free,0,0.0
USR-006046,2025-10-11,2026-09-24,Pro,Partnership,Germany,5,5,1,1,0,10.9,1,1,1,Active Paid,0,29.0
USR-006047,2026-06-27,2026-09-22,Free,Paid Search,United States,10,10,6,0,2,12.5,0,1,0,Free,0,0.0
USR-006048,2025-08-03,2026-09-22,Free,Paid Search,Germany,4,4,3,0,2,8.1,1,1,0,Free,0,0.0
USR-006049,2026-05-13,2026-09-23,Free,Paid Search,United States,7,6,4,0,0,14.0,0,1,0,Free,0,0.0
USR-006050,2026-02-03,2026-09-23,Free,Organic Search,United States,9,9,11,0,2,16.6,1,1,0,Free,0,0.0
USR-006051,2025-11-23,2026-09-20,Free,Paid Search,United States,2,2,0,0,1,9.2,0,1,0,Free,0,0.0
USR-006052,2026-06-06,2026-08-04,Pro,Paid Search,United Kingdom,0,0,0,0,0,0.0,2,1,1,Churned,1,0.0
USR-006053,2025-12-11,2026-09-26,Pro,Social,France,10,10,10,4,0,23.1,1,1,1,Active Paid,0,29.0
USR-006054,2026-03-09,2026-07-16,Pro,Social,United Kingdom,3,3,0,1,0,8.4,0,0,1,Churned,1,0.0
USR-006055,2025-01-16,2026-09-25,Free,Content,United States,1,1,0,0,0,17.3,0,1,0,Free,0,0.0
USR-006056,2025-01-09,2026-09-27,Pro,Content,Other,17,17,18,5,2,16.9,1,1,1,Active Paid,0,29.0
USR-006057,2026-09-12,2026-09-13,Pro,Paid Search,Germany,4,4,0,1,0,9.0,1,0,1,Churned,1,0.0
USR-006058,2025-07-12,2026-08-16,Free,Partnership,United States,6,6,2,1,0,15.6,1,1,0,Churned,1,0.0
USR-006059,2025-06-15,2026-09-21,Free,Content,United States,0,0,0,0,0,0.0,0,0,1,Free,0,0.0
USR-006060,2025-12-19,2026-09-25,Pro,Partnership,United States,11,9,12,3,1,20.1,0,1,1,Active Paid,0,29.0
USR-006061,2025-10-15,2026-09-22,Free,Referral,Other,11,11,3,1,1,13.7,0,1,0,Free,0,0.0
USR-006062,2025-02-28,2026-09-25,Free,Organic Search,United States,0,0,0,0,0,0.0,1,0,0,Free,0,0.0
USR-006063,2025-12-19,2026-09-18,Pro,Organic Search,Other,7,7,3,1,0,9.5,0,1,1,Active Paid,0,29.0
USR-006064,2026-07-31,2026-09-25,Free,Content,United States,6,6,4,0,0,17.3,1,1,0,Free,0,0.0
USR-006065,2025-12-23,2026-09-22,Team,Social,Australia,4,4,2,1,1,13.5,0,1,1,Active Paid,0,89.0
USR-006066,2026-03-18,2026-09-27,Free,Content,United States,12,10,6,5,0,9.1,1,1,1,Free,0,0.0
USR-006067,2025-12-16,2026-09-27,Free,Referral,Canada,8,8,10,0,1,14.1,0,1,1,Free,0,0.0
USR-006068,2026-04-04,2026-09-18,Free,Organic Search,United Kingdom,6,5,4,0,1,11.7,0,1,0,Free,0,0.0
USR-006069,2026-05-31,2026-09-23,Free,Paid Search,United Kingdom,6,6,8,0,0,16.1,0,0,0,Free,0,0.0
USR-006070,2024-10-11,2026-09-22,Team,Partnership,Other,14,14,9,14,13,17.6,0,1,1,Active Paid,0,89.0
USR-006071,2026-06-15,2026-09-21,Pro,Organic Search,France,0,0,0,0,0,0.0,0,1,1,Active Paid,0,29.0
USR-006072,2025-04-29,2026-09-27,Team,Referral,United States,14,14,15,6,8,16.5,1,1,1,Active Paid,0,89.0
USR-006073,2025-04-20,2026-09-22,Free,Partnership,France,5,5,1,1,1,12.5,0,1,1,Free,0,0.0
USR-006074,2025-07-01,2026-09-24,Free,Organic Search,United States,0,0,0,0,0,0.0,0,1,0,Free,0,0.0
USR-006075,2024-12-03,2026-09-18,Free,Paid Search,Other,0,0,1,0,0,0.0,0,1,1,Free,0,0.0
USR-006076,2026-09-12,2026-09-20,Free,Social,United Kingdom,4,4,2,0,0,8.1,0,0,0,Free,0,0.0
USR-006077,2026-02-12,2026-09-22,Team,Content,United States,10,9,6,6,3,14.0,0,1,1,Active Paid,0,89.0
USR-006078,2026-05-07,2026-07-13,Free,Social,United States,0,0,1,0,0,0.0,0,1,0,Churned,1,0.0
USR-006079,2025-07-30,2026-09-27,Free,Organic Search,United States,4,4,2,1,0,11.5,0,1,1,Free,0,0.0
USR-006080,2025-06-18,2026-09-26,Free,Organic Search,Other,4,4,5,4,3,17.3,0,1,0,Free,0,0.0
USR-006081,2024-12-13,2026-09-21,Pro,Paid Search,United States,10,10,7,2,0,7.9,0,1,1,Active Paid,0,29.0
USR-006082,2025-12-18,2026-09-24,Free,Paid Search,United States,5,5,4,2,0,22.1,0,1,1,Free,0,0.0
USR-006083,2026-03-31,2026-09-19,Pro,Organic Search,Australia,4,4,3,1,1,18.3,0,1,1,Active Paid,0,29.0
USR-006084,2024-11-24,2026-09-26,Pro,Content,United States,13,13,8,7,5,18.1,1,1,1,Active Paid,0,29.0
USR-006085,2025-05-22,2026-09-26,Pro,Organic Search,United States,6,6,0,0,0,14.4,0,0,1,Active Paid,0,29.0
USR-006086,2025-03-18,2026-08-24,Free,Content,Germany,0,0,0,0,0,0.0,1,0,0,Churned,1,0.0
USR-006087,2025-11-01,2026-09-26,Free,Partnership,United States,8,8,4,3,2,10.8,0,1,1,Free,0,0.0
USR-006088,2025-10-31,2026-09-28,Free,Referral,Australia,6,6,5,0,2,7.9,1,1,0,Free,0,0.0
USR-006089,2025-12-11,2026-09-25,Pro,Referral,Canada,3,3,2,0,0,17.1,1,1,1,Active Paid,0,29.0
USR-006090,2025-03-29,2026-09-29,Team,Organic Search,United States,9,9,5,3,1,10.3,1,1,1,Active Paid,0,89.0
USR-006091,2026-04-18,2026-08-30,Pro,Social,Canada,12,11,9,6,1,10.8,1,1,1,Churned,1,0.0
USR-006092,2024-10-18,2026-09-25,Free,Paid Search,United States,4,4,0,0,1,21.0,0,1,0,Free,0,0.0
USR-006093,2026-05-13,2026-09-24,Free,Organic Search,Canada,12,12,13,6,3,14.0,1,1,0,Free,0,0.0
USR-006094,2025-10-21,2026-09-26,Pro,Social,Germany,2,2,0,2,0,9.1,0,0,1,Active Paid,0,29.0
USR-006095,2026-02-03,2026-09-03,Free,Organic Search,Australia,0,0,0,0,0,0.0,2,1,0,Churned,1,0.0
USR-006096,2025-06-13,2026-09-21,Free,Paid Search,Canada,4,4,0,0,0,13.8,0,1,0,Free,0,0.0
USR-006097,2025-05-17,2026-09-23,Pro,Referral,Australia,13,6,10,2,0,20.5,0,1,1,Active Paid,0,29.0
USR-006098,2024-11-28,2026-09-25,Free,Social,United States,3,3,2,0,0,6.7,0,1,0,Free,0,0.0
USR-006099,2025-02-28,2026-09-24,Free,Organic Search,Other,4,4,1,1,1,13.3,0,0,0,Free,0,0.0
USR-006100,2026-03-22,2026-09-24,Free,Organic Search,United States,5,5,3,1,1,16.3,0,1,1,Free,0,0.0
USR-006101,2026-04-21,2026-09-24,Free,Paid Search,Australia,8,4,5,0,0,9.4,0,0,0,Free,0,0.0
USR-006102,2024-12-21,2026-08-18,Pro,Social,Canada,6,6,4,1,1,19.6,0,1,1,Churned,1,0.0
USR-006103,2025-10-02,2026-09-19,Free,Social,United States,1,1,0,0,0,5.8,1,0,0,Free,0,0.0
USR-006104,2026-07-08,2026-09-11,Free,Organic Search,United Kingdom,3,3,2,1,0,11.9,1,0,0,Churned,1,0.0
USR-006105,2025-02-03,2026-09-24,Free,Social,Other,7,7,4,1,0,11.1,0,1,0,Free,0,0.0
USR-006106,2025-06-09,2026-09-22,Free,Partnership,Australia,1,1,0,0,0,17.7,1,0,0,Free,0,0.0
USR-006107,2026-08-28,2026-09-25,Pro,Social,France,9,9,1,0,2,17.5,1,1,1,Active Paid,0,29.0
USR-006108,2025-03-05,2026-09-25,Pro,Social,United Kingdom,5,5,1,1,2,12.1,0,1,1,Active Paid,0,29.0
USR-006109,2025-07-08,2026-09-22,Free,Referral,Germany,5,5,1,0,0,12.1,1,1,1,Free,0,0.0
USR-006110,2025-07-03,2026-07-04,Free,Content,United States,3,3,0,0,0,12.2,0,1,0,Churned,1,0.0
USR-006111,2025-01-05,2026-09-22,Free,Partnership,Germany,0,0,0,0,0,0.0,1,0,0,Free,0,0.0
USR-006112,2025-09-26,2026-08-17,Free,Organic Search,United States,5,5,1,1,2,13.1,0,0,0,Churned,1,0.0
USR-006113,2025-10-21,2026-09-29,Free,Organic Search,Australia,4,4,1,0,1,17.2,0,1,0,Free,0,0.0
USR-006114,2025-07-01,2026-09-17,Team,Organic Search,France,4,4,2,1,1,15.3,0,0,1,Active Paid,0,89.0
USR-006115,2026-04-27,2026-09-24,Free,Referral,United Kingdom,2,2,1,0,0,9.6,0,1,0,Free,0,0.0
USR-006116,2026-05-30,2026-08-17,Free,Organic Search,Germany,10,6,4,3,1,13.9,0,1,0,Churned,1,0.0
USR-006117,2025-01-20,2026-07-30,Free,Content,United Kingdom,4,4,2,1,0,13.2,0,0,1,Churned,1,0.0
USR-006118,2026-04-14,2026-09-22,Pro,Organic Search,United States,2,2,0,0,0,6.8,0,1,1,Active Paid,0,29.0
USR-006119,2025-09-20,2026-09-26,Free,Social,United States,9,9,1,1,0,13.1,0,0,0,Free,0,0.0
USR-006120,2026-03-07,2026-09-26,Team,Paid Search,United States,5,5,2,1,3,16.6,0,1,1,Active Paid,0,89.0
USR-006121,2026-04-04,2026-08-22,Free,Social,United States,2,2,1,0,0,5.5,0,1,0,Churned,1,0.0
USR-006122,2025-07-15,2026-09-23,Pro,Paid Search,France,8,8,4,1,0,18.9,0,1,1,Active Paid,0,29.0
USR-006123,2025-02-19,2026-09-22,Pro,Referral,France,6,6,5,2,1,14.2,0,1,1,Active Paid,0,29.0
USR-006124,2025-11-04,2026-08-16,Free,Social,United Kingdom,8,4,2,0,0,10.6,1,1,0,Churned,1,0.0
USR-006125,2026-06-08,2026-09-20,Free,Paid Search,Other,7,3,1,0,1,6.4,0,1,1,Free,0,0.0
USR-006126,2026-03-25,2026-09-25,Free,Referral,Other,6,6,4,0,3,15.7,0,1,0,Free,0,0.0
USR-006127,2026-05-21,2026-09-23,Pro,Partnership,United States,2,2,0,0,0,22.2,1,0,1,Active Paid,0,29.0
USR-006128,2024-12-23,2026-09-26,Pro,Content,Canada,9,7,11,2,2,18.1,2,1,1,Active Paid,0,29.0
USR-006129,2026-01-30,2026-08-04,Free,Referral,Other,8,8,11,1,0,15.6,0,1,1,Churned,1,0.0
USR-006130,2025-12-22,2026-08-19,Free,Social,United States,2,2,0,0,0,8.3,1,1,0,Churned,1,0.0
USR-006131,2026-07-27,2026-09-20,Free,Content,United Kingdom,0,0,0,0,0,0.0,0,1,1,Free,0,0.0
USR-006132,2025-11-01,2026-09-20,Free,Social,Other,2,2,1,1,0,12.4,0,1,0,Free,0,0.0
USR-006133,2024-12-01,2026-09-25,Pro,Partnership,Australia,10,10,5,9,3,21.2,2,1,1,Active Paid,0,29.0
USR-006134,2025-11-27,2026-09-25,Free,Content,Australia,10,9,4,1,2,12.7,0,1,1,Free,0,0.0
USR-006135,2025-06-07,2026-09-27,Free,Organic Search,Other,1,1,0,0,0,13.5,1,0,0,Free,0,0.0
USR-006136,2026-05-08,2026-09-23,Pro,Organic Search,United States,7,7,2,1,2,12.8,0,1,1,Active Paid,0,29.0
USR-006137,2026-06-05,2026-09-08,Pro,Referral,France,10,9,10,6,2,10.0,1,1,1,Churned,1,0.0
USR-006138,2025-04-10,2026-09-25,Pro,Referral,Australia,8,8,5,4,1,22.0,0,1,1,Active Paid,0,29.0
USR-006139,2026-07-30,2026-09-24,Free,Social,United States,6,6,1,2,3,14.3,0,1,0,Free,0,0.0
USR-006140,2025-10-30,2026-09-25,Team,Partnership,United States,6,6,5,1,4,12.8,0,1,1,Active Paid,0,89.0
USR-006141,2026-02-01,2026-09-24,Pro,Social,United States,6,6,3,0,0,14.1,0,1,1,Active Paid,0,29.0
USR-006142,2026-09-04,2026-09-23,Free,Paid Search,France,11,8,10,4,3,17.0,0,1,1,Free,0,0.0
USR-006143,2025-09-01,2026-08-16,Free,Social,France,0,0,0,0,0,0.0,1,0,0,Churned,1,0.0
USR-006144,2024-10-26,2026-09-23,Team,Organic Search,Other,16,15,20,14,12,23.7,1,1,1,Active Paid,0,89.0
USR-006145,2026-07-28,2026-07-28,Free,Social,United Kingdom,0,0,1,0,0,0.0,0,0,0,Churned,1,0.0
USR-006146,2025-02-09,2026-09-24,Pro,Content,Germany,13,13,16,7,4,24.0,0,1,1,Active Paid,0,29.0
USR-006147,2025-08-26,2026-09-27,Pro,Organic Search,United States,14,12,13,5,2,11.1,0,1,1,Active Paid,0,29.0
USR-006148,2025-04-16,2026-09-22,Pro,Content,Other,16,14,21,7,3,16.3,0,1,1,Active Paid,0,29.0
USR-006149,2026-07-08,2026-09-20,Pro,Content,Canada,8,7,5,3,2,19.1,0,0,1,Active Paid,0,29.0
USR-006150,2025-01-02,2026-09-28,Team,Organic Search,France,11,11,7,4,5,15.2,0,1,1,Active Paid,0,89.0
USR-006151,2026-09-07,2026-09-07,Free,Content,United States,0,0,0,0,0,0.0,1,1,1,Churned,1,0.0
USR-006152,2024-12-06,2026-09-22,Free,Referral,United States,9,9,10,2,3,10.3,0,1,0,Free,0,0.0
USR-006153,2025-06-02,2026-09-25,Pro,Social,United States,6,6,4,1,1,18.7,1,0,1,Active Paid,0,29.0
USR-006154,2026-01-17,2026-09-21,Free,Organic Search,Australia,4,4,0,0,0,10.2,0,1,0,Free,0,0.0
USR-006155,2026-09-10,2026-09-22,Pro,Paid Search,United States,10,10,12,3,4,19.4,0,1,1,Active Paid,0,29.0
USR-006156,2025-07-06,2026-09-25,Pro,Social,Australia,5,5,2,0,1,13.9,0,0,1,Active Paid,0,29.0
USR-006157,2026-07-15,2026-07-29,Free,Organic Search,United States,5,5,2,1,0,4.1,1,0,0,Churned,1,0.0
USR-006158,2025-07-07,2026-09-22,Pro,Paid Search,Canada,5,5,1,1,1,9.5,1,1,1,Active Paid,0,29.0
USR-006159,2025-03-12,2026-09-27,Free,Partnership,United States,13,12,8,1,2,14.9,0,1,1,Free,0,0.0
USR-006160,2026-03-08,2026-09-25,Pro,Referral,United States,11,11,7,5,1,24.2,0,1,1,Active Paid,0,29.0
USR-006161,2026-03-29,2026-09-25,Free,Referral,Canada,4,4,3,1,0,15.8,0,0,0,Free,0,0.0
USR-006162,2026-04-10,2026-09-22,Pro,Partnership,United Kingdom,3,3,3,0,0,21.2,0,1,1,Active Paid,0,29.0
USR-006163,2026-04-08,2026-09-24,Team,Organic Search,United Kingdom,13,13,10,6,11,14.6,0,1,1,Active Paid,0,89.0
USR-006164,2026-06-26,2026-09-26,Free,Organic Search,Germany,8,8,6,1,1,17.4,0,1,0,Free,0,0.0
USR-006165,2026-03-21,2026-08-07,Free,Referral,United Kingdom,7,6,3,0,1,16.1,1,0,0,Churned,1,0.0
USR-006166,2025-06-01,2026-09-22,Free,Paid Search,Canada,0,0,2,0,0,0.0,0,1,1,Free,0,0.0
USR-006167,2026-02-11,2026-09-26,Pro,Organic Search,Germany,6,6,0,1,1,7.9,0,1,1,Active Paid,0,29.0
USR-006168,2025-03-06,2026-07-16,Free,Content,United States,7,7,5,4,1,21.0,1,0,1,Churned,1,0.0
USR-006169,2025-02-07,2026-07-25,Free,Organic Search,United Kingdom,2,2,1,0,0,8.2,1,0,0,Churned,1,0.0
USR-006170,2025-03-20,2026-09-21,Team,Social,United States,5,5,3,3,3,18.3,0,0,1,Active Paid,0,89.0
USR-006171,2025-08-26,2026-09-19,Free,Social,United States,3,3,0,1,0,7.3,0,1,0,Free,0,0.0
USR-006172,2026-02-01,2026-09-24,Free,Referral,United States,13,9,13,6,6,22.3,0,1,1,Free,0,0.0
USR-006173,2024-11-20,2026-07-29,Pro,Paid Search,Germany,12,10,14,4,5,15.8,1,0,1,Churned,1,0.0
USR-006174,2026-04-22,2026-09-23,Free,Organic Search,United States,7,6,2,0,0,16.6,0,1,0,Free,0,0.0
USR-006175,2025-10-18,2026-09-25,Free,Content,Other,6,6,3,1,0,18.3,0,1,0,Free,0,0.0
USR-006176,2025-10-26,2026-09-29,Team,Partnership,France,18,12,14,10,7,23.6,0,1,1,Active Paid,0,89.0
USR-006177,2025-03-31,2026-09-22,Pro,Social,United States,4,4,3,1,1,20.5,0,1,1,Active Paid,0,29.0
USR-006178,2025-08-21,2026-09-26,Free,Organic Search,Germany,11,10,7,4,0,18.8,0,1,1,Free,0,0.0
USR-006179,2025-02-21,2026-09-26,Pro,Social,United States,8,8,1,0,2,13.1,0,1,1,Active Paid,0,29.0
USR-006180,2024-11-27,2026-09-14,Free,Paid Search,United States,1,1,0,0,0,2.0,0,0,0,Free,0,0.0
USR-006181,2025-12-10,2026-09-20,Free,Organic Search,Other,9,7,2,3,2,13.9,1,1,0,Free,0,0.0
USR-006182,2024-12-29,2026-09-23,Pro,Organic Search,United Kingdom,10,10,7,6,0,15.8,0,1,1,Active Paid,0,29.0
USR-006183,2026-05-17,2026-09-22,Free,Organic Search,United States,5,5,1,0,0,18.9,0,1,1,Free,0,0.0
USR-006184,2024-11-30,2026-09-20,Free,Paid Search,Other,5,5,1,0,0,16.9,1,1,0,Free,0,0.0
USR-006185,2026-05-11,2026-09-22,Team,Paid Search,Other,6,6,1,1,0,12.5,1,0,1,Active Paid,0,89.0
USR-006186,2025-01-16,2026-08-31,Free,Content,Canada,0,0,1,0,0,0.0,0,0,0,Churned,1,0.0
USR-006187,2025-12-10,2026-09-21,Free,Social,France,5,5,1,0,0,18.3,1,1,0,Free,0,0.0
USR-006188,2024-10-26,2026-09-22,Free,Paid Search,Australia,5,5,3,0,0,10.6,1,0,0,Free,0,0.0
USR-006189,2026-06-15,2026-09-23,Pro,Organic Search,France,10,10,5,8,5,18.8,4,1,1,Active Paid,0,29.0
USR-006190,2025-10-18,2026-09-26,Pro,Content,Canada,6,6,3,2,1,13.0,0,1,1,Active Paid,0,29.0
USR-006191,2024-12-10,2026-09-27,Team,Organic Search,Australia,15,15,8,10,4,19.9,0,0,1,Active Paid,0,89.0
USR-006192,2026-08-13,2026-09-27,Free,Organic Search,Canada,0,0,0,0,0,0.0,0,0,0,Free,0,0.0
USR-006193,2026-03-10,2026-09-25,Pro,Referral,United States,15,13,11,5,6,9.9,0,1,1,Active Paid,0,29.0
USR-006194,2026-07-18,2026-09-26,Pro,Referral,United States,7,7,7,6,3,22.3,0,1,1,Active Paid,0,29.0
USR-006195,2026-01-29,2026-09-22,Free,Content,United Kingdom,6,6,3,1,5,17.7,0,1,1,Free,0,0.0
USR-006196,2025-12-10,2026-09-26,Free,Paid Search,United States,6,6,2,0,0,20.3,0,1,1,Free,0,0.0
USR-006197,2025-06-30,2026-09-25,Pro,Paid Search,United States,10,9,6,0,1,20.4,0,1,1,Active Paid,0,29.0
USR-006198,2026-03-15,2026-08-15,Free,Paid Search,Canada,5,5,3,0,3,16.5,0,1,0,Churned,1,0.0
USR-006199,2026-05-25,2026-09-23,Pro,Social,Other,12,12,10,5,4,11.6,0,1,1,Active Paid,0,29.0
USR-006200,2026-05-17,2026-09-27,Free,Paid Search,United States,5,5,4,0,0,15.6,0,1,0,Free,0,0.0
USR-006201,2024-11-14,2026-09-22,Free,Paid Search,United States,0,0,0,0,0,0.0,0,1,0,Free,0,0.0
USR-006202,2024-11-03,2026-09-26,Team,Organic Search,Australia,7,7,5,2,4,26.1,1,1,1,Active Paid,0,89.0
USR-006203,2026-04-10,2026-09-23,Pro,Partnership,United Kingdom,5,5,1,3,1,16.7,0,1,1,Active Paid,0,29.0
USR-006204,2026-04-29,2026-07-13,Free,Organic Search,France,7,7,1,0,1,20.4,0,1,1,Churned,1,0.0
USR-006205,2026-08-08,2026-08-08,Pro,Paid Search,Canada,0,0,0,0,0,0.0,1,0,1,Churned,1,0.0
USR-006206,2024-10-30,2026-09-25,Free,Partnership,Germany,6,6,5,0,0,18.8,0,1,0,Free,0,0.0
USR-006207,2025-04-29,2026-09-21,Pro,Referral,United States,7,7,8,1,2,21.5,1,1,1,Active Paid,0,29.0
USR-006208,2025-03-21,2026-09-25,Free,Social,United Kingdom,11,9,1,0,2,13.4,1,0,0,Free,0,0.0
USR-006209,2026-02-20,2026-09-22,Free,Referral,Germany,7,7,1,1,1,20.5,1,1,1,Free,0,0.0
USR-006210,2025-06-14,2026-07-15,Free,Organic Search,United States,5,5,4,0,0,7.7,0,1,0,Churned,1,0.0
USR-006211,2026-08-04,2026-09-23,Free,Content,United States,12,11,3,0,3,18.6,0,0,0,Free,0,0.0
USR-006212,2025-05-20,2026-09-19,Free,Paid Search,United Kingdom,5,5,4,0,1,20.2,0,0,0,Free,0,0.0
USR-006213,2025-07-28,2026-09-25,Free,Partnership,France,7,6,4,0,2,17.1,0,1,0,Free,0,0.0
USR-006214,2026-01-21,2026-09-27,Team,Organic Search,Canada,19,13,20,8,16,16.1,0,1,1,Active Paid,0,89.0
USR-006215,2025-04-26,2026-09-25,Free,Referral,France,7,7,2,1,2,9.3,0,0,1,Free,0,0.0
USR-006216,2025-06-10,2026-09-23,Free,Social,France,2,2,0,1,1,13.6,2,1,1,Free,0,0.0
USR-006217,2025-11-06,2026-07-21,Free,Organic Search,United States,11,11,3,1,0,17.4,1,1,1,Churned,1,0.0
USR-006218,2026-05-05,2026-09-22,Pro,Paid Search,Other,6,6,5,2,0,6.5,0,1,1,Active Paid,0,29.0
USR-006219,2026-08-30,2026-09-24,Free,Content,Australia,3,3,1,1,0,13.6,0,1,1,Free,0,0.0
USR-006220,2024-11-14,2026-09-21,Free,Organic Search,United States,5,5,0,0,0,6.2,0,1,0,Free,0,0.0
USR-006221,2026-02-26,2026-09-24,Pro,Partnership,Canada,6,6,4,1,3,15.8,0,0,1,Active Paid,0,29.0
USR-006222,2026-02-12,2026-09-23,Free,Paid Search,United States,4,4,1,1,0,10.9,0,1,0,Free,0,0.0
USR-006223,2025-05-17,2026-08-20,Team,Referral,Other,6,6,6,0,0,14.5,0,0,1,Churned,1,0.0
USR-006224,2026-03-17,2026-08-10,Free,Social,United Kingdom,0,0,1,0,0,0.0,0,0,0,Churned,1,0.0
USR-006225,2025-12-21,2026-09-25,Pro,Social,United Kingdom,16,12,11,10,6,23.8,0,0,1,Active Paid,0,29.0
USR-006226,2025-04-25,2026-07-25,Free,Referral,Other,0,0,0,0,0,0.0,2,0,0,Churned,1,0.0
USR-006227,2025-07-17,2026-09-27,Pro,Referral,Germany,7,7,6,3,1,21.6,0,1,1,Active Paid,0,29.0
USR-006228,2025-06-03,2026-09-21,Pro,Social,United States,3,3,2,0,0,18.0,1,1,1,Active Paid,0,29.0
USR-006229,2026-09-12,2026-09-25,Free,Social,Germany,11,6,4,2,1,10.7,0,1,0,Free,0,0.0
USR-006230,2025-10-28,2026-09-28,Free,Social,Australia,7,4,8,0,1,12.9,0,1,0,Free,0,0.0
USR-006231,2025-10-11,2026-09-19,Free,Paid Search,United Kingdom,0,0,0,0,0,0.0,0,1,1,Free,0,0.0
USR-006232,2025-06-20,2026-08-08,Free,Organic Search,Canada,7,6,10,0,0,7.0,1,0,0,Churned,1,0.0
USR-006233,2026-05-30,2026-09-23,Team,Organic Search,Germany,4,4,1,2,1,15.5,0,0,1,Active Paid,0,89.0
USR-006234,2026-05-24,2026-07-24,Pro,Social,Canada,0,0,0,0,0,0.0,1,1,1,Churned,1,0.0
USR-006235,2025-03-19,2026-09-19,Pro,Partnership,Other,3,3,1,1,1,14.6,0,1,1,Active Paid,0,29.0
USR-006236,2025-05-22,2026-09-23,Team,Organic Search,Canada,12,12,9,6,6,14.4,1,1,1,Active Paid,0,89.0
USR-006237,2025-02-13,2026-09-20,Pro,Social,Germany,7,7,2,0,0,13.6,1,0,1,Active Paid,0,29.0
USR-006238,2026-03-06,2026-09-25,Pro,Paid Search,Australia,6,6,11,0,1,12.6,0,0,1,Active Paid,0,29.0
USR-006239,2024-10-02,2026-07-11,Free,Social,United States,1,1,0,0,0,10.4,0,1,0,Churned,1,0.0
USR-006240,2026-03-04,2026-09-23,Free,Referral,United States,7,7,8,1,4,14.1,0,1,1,Free,0,0.0
USR-006241,2025-06-07,2026-09-26,Free,Referral,Other,13,13,15,4,4,3.5,0,0,1,Free,0,0.0
USR-006242,2026-05-23,2026-09-21,Free,Referral,France,3,3,2,0,0,12.8,1,1,0,Free,0,0.0
USR-006243,2024-11-28,2026-09-25,Free,Referral,United Kingdom,10,10,7,4,3,9.6,0,0,1,Free,0,0.0
USR-006244,2026-01-21,2026-09-21,Free,Organic Search,United States,0,0,0,0,0,0.0,0,1,1,Free,0,0.0
USR-006245,2025-02-19,2026-09-18,Free,Social,United States,0,0,0,0,0,0.0,0,1,0,Free,0,0.0
USR-006246,2026-01-22,2026-09-17,Free,Paid Search,United States,7,7,2,3,2,16.7,0,1,1,Free,0,0.0
USR-006247,2025-02-27,2026-09-02,Free,Partnership,United Kingdom,6,6,3,0,0,14.6,1,0,1,Churned,1,0.0
USR-006248,2025-10-26,2026-09-24,Free,Content,Canada,5,5,2,1,0,13.5,1,1,0,Free,0,0.0
USR-006249,2026-08-02,2026-08-14,Free,Organic Search,United States,7,4,5,2,1,18.3,0,0,0,Churned,1,0.0
USR-006250,2026-05-02,2026-07-15,Free,Organic Search,Germany,3,3,0,0,1,2.0,0,0,0,Churned,1,0.0
USR-006251,2025-05-15,2026-09-18,Pro,Social,Other,4,4,0,0,1,11.1,0,0,1,Active Paid,0,29.0
USR-006252,2026-04-30,2026-09-24,Pro,Partnership,Other,9,9,1,5,2,14.5,1,0,1,Active Paid,0,29.0
USR-006253,2026-03-03,2026-09-22,Free,Organic Search,Australia,8,5,1,0,1,9.1,0,0,0,Free,0,0.0
USR-006254,2025-08-24,2026-07-05,Free,Social,United Kingdom,0,0,0,0,0,0.0,0,0,0,Churned,1,0.0
USR-006255,2026-03-19,2026-09-25,Free,Paid Search,Canada,8,8,5,1,1,12.3,1,1,1,Free,0,0.0
USR-006256,2026-06-15,2026-07-03,Free,Referral,Canada,7,7,4,0,1,4.8,0,0,1,Churned,1,0.0
USR-006257,2025-06-26,2026-09-25,Free,Referral,United States,14,14,14,4,0,18.0,0,0,0,Free,0,0.0
USR-006258,2025-05-11,2026-09-28,Team,Organic Search,Other,20,13,18,10,9,17.2,6,1,1,Active Paid,0,89.0
USR-006259,2025-04-09,2026-09-23,Free,Content,France,6,6,2,0,1,14.2,0,1,1,Free,0,0.0
USR-006260,2024-11-10,2026-09-21,Free,Organic Search,Germany,8,5,6,0,0,14.2,1,1,0,Free,0,0.0
USR-006261,2026-06-18,2026-07-26,Pro,Content,United States,10,10,10,4,2,20.3,0,0,1,Churned,1,0.0
USR-006262,2025-11-14,2026-09-25,Free,Organic Search,United States,8,5,9,0,1,19.8,0,0,1,Free,0,0.0
USR-006263,2026-04-01,2026-09-24,Free,Social,Other,4,4,3,1,1,9.8,2,1,0,Free,0,0.0
USR-006264,2024-12-10,2026-09-26,Free,Paid Search,United States,0,0,0,0,0,0.0,0,0,0,Free,0,0.0
USR-006265,2025-08-26,2026-09-25,Team,Social,United States,9,9,12,8,3,21.7,0,1,1,Active Paid,0,89.0
USR-006266,2026-07-07,2026-08-18,Free,Paid Search,Germany,2,2,1,0,0,12.0,0,1,1,Churned,1,0.0
USR-006267,2025-05-09,2026-09-21,Pro,Social,France,6,6,0,0,0,15.3,1,0,1,Active Paid,0,29.0
USR-006268,2026-08-16,2026-09-23,Pro,Organic Search,United States,10,10,11,5,2,25.3,2,0,1,Active Paid,0,29.0
USR-006269,2026-03-03,2026-09-19,Free,Paid Search,United States,1,1,0,0,0,10.1,0,1,0,Free,0,0.0
USR-006270,2025-04-18,2026-09-23,Pro,Content,Australia,4,4,3,0,0,26.1,0,0,1,Active Paid,0,29.0
USR-006271,2025-09-19,2026-08-18,Free,Social,Other,1,1,1,0,0,6.0,1,0,0,Churned,1,0.0
USR-006272,2025-03-20,2026-08-26,Free,Social,Canada,5,5,0,1,0,12.5,0,0,0,Churned,1,0.0
USR-006273,2025-08-03,2026-09-24,Free,Referral,Australia,0,0,0,0,0,0.0,1,0,0,Free,0,0.0
USR-006274,2025-01-21,2026-09-22,Team,Paid Search,United Kingdom,4,4,4,2,3,14.9,1,1,1,Active Paid,0,89.0
USR-006275,2025-08-09,2026-09-25,Free,Content,France,6,6,1,0,0,10.2,0,1,1,Free,0,0.0
USR-006276,2026-08-06,2026-09-17,Free,Paid Search,Canada,3,3,3,0,0,14.6,0,1,0,Free,0,0.0
USR-006277,2026-07-27,2026-09-26,Team,Partnership,Other,14,14,13,7,7,20.5,1,1,1,Active Paid,0,89.0
USR-006278,2025-03-09,2026-09-26,Free,Content,Australia,5,5,5,0,0,19.7,0,1,0,Free,0,0.0
USR-006279,2026-08-19,2026-09-21,Team,Paid Search,United States,6,6,3,3,4,19.9,0,1,1,Active Paid,0,89.0
USR-006280,2025-12-20,2026-08-22,Pro,Paid Search,United States,6,6,4,1,1,12.4,0,1,1,Churned,1,0.0
USR-006281,2026-09-04,2026-09-25,Pro,Referral,Australia,1,1,2,0,0,17.6,2,1,1,Active Paid,0,29.0
USR-006282,2026-02-11,2026-09-29,Pro,Referral,United States,15,15,8,7,9,22.9,0,1,1,Active Paid,0,29.0
USR-006283,2025-07-17,2026-09-25,Pro,Organic Search,France,12,12,13,9,6,9.2,0,1,1,Active Paid,0,29.0
USR-006284,2026-05-15,2026-09-25,Free,Organic Search,Canada,3,3,1,0,1,16.1,0,1,0,Free,0,0.0
USR-006285,2025-10-17,2026-09-03,Team,Organic Search,United States,12,10,5,4,8,16.2,1,1,1,Churned,1,0.0
USR-006286,2024-10-03,2026-09-27,Team,Referral,France,6,6,9,3,4,17.1,0,1,1,Active Paid,0,89.0
USR-006287,2026-07-27,2026-09-25,Team,Referral,Canada,10,10,8,1,3,22.7,0,0,1,Active Paid,0,89.0
USR-006288,2026-08-01,2026-09-22,Pro,Organic Search,Other,10,10,13,9,3,21.0,1,1,1,Active Paid,0,29.0
USR-006289,2026-03-06,2026-09-24,Free,Social,United States,2,2,0,0,1,16.3,0,0,0,Free,0,0.0
USR-006290,2025-02-01,2026-09-22,Free,Referral,United States,1,1,0,0,2,8.4,0,0,0,Free,0,0.0
USR-006291,2025-11-29,2026-09-21,Free,Partnership,United States,4,4,1,0,0,14.8,0,0,0,Free,0,0.0
USR-006292,2025-06-15,2026-09-20,Free,Organic Search,United States,9,8,1,0,1,7.4,0,1,0,Free,0,0.0
USR-006293,2026-08-22,2026-09-24,Pro,Paid Search,Germany,9,9,6,7,2,17.2,0,1,1,Active Paid,0,29.0
USR-006294,2025-04-08,2026-09-28,Pro,Paid Search,United Kingdom,8,8,8,3,3,17.6,1,1,1,Active Paid,0,29.0
USR-006295,2026-07-29,2026-09-22,Free,Referral,United States,7,7,3,3,0,17.2,0,1,1,Free,0,0.0
USR-006296,2025-04-25,2026-09-25,Free,Organic Search,Other,4,4,0,0,0,9.8,1,0,0,Free,0,0.0
USR-006297,2026-06-02,2026-09-27,Pro,Organic Search,United States,7,7,2,6,1,15.2,1,1,1,Active Paid,0,29.0
USR-006298,2025-01-10,2026-08-12,Free,Content,United Kingdom,3,3,0,0,0,19.2,1,0,0,Churned,1,0.0
USR-006299,2026-02-16,2026-09-26,Team,Social,Other,5,5,2,2,0,8.5,0,1,1,Active Paid,0,89.0
USR-006300,2026-05-07,2026-07-28,Pro,Organic Search,Germany,9,9,5,3,4,20.6,2,0,1,Churned,1,0.0
USR-006301,2026-01-18,2026-09-25,Free,Paid Search,United Kingdom,6,6,3,0,1,12.3,0,1,0,Free,0,0.0
USR-006302,2026-09-15,2026-09-24,Free,Organic Search,Other,5,5,3,0,0,9.7,0,1,0,Free,0,0.0
USR-006303,2026-05-20,2026-09-24,Pro,Paid Search,Canada,4,4,3,1,0,15.4,0,1,1,Active Paid,0,29.0
USR-006304,2025-07-15,2026-09-21,Free,Paid Search,United States,0,0,0,0,0,0.0,1,1,0,Free,0,0.0
USR-006305,2026-02-12,2026-09-24,Pro,Organic Search,United States,11,9,11,5,3,13.0,0,1,1,Active Paid,0,29.0
USR-006306,2026-01-05,2026-09-10,Free,Organic Search,Other,2,2,1,0,0,16.8,1,0,0,Churned,1,0.0
USR-006307,2025-02-15,2026-09-20,Free,Content,United States,4,4,2,0,0,15.2,0,1,0,Free,0,0.0
USR-006308,2026-06-19,2026-09-25,Free,Content,Australia,11,11,10,4,4,12.6,1,1,0,Free,0,0.0
USR-006309,2025-12-06,2026-09-25,Pro,Organic Search,United States,7,7,4,2,1,15.0,0,1,1,Active Paid,0,29.0
USR-006310,2026-05-05,2026-09-20,Team,Referral,United States,10,10,9,3,5,10.8,0,1,1,Active Paid,0,89.0
USR-006311,2025-10-05,2026-09-29,Team,Organic Search,Other,6,6,6,3,1,18.7,1,1,1,Active Paid,0,89.0
USR-006312,2026-01-21,2026-09-21,Free,Content,Other,0,0,0,0,0,0.0,1,1,1,Free,0,0.0
USR-006313,2026-08-13,2026-08-13,Pro,Content,United States,4,4,3,1,1,7.5,1,0,1,Churned,1,0.0
USR-006314,2026-07-27,2026-08-21,Free,Social,United States,8,5,8,1,2,9.4,0,1,0,Churned,1,0.0
USR-006315,2025-01-14,2026-09-17,Pro,Social,France,8,4,7,2,1,9.7,0,0,1,Active Paid,0,29.0
USR-006316,2026-08-06,2026-09-27,Team,Paid Search,Canada,10,10,8,0,3,10.8,1,1,1,Active Paid,0,89.0
USR-006317,2025-03-05,2026-09-26,Free,Organic Search,United Kingdom,5,5,2,1,3,25.2,0,1,1,Free,0,0.0
USR-006318,2024-11-30,2026-09-25,Team,Social,United States,10,10,10,10,8,23.2,0,1,1,Active Paid,0,89.0
USR-006319,2025-10-17,2026-09-21,Free,Organic Search,Other,6,4,3,0,0,7.5,0,1,0,Free,0,0.0
USR-006320,2026-02-04,2026-09-24,Free,Referral,United States,11,11,6,2,2,19.1,0,1,0,Free,0,0.0
USR-006321,2025-03-09,2026-09-22,Free,Social,United States,12,11,11,1,0,13.7,0,1,0,Free,0,0.0
USR-006322,2024-10-13,2026-08-16,Team,Organic Search,United Kingdom,7,7,3,3,4,16.4,0,1,1,Churned,1,0.0
USR-006323,2026-06-21,2026-09-22,Free,Social,United States,0,0,0,0,0,0.0,1,0,0,Free,0,0.0
USR-006324,2024-10-26,2026-07-18,Pro,Content,Canada,7,7,7,4,2,21.5,0,0,1,Churned,1,0.0
USR-006325,2024-11-10,2026-08-10,Free,Social,United Kingdom,4,4,0,0,0,16.1,0,1,0,Churned,1,0.0
USR-006326,2026-06-06,2026-09-10,Pro,Social,Germany,4,4,3,1,0,14.9,3,1,1,Churned,1,0.0
USR-006327,2026-08-07,2026-09-21,Free,Content,United Kingdom,10,10,8,2,3,14.6,0,1,0,Free,0,0.0
USR-006328,2025-04-22,2026-09-20,Free,Organic Search,United States,9,9,5,2,1,13.1,0,1,1,Free,0,0.0
USR-006329,2026-07-22,2026-09-28,Pro,Social,Other,0,0,0,0,0,0.0,1,1,1,Active Paid,0,29.0
USR-006330,2025-07-13,2026-09-24,Pro,Paid Search,Canada,9,9,4,1,0,17.6,0,1,1,Active Paid,0,29.0
USR-006331,2026-07-31,2026-09-22,Free,Organic Search,United Kingdom,4,4,2,1,0,11.4,0,0,0,Free,0,0.0
USR-006332,2025-05-10,2026-09-02,Free,Partnership,United States,15,14,12,4,3,10.4,0,1,0,Churned,1,0.0
USR-006333,2026-04-03,2026-09-24,Free,Paid Search,Germany,1,1,0,0,0,15.2,0,0,0,Free,0,0.0
USR-006334,2026-07-09,2026-08-08,Team,Paid Search,Australia,2,2,3,0,1,14.7,0,0,1,Churned,1,0.0
USR-006335,2026-07-30,2026-09-26,Pro,Organic Search,Germany,10,10,7,6,1,19.8,2,1,1,Active Paid,0,29.0
USR-006336,2026-05-04,2026-09-23,Pro,Partnership,Australia,9,9,10,1,1,22.6,0,1,1,Active Paid,0,29.0
USR-006337,2025-08-25,2026-09-26,Pro,Content,United States,18,16,21,16,14,23.9,1,1,1,Active Paid,0,29.0
USR-006338,2026-07-23,2026-09-27,Pro,Organic Search,Other,8,8,6,3,1,21.5,0,1,1,Active Paid,0,29.0
USR-006339,2025-02-19,2026-09-20,Free,Social,United States,9,4,5,1,3,11.6,1,1,0,Free,0,0.0
USR-006340,2025-07-11,2026-09-24,Free,Organic Search,United States,3,3,1,0,0,16.5,0,1,0,Free,0,0.0
USR-006341,2026-02-15,2026-09-26,Pro,Referral,Canada,9,9,11,10,3,12.8,0,1,1,Active Paid,0,29.0
USR-006342,2024-10-10,2026-09-24,Free,Social,United States,9,6,6,0,0,3.2,0,1,0,Free,0,0.0
USR-006343,2025-06-02,2026-09-25,Free,Organic Search,United Kingdom,6,6,1,1,0,13.9,0,1,1,Free,0,0.0
USR-006344,2025-05-23,2026-09-23,Pro,Social,United States,9,8,7,2,4,9.9,0,0,1,Active Paid,0,29.0
USR-006345,2026-05-14,2026-09-17,Pro,Content,France,6,6,1,1,0,19.1,1,0,1,Active Paid,0,29.0
USR-006346,2025-04-25,2026-09-21,Pro,Paid Search,France,6,6,7,5,0,18.2,1,0,1,Active Paid,0,29.0
USR-006347,2025-08-12,2026-09-27,Free,Organic Search,Germany,5,5,5,0,0,20.8,1,1,1,Free,0,0.0
USR-006348,2024-10-12,2026-09-04,Team,Partnership,United Kingdom,7,7,7,5,6,14.6,0,1,1,Churned,1,0.0
USR-006349,2025-10-09,2026-09-23,Free,Organic Search,United Kingdom,0,0,0,0,0,0.0,0,1,1,Free,0,0.0
USR-006350,2025-05-19,2026-09-23,Free,Social,Australia,2,2,2,0,0,11.0,1,0,0,Free,0,0.0
USR-006351,2026-01-15,2026-09-27,Team,Social,Canada,8,8,2,3,3,16.7,0,1,1,Active Paid,0,89.0
USR-006352,2026-08-18,2026-09-22,Pro,Organic Search,Canada,10,10,10,6,2,11.3,0,1,1,Active Paid,0,29.0
USR-006353,2026-06-16,2026-09-22,Team,Organic Search,United States,9,9,5,3,3,14.1,0,1,1,Active Paid,0,89.0
USR-006354,2025-01-04,2026-09-28,Pro,Organic Search,United States,10,10,4,4,1,16.1,0,1,1,Active Paid,0,29.0
USR-006355,2025-04-06,2026-07-11,Pro,Organic Search,United Kingdom,10,9,5,3,0,17.9,0,0,1,Churned,1,0.0
USR-006356,2025-12-29,2026-09-26,Free,Social,France,7,5,3,1,2,10.0,0,1,0,Free,0,0.0
USR-006357,2025-05-05,2026-09-25,Free,Content,Other,14,11,7,1,3,21.4,0,1,1,Free,0,0.0
USR-006358,2026-09-12,2026-09-17,Team,Organic Search,Other,7,7,6,2,2,13.0,1,0,1,Active Paid,0,89.0
USR-006359,2026-08-20,2026-09-25,Pro,Referral,United Kingdom,16,16,14,10,9,20.1,1,1,1,Active Paid,0,29.0
USR-006360,2025-09-18,2026-08-09,Free,Paid Search,United Kingdom,1,1,0,0,0,16.2,0,1,0,Churned,1,0.0
USR-006361,2025-06-26,2026-09-17,Free,Organic Search,Australia,7,6,2,0,1,11.0,0,1,1,Free,0,0.0
USR-006362,2024-11-15,2026-07-24,Free,Social,United Kingdom,2,2,0,0,0,7.5,0,0,0,Churned,1,0.0
USR-006363,2025-03-21,2026-07-15,Free,Paid Search,Canada,0,0,0,0,0,0.0,0,1,0,Churned,1,0.0
USR-006364,2026-03-16,2026-09-26,Pro,Social,France,8,8,6,3,0,14.9,0,1,1,Active Paid,0,29.0
USR-006365,2025-02-10,2026-09-17,Free,Paid Search,United States,4,4,3,4,0,17.1,0,1,1,Free,0,0.0
USR-006366,2025-09-29,2026-09-02,Free,Referral,United States,2,2,0,0,0,12.2,0,1,1,Churned,1,0.0
USR-006367,2025-02-02,2026-09-24,Team,Content,United Kingdom,12,12,12,9,6,21.6,0,1,1,Active Paid,0,89.0
USR-006368,2026-05-14,2026-09-25,Free,Organic Search,Germany,16,11,15,6,4,17.8,0,1,0,Free,0,0.0
USR-006369,2026-08-28,2026-08-28,Free,Partnership,United States,6,4,2,0,0,5.3,0,0,0,Churned,1,0.0
USR-006370,2026-08-05,2026-09-26,Free,Organic Search,United States,9,6,4,2,2,21.9,0,1,0,Free,0,0.0
USR-006371,2024-10-07,2026-09-27,Free,Organic Search,United States,3,3,0,1,0,5.9,1,1,1,Free,0,0.0
USR-006372,2026-07-20,2026-07-23,Free,Organic Search,Australia,4,4,1,1,0,17.2,1,1,0,Churned,1,0.0
USR-006373,2024-11-13,2026-09-22,Free,Content,Other,7,7,4,2,0,11.8,0,1,1,Free,0,0.0
USR-006374,2025-04-14,2026-08-02,Free,Referral,Other,7,7,7,1,0,15.9,0,1,1,Churned,1,0.0
USR-006375,2026-06-03,2026-09-21,Free,Partnership,Australia,4,4,0,0,0,10.2,0,0,0,Free,0,0.0
USR-006376,2025-01-06,2026-09-22,Free,Referral,United States,4,4,2,0,1,18.1,0,1,1,Free,0,0.0
USR-006377,2026-06-04,2026-09-24,Free,Paid Search,United States,3,3,1,0,0,7.8,0,0,0,Free,0,0.0
USR-006378,2026-06-05,2026-09-20,Team,Content,Canada,4,4,3,2,1,9.5,1,1,1,Active Paid,0,89.0
USR-006379,2025-07-31,2026-08-29,Free,Partnership,Canada,6,6,6,2,4,20.8,0,0,1,Churned,1,0.0
USR-006380,2026-02-21,2026-09-19,Free,Content,France,5,3,0,0,1,13.8,0,0,0,Free,0,0.0
USR-006381,2026-02-20,2026-09-21,Team,Social,United States,5,5,3,1,1,15.2,1,0,1,Active Paid,0,89.0
USR-006382,2026-04-29,2026-09-16,Free,Content,Other,0,0,0,0,0,0.0,0,1,0,Free,0,0.0
USR-006383,2025-07-08,2026-09-19,Free,Organic Search,United States,4,4,0,0,1,11.7,0,1,1,Free,0,0.0
USR-006384,2026-08-27,2026-09-25,Pro,Content,Germany,11,9,14,7,5,15.3,0,1,1,Active Paid,0,29.0
USR-006385,2026-03-24,2026-09-23,Free,Partnership,Other,4,4,1,0,1,16.5,0,1,1,Free,0,0.0
USR-006386,2025-08-16,2026-09-24,Free,Referral,Canada,7,7,2,3,0,22.7,0,1,0,Free,0,0.0
USR-006387,2025-10-03,2026-09-21,Pro,Organic Search,France,5,5,1,1,0,14.5,0,0,1,Active Paid,0,29.0
USR-006388,2025-05-03,2026-09-24,Pro,Organic Search,France,6,6,6,1,0,16.7,3,1,1,Active Paid,0,29.0
USR-006389,2026-04-14,2026-09-27,Free,Partnership,Australia,7,7,2,0,1,8.1,0,1,0,Free,0,0.0
USR-006390,2025-06-09,2026-09-22,Free,Content,Australia,5,5,0,1,0,13.9,0,0,0,Free,0,0.0
USR-006391,2025-03-21,2026-09-24,Free,Referral,United Kingdom,2,2,2,0,1,16.9,1,1,0,Free,0,0.0
USR-006392,2025-12-12,2026-09-26,Pro,Partnership,United Kingdom,3,3,1,0,0,9.0,0,0,1,Active Paid,0,29.0
USR-006393,2026-03-16,2026-08-21,Free,Social,Australia,6,3,2,0,0,11.5,0,0,0,Churned,1,0.0
USR-006394,2025-08-15,2026-09-21,Free,Content,Germany,5,5,2,0,0,17.2,0,1,1,Free,0,0.0
USR-006395,2025-07-29,2026-08-07,Free,Organic Search,Germany,13,13,11,2,4,14.6,0,1,0,Churned,1,0.0
USR-006396,2026-07-10,2026-07-25,Team,Organic Search,United Kingdom,12,10,14,7,2,18.2,1,0,1,Churned,1,0.0
USR-006397,2025-08-07,2026-09-09,Free,Social,United States,9,8,0,3,2,17.3,0,1,0,Churned,1,0.0
USR-006398,2026-05-28,2026-09-17,Free,Paid Search,United Kingdom,5,5,1,0,0,13.1,0,0,0,Free,0,0.0
USR-006399,2025-08-05,2026-09-26,Free,Paid Search,Other,0,0,0,0,0,0.0,1,1,0,Free,0,0.0
USR-006400,2024-11-18,2026-09-22,Pro,Content,United States,0,0,0,0,0,0.0,1,1,1,Active Paid,0,29.0
USR-006401,2025-08-27,2026-09-27,Free,Organic Search,United States,8,8,7,2,2,18.1,1,1,0,Free,0,0.0
USR-006402,2025-03-20,2026-09-27,Team,Referral,United States,7,7,6,5,3,15.4,0,1,1,Active Paid,0,89.0
USR-006403,2026-02-06,2026-09-20,Free,Organic Search,Canada,8,7,5,0,2,18.6,1,1,0,Free,0,0.0
USR-006404,2024-11-25,2026-09-28,Free,Content,United States,12,12,11,2,8,14.8,2,1,1,Free,0,0.0
USR-006405,2025-02-11,2026-09-22,Free,Organic Search,France,7,7,9,3,3,21.2,0,1,0,Free,0,0.0
USR-006406,2024-11-29,2026-09-25,Free,Referral,United States,8,6,4,1,1,8.8,0,1,0,Free,0,0.0
USR-006407,2025-04-03,2026-07-20,Free,Social,United States,11,7,1,0,0,13.0,1,0,0,Churned,1,0.0
USR-006408,2025-06-08,2026-08-14,Pro,Paid Search,United States,1,1,0,1,0,18.0,0,1,1,Churned,1,0.0
USR-006409,2025-09-05,2026-07-24,Free,Paid Search,United States,6,4,3,1,0,6.3,1,0,0,Churned,1,0.0
USR-006410,2024-11-21,2026-09-26,Pro,Organic Search,Australia,18,16,20,8,8,22.5,0,1,1,Active Paid,0,29.0
USR-006411,2025-01-17,2026-09-25,Free,Paid Search,Other,7,6,5,2,1,21.2,0,1,1,Free,0,0.0
USR-006412,2025-11-22,2026-09-27,Pro,Organic Search,Australia,5,5,3,0,2,24.6,0,1,1,Active Paid,0,29.0
USR-006413,2026-07-16,2026-09-14,Free,Organic Search,Other,1,1,0,0,0,8.2,0,0,0,Free,0,0.0
USR-006414,2026-09-13,2026-09-24,Free,Referral,United States,7,7,2,1,0,19.5,0,1,0,Free,0,0.0
USR-006415,2026-04-02,2026-09-18,Free,Organic Search,Other,0,0,0,1,0,0.0,0,0,0,Free,0,0.0
USR-006416,2026-08-02,2026-09-24,Team,Organic Search,Canada,11,5,6,3,6,22.8,2,0,1,Active Paid,0,89.0
USR-006417,2026-04-17,2026-09-22,Team,Paid Search,Australia,3,3,1,1,1,15.9,0,1,1,Active Paid,0,89.0
USR-006418,2026-06-29,2026-09-24,Pro,Social,Germany,9,9,6,2,4,25.2,0,1,1,Active Paid,0,29.0
USR-006419,2024-10-14,2026-09-24,Team,Social,United Kingdom,2,2,3,1,2,13.7,0,1,1,Active Paid,0,89.0
USR-006420,2026-07-09,2026-08-16,Free,Referral,United States,7,7,1,1,1,9.4,0,1,0,Churned,1,0.0
USR-006421,2025-06-24,2026-09-21,Free,Social,United States,4,4,0,1,0,15.9,0,0,1,Free,0,0.0
USR-006422,2026-01-07,2026-09-24,Free,Social,United Kingdom,7,7,3,1,2,14.4,0,1,0,Free,0,0.0
USR-006423,2026-05-14,2026-09-22,Team,Paid Search,Canada,6,6,2,4,2,16.9,0,1,1,Active Paid,0,89.0
USR-006424,2025-05-02,2026-09-24,Free,Paid Search,Other,8,8,8,5,0,19.5,0,1,0,Free,0,0.0
USR-006425,2024-10-22,2026-09-18,Free,Referral,United States,12,11,7,1,2,18.5,1,1,1,Free,0,0.0
USR-006426,2025-02-27,2026-09-26,Pro,Paid Search,Germany,10,10,8,3,3,17.8,0,1,1,Active Paid,0,29.0
USR-006427,2024-10-18,2026-09-18,Free,Content,Canada,5,5,2,0,1,17.8,0,1,0,Free,0,0.0
USR-006428,2025-07-20,2026-09-24,Pro,Social,United States,7,7,4,2,1,18.4,0,1,1,Active Paid,0,29.0
USR-006429,2025-05-22,2026-08-03,Free,Referral,United Kingdom,5,5,1,0,0,12.2,0,1,1,Churned,1,0.0
USR-006430,2026-06-03,2026-09-27,Pro,Social,United Kingdom,8,7,8,1,1,10.4,0,1,1,Active Paid,0,29.0
USR-006431,2025-01-14,2026-08-03,Team,Partnership,Canada,6,6,0,2,4,14.4,1,1,1,Churned,1,0.0
USR-006432,2025-03-30,2026-09-22,Pro,Paid Search,United States,10,10,8,5,1,18.0,0,0,1,Active Paid,0,29.0
USR-006433,2026-03-18,2026-08-29,Free,Paid Search,United States,0,0,1,0,0,0.0,0,1,1,Churned,1,0.0
USR-006434,2026-01-05,2026-09-24,Free,Content,United States,10,10,5,2,4,10.5,0,1,0,Free,0,0.0
USR-006435,2025-07-06,2026-09-20,Free,Social,Australia,7,7,2,0,2,7.8,0,1,0,Free,0,0.0
USR-006436,2026-09-06,2026-09-22,Free,Paid Search,Australia,6,6,5,0,1,15.0,0,0,0,Free,0,0.0
USR-006437,2025-02-08,2026-09-16,Pro,Paid Search,United States,8,8,2,1,2,12.5,2,1,1,Active Paid,0,29.0
USR-006438,2026-02-27,2026-09-17,Free,Organic Search,Germany,7,7,3,0,0,6.7,0,0,0,Free,0,0.0
USR-006439,2026-07-24,2026-07-24,Free,Content,Other,2,2,1,0,0,6.6,0,0,1,Churned,1,0.0
USR-006440,2026-01-22,2026-09-18,Free,Paid Search,United States,2,2,0,0,0,12.1,0,0,0,Free,0,0.0
USR-006441,2025-01-26,2026-09-25,Team,Organic Search,United States,10,10,10,3,3,17.9,2,1,1,Active Paid,0,89.0
USR-006442,2026-03-03,2026-09-28,Free,Organic Search,United States,12,7,6,2,1,16.8,0,0,1,Free,0,0.0
USR-006443,2025-08-26,2026-09-19,Free,Partnership,United States,6,6,4,1,1,8.6,0,1,0,Free,0,0.0
USR-006444,2025-02-12,2026-09-19,Free,Social,Australia,5,5,1,0,0,14.4,0,1,0,Free,0,0.0
USR-006445,2026-08-22,2026-08-22,Free,Social,Australia,3,3,1,0,2,11.0,0,0,1,Churned,1,0.0
USR-006446,2025-03-21,2026-09-27,Team,Content,Canada,14,14,15,4,7,12.3,1,1,1,Active Paid,0,89.0
USR-006447,2026-02-21,2026-09-25,Free,Paid Search,United Kingdom,2,2,0,0,0,7.7,1,0,0,Free,0,0.0
USR-006448,2025-05-06,2026-09-23,Pro,Content,Australia,8,8,5,1,3,21.8,0,1,1,Active Paid,0,29.0
USR-006449,2026-05-04,2026-09-25,Pro,Referral,United States,10,10,8,4,2,11.7,0,1,1,Active Paid,0,29.0
USR-006450,2026-06-08,2026-09-25,Pro,Social,United States,6,6,6,3,0,25.0,0,1,1,Active Paid,0,29.0
USR-006451,2025-03-01,2026-09-26,Pro,Referral,United States,13,13,20,10,6,12.0,1,1,1,Active Paid,0,29.0
USR-006452,2025-02-15,2026-09-25,Pro,Partnership,Other,8,4,7,3,2,18.3,0,1,1,Active Paid,0,29.0
USR-006453,2024-10-14,2026-09-19,Free,Organic Search,France,5,5,3,1,1,15.0,0,1,1,Free,0,0.0
USR-006454,2025-05-19,2026-09-22,Free,Organic Search,Germany,14,14,10,1,3,19.3,1,1,0,Free,0,0.0
USR-006455,2025-10-17,2026-09-18,Pro,Content,France,8,8,8,2,3,19.3,2,1,1,Active Paid,0,29.0
USR-006456,2026-04-29,2026-09-22,Pro,Paid Search,United States,6,6,1,2,1,19.2,0,1,1,Active Paid,0,29.0
USR-006457,2026-02-16,2026-09-24,Free,Social,United Kingdom,8,7,7,2,2,17.3,1,1,1,Free,0,0.0
USR-006458,2025-06-09,2026-09-27,Free,Organic Search,Australia,14,13,9,6,3,18.3,1,1,0,Free,0,0.0
USR-006459,2026-01-11,2026-07-18,Free,Content,Other,2,2,1,1,1,14.2,0,0,0,Churned,1,0.0
USR-006460,2025-10-05,2026-09-23,Free,Referral,Canada,1,1,1,0,0,15.1,0,1,1,Free,0,0.0
USR-006461,2026-05-18,2026-09-17,Free,Partnership,United States,6,4,2,0,0,10.4,0,1,1,Free,0,0.0
USR-006462,2025-11-05,2026-09-20,Free,Social,Other,3,3,2,1,0,17.0,0,0,0,Free,0,0.0
USR-006463,2026-03-29,2026-09-21,Free,Partnership,United Kingdom,10,10,4,3,3,11.6,0,1,0,Free,0,0.0
USR-006464,2026-06-27,2026-09-11,Pro,Social,United Kingdom,4,4,4,1,1,19.1,0,1,1,Churned,1,0.0
USR-006465,2026-06-13,2026-09-19,Pro,Referral,United States,8,8,3,2,1,12.2,1,1,1,Active Paid,0,29.0
USR-006466,2025-09-10,2026-09-28,Pro,Referral,United States,8,8,7,3,1,18.1,0,1,1,Active Paid,0,29.0
USR-006467,2025-12-28,2026-09-20,Pro,Social,Germany,7,7,2,0,1,21.8,0,0,1,Active Paid,0,29.0
USR-006468,2026-07-06,2026-09-22,Free,Social,Germany,8,6,2,0,0,16.7,0,0,1,Free,0,0.0
USR-006469,2025-09-13,2026-09-26,Free,Organic Search,United States,9,9,12,3,4,11.4,0,1,1,Free,0,0.0
USR-006470,2026-05-21,2026-09-26,Pro,Paid Search,United States,7,7,9,3,1,14.1,1,0,1,Active Paid,0,29.0
USR-006471,2026-09-04,2026-09-29,Pro,Referral,Canada,8,8,7,7,4,15.8,0,1,1,Active Paid,0,29.0
USR-006472,2026-06-13,2026-09-24,Pro,Organic Search,United Kingdom,4,4,4,4,0,19.2,0,1,1,Active Paid,0,29.0
USR-006473,2025-10-30,2026-07-31,Pro,Referral,United States,15,12,9,5,4,23.2,0,1,1,Churned,1,0.0
USR-006474,2024-11-02,2026-09-23,Pro,Paid Search,United States,6,6,3,2,1,10.5,1,1,1,Active Paid,0,29.0
USR-006475,2026-03-27,2026-09-24,Pro,Paid Search,Other,6,6,7,2,0,16.2,0,1,1,Active Paid,0,29.0
USR-006476,2026-02-24,2026-09-27,Pro,Referral,Other,9,9,3,7,1,17.6,0,1,1,Active Paid,0,29.0
USR-006477,2026-03-26,2026-09-26,Pro,Organic Search,United Kingdom,8,8,5,2,3,12.6,0,1,1,Active Paid,0,29.0
USR-006478,2026-01-05,2026-09-19,Free,Partnership,France,3,3,3,2,2,16.1,0,1,0,Free,0,0.0
USR-006479,2025-04-21,2026-09-18,Free,Partnership,Other,0,0,0,0,0,0.0,0,1,0,Free,0,0.0
USR-006480,2026-01-28,2026-09-21,Free,Social,United States,0,0,1,0,0,0.0,0,0,0,Free,0,0.0
USR-006481,2025-06-02,2026-09-21,Free,Paid Search,Other,0,0,0,0,0,0.0,0,0,0,Free,0,0.0
USR-006482,2024-12-12,2026-09-27,Pro,Organic Search,Canada,16,15,17,6,5,25.4,1,1,1,Active Paid,0,29.0
USR-006483,2024-11-08,2026-09-20,Free,Referral,Canada,6,6,4,1,1,7.0,0,1,1,Free,0,0.0
USR-006484,2025-08-09,2026-09-24,Free,Organic Search,Canada,8,6,3,2,0,4.1,0,1,1,Free,0,0.0
USR-006485,2025-04-24,2026-09-23,Pro,Partnership,United States,8,8,13,2,0,14.6,0,1,1,Active Paid,0,29.0
USR-006486,2024-11-27,2026-08-24,Free,Partnership,Australia,5,5,3,0,1,15.9,1,1,1,Churned,1,0.0
USR-006487,2025-03-02,2026-07-28,Pro,Organic Search,France,12,12,7,5,3,13.8,1,0,1,Churned,1,0.0
USR-006488,2026-02-13,2026-09-24,Free,Referral,United States,10,10,5,1,2,26.5,0,1,1,Free,0,0.0
USR-006489,2026-06-13,2026-08-10,Free,Social,Canada,4,4,1,1,0,13.7,0,0,0,Churned,1,0.0
USR-006490,2026-06-25,2026-09-25,Free,Social,Other,4,4,0,0,0,10.7,0,0,0,Free,0,0.0
USR-006491,2024-12-24,2026-09-18,Free,Organic Search,Other,0,0,0,0,0,0.0,0,1,1,Free,0,0.0
USR-006492,2025-08-14,2026-09-21,Free,Referral,Germany,0,0,0,0,0,0.0,0,0,0,Free,0,0.0
USR-006493,2026-02-16,2026-09-23,Free,Organic Search,United States,9,9,4,1,0,19.2,0,1,0,Free,0,0.0
USR-006494,2026-01-11,2026-07-23,Free,Content,United Kingdom,0,0,0,0,0,0.0,0,0,0,Churned,1,0.0
USR-006495,2026-02-26,2026-08-25,Free,Social,United States,1,1,0,0,0,5.1,0,0,0,Churned,1,0.0
USR-006496,2025-02-19,2026-09-22,Pro,Referral,Australia,9,9,14,3,3,19.2,1,1,1,Active Paid,0,29.0
USR-006497,2025-07-05,2026-09-23,Free,Partnership,Australia,2,2,3,0,0,10.1,0,1,1,Free,0,0.0
USR-006498,2024-12-26,2026-09-22,Free,Referral,Other,4,4,1,1,1,16.7,0,1,0,Free,0,0.0
USR-006499,2026-02-12,2026-09-23,Free,Social,United States,8,7,5,1,0,12.4,0,0,0,Free,0,0.0
USR-006500,2025-10-13,2026-09-26,Team,Paid Search,Other,7,7,3,2,6,20.3,1,0,1,Active Paid,0,89.0
USR-006501,2026-06-20,2026-09-25,Pro,Social,Other,6,6,4,2,2,17.5,1,1,1,Active Paid,0,29.0
USR-006502,2024-10-21,2026-09-18,Team,Paid Search,France,6,6,1,1,4,14.9,0,0,1,Active Paid,0,89.0
USR-006503,2025-09-15,2026-09-26,Team,Partnership,Other,7,7,2,3,7,19.6,0,1,1,Active Paid,0,89.0
USR-006504,2025-08-16,2026-07-30,Free,Paid Search,United Kingdom,10,10,7,1,1,13.5,0,1,1,Churned,1,0.0
USR-006505,2025-11-24,2026-09-26,Pro,Paid Search,United Kingdom,13,13,9,6,3,16.5,1,1,1,Active Paid,0,29.0
USR-006506,2026-03-06,2026-09-24,Free,Referral,United States,6,6,4,0,0,12.9,0,0,0,Free,0,0.0
USR-006507,2024-11-06,2026-09-24,Team,Paid Search,United States,7,6,2,3,3,18.0,0,1,1,Active Paid,0,89.0
USR-006508,2025-10-01,2026-09-01,Free,Content,United States,2,2,1,0,1,15.0,0,1,1,Churned,1,0.0
USR-006509,2025-05-21,2026-09-23,Free,Organic Search,France,7,7,7,3,2,14.4,0,1,0,Free,0,0.0
USR-006510,2026-08-20,2026-08-29,Team,Organic Search,United Kingdom,9,8,2,5,4,17.0,0,0,1,Churned,1,0.0
USR-006511,2026-03-02,2026-09-25,Pro,Referral,United States,7,7,8,3,0,15.8,1,1,1,Active Paid,0,29.0
USR-006512,2025-02-18,2026-09-24,Team,Social,United States,20,16,21,12,8,25.7,1,1,1,Active Paid,0,89.0
USR-006513,2026-07-15,2026-09-17,Free,Partnership,Germany,6,4,0,1,3,15.4,0,1,1,Free,0,0.0
USR-006514,2026-07-05,2026-09-21,Free,Paid Search,Other,0,0,0,0,0,0.0,0,1,0,Free,0,0.0
USR-006515,2025-02-13,2026-09-24,Free,Organic Search,United Kingdom,2,2,1,0,1,11.2,0,1,0,Free,0,0.0
USR-006516,2026-02-07,2026-09-17,Free,Paid Search,Australia,6,6,0,3,1,15.4,0,0,0,Free,0,0.0
USR-006517,2026-03-04,2026-09-22,Free,Paid Search,Other,4,4,3,1,0,11.7,0,1,0,Free,0,0.0
USR-006518,2025-08-07,2026-07-22,Free,Social,France,0,0,0,0,0,0.0,0,0,0,Churned,1,0.0
USR-006519,2026-04-29,2026-09-19,Pro,Paid Search,France,1,1,0,1,0,15.1,1,0,1,Active Paid,0,29.0
USR-006520,2026-08-16,2026-09-24,Free,Social,Germany,7,7,2,1,0,11.1,2,1,0,Free,0,0.0
USR-006521,2026-09-12,2026-09-21,Pro,Content,Other,8,8,1,2,0,11.4,0,1,1,Active Paid,0,29.0
USR-006522,2026-07-21,2026-09-18,Pro,Paid Search,United States,0,0,0,0,0,0.0,1,1,1,Active Paid,0,29.0
USR-006523,2026-05-25,2026-09-26,Pro,Referral,Australia,7,7,6,7,3,24.0,0,1,1,Active Paid,0,29.0
USR-006524,2025-05-06,2026-09-26,Free,Organic Search,United Kingdom,9,4,8,0,1,12.4,0,1,1,Free,0,0.0
USR-006525,2026-02-14,2026-09-19,Free,Content,United States,5,5,0,0,1,10.9,2,1,1,Free,0,0.0
USR-006526,2026-07-26,2026-09-04,Free,Paid Search,France,2,2,0,0,1,8.6,0,0,0,Churned,1,0.0
USR-006527,2026-09-05,2026-09-25,Pro,Social,Australia,11,11,8,6,2,15.8,0,0,1,Active Paid,0,29.0
USR-006528,2025-10-09,2026-09-17,Free,Paid Search,Other,12,12,13,2,0,13.1,0,1,1,Free,0,0.0
USR-006529,2025-01-23,2026-09-24,Free,Organic Search,Other,1,1,0,0,1,7.6,0,0,0,Free,0,0.0
USR-006530,2026-01-16,2026-09-23,Team,Paid Search,France,13,12,6,6,10,19.2,0,0,1,Active Paid,0,89.0
USR-006531,2026-08-01,2026-09-25,Pro,Organic Search,Canada,8,8,12,4,1,14.4,0,1,1,Active Paid,0,29.0
USR-006532,2026-04-05,2026-07-03,Pro,Content,Other,6,6,2,0,1,17.4,1,1,1,Churned,1,0.0
USR-006533,2025-09-23,2026-07-11,Free,Paid Search,United States,4,1,0,0,0,8.0,0,0,0,Churned,1,0.0
USR-006534,2026-05-04,2026-09-22,Team,Partnership,United States,8,6,5,3,1,5.6,0,0,1,Active Paid,0,89.0
USR-006535,2024-10-16,2026-09-26,Free,Social,United Kingdom,7,7,1,0,0,12.2,0,1,0,Free,0,0.0
USR-006536,2025-03-19,2026-09-18,Free,Organic Search,Germany,0,0,0,0,0,0.0,0,0,0,Free,0,0.0
USR-006537,2026-01-12,2026-09-26,Team,Paid Search,France,7,4,6,3,1,16.2,0,1,1,Active Paid,0,89.0
USR-006538,2024-11-04,2026-09-23,Team,Organic Search,Australia,13,13,11,4,6,21.3,0,1,1,Active Paid,0,89.0
USR-006539,2026-01-26,2026-09-19,Free,Content,United States,8,8,9,0,2,10.2,1,0,0,Free,0,0.0
USR-006540,2026-06-07,2026-08-03,Free,Organic Search,Australia,6,6,3,0,0,18.8,1,0,0,Churned,1,0.0
USR-006541,2024-11-14,2026-09-23,Free,Content,Germany,5,5,1,2,1,11.0,0,1,0,Free,0,0.0
USR-006542,2024-10-29,2026-09-27,Pro,Organic Search,Other,9,9,7,3,4,24.4,0,1,1,Active Paid,0,29.0
USR-006543,2026-02-04,2026-09-28,Pro,Paid Search,United Kingdom,5,5,2,1,0,9.3,1,1,1,Active Paid,0,29.0
USR-006544,2025-07-17,2026-09-26,Free,Organic Search,Germany,7,7,5,1,1,11.4,0,1,0,Free,0,0.0
USR-006545,2026-05-15,2026-07-14,Free,Referral,Australia,0,0,0,0,0,0.0,1,0,1,Churned,1,0.0
USR-006546,2025-06-14,2026-09-01,Pro,Social,Canada,9,9,3,8,1,18.6,0,1,1,Churned,1,0.0
USR-006547,2025-05-10,2026-09-17,Pro,Partnership,United States,12,10,7,5,3,15.9,1,1,1,Active Paid,0,29.0
USR-006548,2025-04-26,2026-09-25,Free,Paid Search,United States,2,2,0,1,0,15.1,0,1,0,Free,0,0.0
USR-006549,2025-08-05,2026-09-21,Pro,Organic Search,United States,5,5,4,0,1,17.3,0,1,1,Active Paid,0,29.0
USR-006550,2025-04-30,2026-09-23,Team,Referral,Canada,9,9,6,2,7,13.8,0,1,1,Active Paid,0,89.0
USR-006551,2025-08-15,2026-09-20,Free,Social,Germany,1,1,0,0,0,7.8,0,0,0,Free,0,0.0
USR-006552,2025-02-06,2026-09-26,Pro,Content,Germany,14,14,14,9,2,25.2,0,1,1,Active Paid,0,29.0
USR-006553,2026-05-10,2026-09-25,Pro,Paid Search,France,3,3,1,1,1,18.1,0,1,1,Active Paid,0,29.0
USR-006554,2025-10-05,2026-09-24,Free,Referral,United States,0,0,0,0,0,0.0,0,1,1,Free,0,0.0
USR-006555,2025-11-22,2026-09-21,Pro,Organic Search,United States,15,14,14,7,4,12.7,0,1,1,Active Paid,0,29.0
USR-006556,2025-08-30,2026-09-24,Pro,Partnership,Australia,7,7,4,4,1,11.9,2,1,1,Active Paid,0,29.0
USR-006557,2026-06-06,2026-09-05,Free,Organic Search,Australia,4,4,2,0,0,13.6,0,0,0,Churned,1,0.0
USR-006558,2026-01-27,2026-09-23,Free,Content,France,0,0,0,0,0,0.0,0,1,0,Free,0,0.0
USR-006559,2024-11-02,2026-09-25,Pro,Organic Search,France,8,8,6,2,1,22.9,1,1,1,Active Paid,0,29.0
USR-006560,2026-07-02,2026-09-05,Free,Content,Other,1,1,0,0,0,12.1,0,0,1,Churned,1,0.0
USR-006561,2025-06-18,2026-09-21,Free,Content,Other,3,3,0,1,0,9.1,0,1,0,Free,0,0.0
USR-006562,2025-05-28,2026-09-21,Free,Content,Germany,7,7,2,0,0,10.0,0,1,1,Free,0,0.0
USR-006563,2025-10-11,2026-09-27,Pro,Social,United Kingdom,6,6,7,3,1,13.6,1,1,1,Active Paid,0,29.0
USR-006564,2026-08-22,2026-09-26,Team,Paid Search,United States,8,8,5,1,4,27.3,0,1,1,Active Paid,0,89.0
USR-006565,2026-08-22,2026-08-22,Pro,Content,Germany,11,11,14,2,0,11.8,1,1,1,Churned,1,0.0
USR-006566,2026-03-02,2026-09-23,Pro,Social,United Kingdom,13,13,10,4,2,15.6,0,1,1,Active Paid,0,29.0
USR-006567,2026-07-04,2026-09-25,Free,Referral,United States,6,6,1,1,0,10.0,0,1,1,Free,0,0.0
USR-006568,2026-07-10,2026-09-18,Free,Organic Search,United States,8,8,10,0,2,15.2,1,1,1,Free,0,0.0
USR-006569,2026-05-24,2026-09-26,Team,Paid Search,Other,8,8,6,1,9,8.9,0,1,1,Active Paid,0,89.0
USR-006570,2026-05-02,2026-07-17,Free,Paid Search,United States,4,4,3,0,0,6.8,0,1,1,Churned,1,0.0
USR-006571,2025-01-24,2026-09-15,Pro,Referral,Australia,7,7,4,0,0,9.6,1,1,1,Active Paid,0,29.0
USR-006572,2025-06-16,2026-09-24,Free,Organic Search,Other,4,4,2,0,0,11.1,0,1,1,Free,0,0.0
USR-006573,2026-08-25,2026-09-28,Free,Paid Search,France,7,7,5,3,2,11.4,0,1,0,Free,0,0.0
USR-006574,2025-06-23,2026-09-25,Pro,Content,United States,7,7,3,0,1,15.4,1,1,1,Active Paid,0,29.0
USR-006575,2026-06-10,2026-09-24,Free,Social,Other,6,6,6,1,3,19.9,0,1,0,Free,0,0.0
USR-006576,2025-11-18,2026-09-06,Free,Content,Germany,3,3,2,0,1,9.5,0,0,0,Churned,1,0.0
USR-006577,2026-08-19,2026-09-22,Free,Organic Search,United States,6,6,2,1,2,10.2,0,1,0,Free,0,0.0
USR-006578,2026-07-13,2026-07-16,Free,Paid Search,Germany,6,6,1,1,0,12.4,0,0,0,Churned,1,0.0
USR-006579,2026-06-13,2026-09-21,Free,Social,United States,3,3,2,0,1,16.4,0,1,0,Free,0,0.0
USR-006580,2025-11-10,2026-09-24,Team,Paid Search,France,12,8,12,7,8,13.5,0,1,1,Active Paid,0,89.0
USR-006581,2025-10-19,2026-07-18,Free,Referral,Other,5,5,0,1,0,10.7,0,1,1,Churned,1,0.0
USR-006582,2026-01-06,2026-09-25,Pro,Organic Search,Canada,9,8,2,1,1,11.3,0,0,1,Active Paid,0,29.0
USR-006583,2025-06-29,2026-09-23,Free,Social,Other,5,5,1,1,1,13.3,0,1,0,Free,0,0.0
USR-006584,2025-04-18,2026-07-10,Free,Organic Search,United Kingdom,6,3,3,1,0,13.3,1,1,1,Churned,1,0.0
USR-006585,2025-04-12,2026-09-21,Free,Referral,Other,11,8,5,1,2,14.2,1,1,0,Free,0,0.0
USR-006586,2025-07-28,2026-09-24,Team,Content,Australia,12,12,9,4,6,15.2,0,0,1,Active Paid,0,89.0
USR-006587,2025-08-21,2026-09-22,Pro,Organic Search,United States,13,13,15,9,4,20.9,0,1,1,Active Paid,0,29.0
USR-006588,2025-09-29,2026-09-21,Team,Social,Other,9,9,9,6,8,17.4,0,1,1,Active Paid,0,89.0
USR-006589,2026-03-29,2026-08-04,Free,Social,Other,0,0,0,0,0,0.0,0,1,0,Churned,1,0.0
USR-006590,2025-10-02,2026-09-19,Pro,Referral,United Kingdom,6,6,1,1,2,17.1,0,1,1,Active Paid,0,29.0
USR-006591,2026-09-08,2026-09-27,Pro,Organic Search,Australia,10,10,12,4,3,15.2,0,1,1,Active Paid,0,29.0
USR-006592,2024-10-25,2026-09-22,Team,Paid Search,United States,10,10,3,4,4,14.5,0,1,1,Active Paid,0,89.0
USR-006593,2025-12-25,2026-09-18,Free,Content,United States,0,0,0,0,0,0.0,0,0,0,Free,0,0.0
USR-006594,2025-03-24,2026-09-24,Team,Social,United States,9,6,4,2,2,16.6,0,1,1,Active Paid,0,89.0
USR-006595,2024-10-31,2026-09-21,Free,Referral,Canada,13,4,8,1,1,11.8,0,1,0,Free,0,0.0
USR-006596,2025-09-25,2026-07-13,Pro,Paid Search,United States,3,3,1,0,1,18.1,1,0,1,Churned,1,0.0
USR-006597,2025-01-07,2026-09-24,Free,Partnership,United States,8,8,8,1,0,19.8,0,1,1,Free,0,0.0
USR-006598,2025-10-08,2026-09-25,Pro,Organic Search,Other,8,8,5,0,0,9.5,0,1,1,Active Paid,0,29.0
USR-006599,2026-06-13,2026-09-23,Free,Organic Search,Canada,11,11,9,0,2,4.3,1,1,1,Free,0,0.0
USR-006600,2026-08-28,2026-08-28,Pro,Social,Australia,6,6,7,3,0,16.0,0,1,1,Churned,1,0.0
USR-006601,2026-06-11,2026-09-13,Free,Social,United States,9,4,1,0,1,9.6,0,1,1,Free,0,0.0
USR-006602,2024-11-11,2026-09-24,Free,Referral,United States,1,1,1,0,0,17.6,0,1,1,Free,0,0.0
USR-006603,2025-10-11,2026-09-23,Pro,Organic Search,Australia,7,7,3,2,2,23.3,0,1,1,Active Paid,0,29.0
USR-006604,2026-01-30,2026-07-21,Pro,Organic Search,United Kingdom,9,9,5,4,1,23.0,2,1,1,Churned,1,0.0
USR-006605,2025-11-01,2026-09-27,Free,Referral,United Kingdom,15,10,11,3,1,23.7,2,1,1,Free,0,0.0
USR-006606,2026-03-17,2026-09-18,Pro,Paid Search,Other,8,8,3,2,1,8.7,1,0,1,Active Paid,0,29.0
USR-006607,2025-01-01,2026-09-23,Free,Referral,United Kingdom,11,11,7,5,1,21.9,0,1,0,Free,0,0.0
USR-006608,2024-10-01,2026-09-27,Pro,Referral,Canada,5,5,4,4,0,8.3,1,0,1,Active Paid,0,29.0
USR-006609,2026-07-17,2026-09-29,Pro,Organic Search,Germany,17,17,12,13,7,11.4,0,1,1,Active Paid,0,29.0
USR-006610,2025-04-20,2026-09-21,Pro,Referral,United States,4,4,1,0,0,7.9,1,0,1,Active Paid,0,29.0
USR-006611,2026-01-19,2026-09-26,Pro,Content,France,15,15,11,9,6,21.0,1,0,1,Active Paid,0,29.0
USR-006612,2026-08-13,2026-09-20,Free,Content,United Kingdom,5,5,4,0,0,14.0,0,1,1,Free,0,0.0
USR-006613,2024-11-25,2026-09-25,Free,Organic Search,United States,10,10,4,1,1,15.0,1,1,0,Free,0,0.0
USR-006614,2026-08-02,2026-09-22,Pro,Social,United Kingdom,11,10,7,6,5,16.9,0,1,1,Active Paid,0,29.0
USR-006615,2026-04-21,2026-09-19,Free,Content,Canada,6,6,1,1,1,13.2,0,1,1,Free,0,0.0
USR-006616,2026-08-28,2026-09-25,Free,Social,Germany,4,4,2,1,0,12.3,0,0,0,Free,0,0.0
USR-006617,2025-10-14,2026-09-28,Pro,Paid Search,Other,4,4,2,2,0,10.5,0,1,1,Active Paid,0,29.0
USR-006618,2025-07-14,2026-09-24,Free,Organic Search,Australia,2,2,2,1,0,15.1,0,1,1,Free,0,0.0
USR-006619,2026-01-29,2026-09-21,Free,Referral,United Kingdom,12,8,5,3,4,21.1,0,1,1,Free,0,0.0
USR-006620,2026-07-26,2026-09-24,Team,Referral,Other,13,13,19,2,9,17.0,1,1,1,Active Paid,0,89.0
USR-006621,2026-06-24,2026-08-26,Free,Content,Australia,3,3,3,0,1,8.1,1,1,1,Churned,1,0.0
USR-006622,2024-11-17,2026-09-26,Free,Content,United States,6,6,2,1,0,22.0,0,1,1,Free,0,0.0
USR-006623,2025-02-16,2026-07-25,Free,Paid Search,United States,0,0,0,0,1,0.0,0,0,0,Churned,1,0.0
USR-006624,2024-11-15,2026-08-13,Free,Social,United States,3,3,4,0,2,10.2,1,1,0,Churned,1,0.0
USR-006625,2025-09-01,2026-09-27,Pro,Organic Search,United States,10,10,6,4,5,25.0,0,1,1,Active Paid,0,29.0
USR-006626,2025-08-21,2026-07-27,Pro,Organic Search,Canada,13,13,6,7,3,14.3,0,1,1,Churned,1,0.0
USR-006627,2025-03-03,2026-09-20,Pro,Organic Search,United Kingdom,9,9,4,1,1,13.4,0,0,1,Active Paid,0,29.0
USR-006628,2025-07-02,2026-09-24,Free,Partnership,Other,5,5,2,1,0,3.1,0,0,0,Free,0,0.0
USR-006629,2025-11-07,2026-08-21,Free,Organic Search,Canada,0,0,0,0,0,0.0,0,0,0,Churned,1,0.0
USR-006630,2026-02-19,2026-07-26,Free,Social,United States,5,5,2,0,0,7.2,0,0,0,Churned,1,0.0
USR-006631,2025-10-03,2026-09-29,Pro,Paid Search,Other,13,11,9,7,4,16.7,1,1,1,Active Paid,0,29.0
USR-006632,2026-08-01,2026-08-10,Pro,Paid Search,Canada,5,5,3,0,1,15.8,3,1,1,Churned,1,0.0
USR-006633,2026-05-01,2026-07-25,Free,Social,United States,0,0,0,0,0,0.0,1,0,0,Churned,1,0.0
USR-006634,2025-04-06,2026-09-23,Pro,Organic Search,United States,7,7,7,2,2,22.9,1,1,1,Active Paid,0,29.0
USR-006635,2025-01-03,2026-09-22,Pro,Paid Search,France,5,5,3,0,0,12.8,0,1,1,Active Paid,0,29.0
USR-006636,2026-07-05,2026-09-18,Free,Social,Canada,1,1,0,0,0,7.6,1,1,0,Free,0,0.0
USR-006637,2026-07-08,2026-09-21,Pro,Content,Germany,9,9,6,1,1,17.6,0,1,1,Active Paid,0,29.0
USR-006638,2026-07-16,2026-09-26,Pro,Referral,Other,15,15,13,4,5,22.1,0,1,1,Active Paid,0,29.0
USR-006639,2025-02-27,2026-09-25,Free,Content,France,7,6,9,1,1,16.9,0,1,0,Free,0,0.0
USR-006640,2026-02-05,2026-09-21,Free,Paid Search,Other,1,1,0,0,0,8.2,0,0,0,Free,0,0.0
USR-006641,2026-01-25,2026-09-23,Pro,Organic Search,France,11,11,4,4,4,10.8,0,1,1,Active Paid,0,29.0
USR-006642,2026-09-07,2026-09-15,Team,Paid Search,France,0,0,1,0,0,0.0,1,0,1,Active Paid,0,89.0
USR-006643,2024-10-20,2026-09-25,Pro,Partnership,United States,6,6,6,1,1,19.5,0,1,1,Active Paid,0,29.0
USR-006644,2025-11-09,2026-09-23,Pro,Organic Search,Canada,9,7,9,0,3,13.7,0,0,1,Active Paid,0,29.0
USR-006645,2025-02-22,2026-09-14,Pro,Organic Search,United Kingdom,5,5,5,0,1,12.8,1,1,1,Churned,1,0.0
USR-006646,2025-04-28,2026-09-24,Free,Partnership,Canada,1,1,1,0,0,14.3,1,1,0,Free,0,0.0
USR-006647,2026-06-06,2026-09-20,Free,Partnership,United Kingdom,5,5,0,0,4,6.8,0,1,1,Free,0,0.0
USR-006648,2025-02-20,2026-07-17,Free,Organic Search,Germany,4,4,3,0,1,6.5,0,1,0,Churned,1,0.0
USR-006649,2025-08-18,2026-09-23,Team,Referral,United Kingdom,4,4,1,5,2,22.7,2,1,1,Active Paid,0,89.0
USR-006650,2025-07-10,2026-09-20,Pro,Paid Search,Canada,7,7,4,3,1,17.7,1,1,1,Active Paid,0,29.0
USR-006651,2026-04-25,2026-08-09,Team,Social,United Kingdom,8,8,3,1,2,15.2,1,1,1,Churned,1,0.0
USR-006652,2025-01-18,2026-09-19,Free,Social,Other,3,3,3,0,2,14.5,1,0,1,Free,0,0.0
USR-006653,2024-11-18,2026-09-19,Free,Partnership,United Kingdom,9,7,1,2,1,8.2,0,1,1,Free,0,0.0
USR-006654,2025-11-29,2026-09-24,Pro,Organic Search,France,7,7,5,1,1,13.1,1,1,1,Active Paid,0,29.0
USR-006655,2026-07-11,2026-09-19,Free,Referral,Germany,7,5,0,1,0,11.7,0,1,1,Free,0,0.0
USR-006656,2025-01-17,2026-09-23,Free,Organic Search,United Kingdom,11,11,18,1,1,20.1,0,1,1,Free,0,0.0
USR-006657,2024-12-20,2026-09-27,Pro,Referral,Australia,18,17,20,12,13,20.4,0,1,1,Active Paid,0,29.0
USR-006658,2025-09-18,2026-09-25,Pro,Referral,Other,18,16,20,16,10,23.2,0,1,1,Active Paid,0,29.0
USR-006659,2025-07-28,2026-09-22,Pro,Referral,Australia,15,11,11,6,8,14.5,0,1,1,Active Paid,0,29.0
USR-006660,2026-04-09,2026-09-23,Free,Partnership,Other,6,5,0,1,0,18.8,0,0,1,Free,0,0.0
USR-006661,2026-07-29,2026-09-27,Free,Referral,United Kingdom,11,11,6,1,3,18.5,0,1,1,Free,0,0.0
USR-006662,2024-11-09,2026-08-15,Free,Referral,Other,5,5,1,0,1,16.0,1,1,0,Churned,1,0.0
USR-006663,2025-10-05,2026-09-25,Free,Paid Search,Other,4,4,2,0,0,14.6,1,0,0,Free,0,0.0
USR-006664,2026-03-03,2026-09-20,Free,Partnership,Australia,3,3,0,1,0,2.6,0,0,0,Free,0,0.0
USR-006665,2025-05-08,2026-09-24,Free,Social,Australia,6,6,2,3,3,16.5,2,0,0,Free,0,0.0
USR-006666,2026-08-28,2026-09-26,Team,Paid Search,France,13,13,18,8,10,19.4,0,1,1,Active Paid,0,89.0
USR-006667,2026-07-20,2026-09-22,Free,Social,Canada,2,2,0,0,0,9.6,0,0,0,Free,0,0.0
USR-006668,2026-03-26,2026-09-19,Free,Paid Search,Canada,11,11,8,1,2,17.9,1,1,1,Free,0,0.0
USR-006669,2025-10-28,2026-09-25,Free,Social,United Kingdom,5,5,4,0,0,9.3,0,0,0,Free,0,0.0
USR-006670,2025-12-27,2026-09-24,Pro,Paid Search,Germany,0,0,2,0,0,0.0,0,1,1,Active Paid,0,29.0
USR-006671,2026-05-05,2026-09-24,Free,Organic Search,United Kingdom,11,7,4,3,2,20.6,1,1,0,Free,0,0.0
USR-006672,2026-01-07,2026-08-14,Free,Partnership,France,0,0,0,0,0,0.0,0,0,1,Churned,1,0.0
USR-006673,2026-01-20,2026-08-05,Free,Partnership,Canada,3,3,0,0,0,13.6,1,0,1,Churned,1,0.0
USR-006674,2025-09-05,2026-09-22,Free,Social,United Kingdom,0,0,0,0,0,0.0,1,0,0,Free,0,0.0
USR-006675,2025-08-09,2026-09-24,Pro,Partnership,United States,3,3,2,2,0,7.3,0,0,1,Active Paid,0,29.0
USR-006676,2024-12-23,2026-09-23,Free,Paid Search,United States,6,2,1,0,0,11.4,0,0,1,Free,0,0.0
USR-006677,2025-02-16,2026-09-24,Free,Paid Search,Germany,0,0,0,0,0,0.0,0,1,1,Free,0,0.0
USR-006678,2026-02-18,2026-09-24,Pro,Content,United Kingdom,8,8,8,4,2,16.3,1,1,1,Active Paid,0,29.0
USR-006679,2024-12-09,2026-09-23,Free,Referral,United States,5,5,4,3,2,16.7,0,1,0,Free,0,0.0
USR-006680,2025-09-08,2026-09-24,Pro,Referral,United Kingdom,10,10,9,6,1,17.9,2,1,1,Active Paid,0,29.0
USR-006681,2026-05-04,2026-09-23,Free,Paid Search,United Kingdom,1,1,0,1,0,8.2,0,0,0,Free,0,0.0
USR-006682,2026-01-15,2026-09-22,Pro,Paid Search,United States,4,4,0,1,3,16.8,0,0,1,Active Paid,0,29.0
USR-006683,2025-04-03,2026-09-22,Free,Organic Search,United States,9,9,4,1,3,17.6,0,1,0,Free,0,0.0
USR-006684,2025-02-05,2026-09-10,Free,Partnership,France,3,3,3,0,0,18.0,0,0,0,Churned,1,0.0
USR-006685,2025-12-22,2026-09-20,Free,Organic Search,France,3,3,1,0,0,11.8,0,0,0,Free,0,0.0
USR-006686,2026-05-26,2026-09-24,Team,Social,Other,5,5,1,2,1,7.2,0,0,1,Active Paid,0,89.0
USR-006687,2026-05-01,2026-09-28,Free,Organic Search,United States,12,10,4,5,5,15.7,0,1,0,Free,0,0.0
USR-006688,2026-07-03,2026-07-13,Team,Referral,United Kingdom,8,8,6,7,5,14.4,0,1,1,Churned,1,0.0
USR-006689,2025-05-04,2026-09-23,Team,Paid Search,United States,14,11,14,3,5,15.1,0,1,1,Active Paid,0,89.0
USR-006690,2025-09-21,2026-09-24,Free,Referral,Germany,10,10,8,2,2,19.8,0,1,0,Free,0,0.0
USR-006691,2025-10-28,2026-07-11,Free,Social,United States,0,0,0,0,0,0.0,0,0,0,Churned,1,0.0
USR-006692,2025-05-23,2026-07-22,Free,Organic Search,United States,0,0,0,0,0,0.0,0,0,0,Churned,1,0.0
USR-006693,2025-01-31,2026-09-26,Team,Organic Search,Germany,13,13,5,3,7,20.5,0,1,1,Active Paid,0,89.0
USR-006694,2025-02-24,2026-09-24,Pro,Organic Search,United Kingdom,7,6,3,3,4,14.5,0,1,1,Active Paid,0,29.0
USR-006695,2026-06-09,2026-09-17,Free,Referral,Canada,6,6,3,0,1,13.2,0,1,1,Free,0,0.0
USR-006696,2025-07-21,2026-09-26,Free,Content,Germany,2,2,2,1,0,17.1,0,1,1,Free,0,0.0
USR-006697,2024-12-24,2026-09-23,Pro,Paid Search,Australia,2,2,0,0,0,11.8,0,0,1,Active Paid,0,29.0
USR-006698,2025-03-11,2026-09-20,Free,Social,United Kingdom,5,5,2,0,1,10.5,1,0,0,Free,0,0.0
USR-006699,2026-01-23,2026-09-22,Free,Organic Search,United States,1,1,0,0,0,3.8,0,0,0,Free,0,0.0
USR-006700,2025-12-09,2026-07-15,Free,Content,Canada,3,3,0,0,0,11.3,0,0,0,Churned,1,0.0
USR-006701,2024-12-18,2026-09-22,Free,Partnership,United States,8,8,9,0,2,14.6,0,1,1,Free,0,0.0
USR-006702,2026-08-23,2026-09-25,Team,Referral,United States,13,13,15,8,6,17.9,0,1,1,Active Paid,0,89.0
USR-006703,2025-09-05,2026-09-29,Pro,Organic Search,United Kingdom,11,8,7,3,2,14.8,1,1,1,Active Paid,0,29.0
USR-006704,2026-06-24,2026-09-21,Free,Paid Search,United States,0,0,0,0,0,0.0,0,0,0,Free,0,0.0
USR-006705,2024-12-15,2026-09-19,Free,Partnership,United States,7,4,0,0,1,11.1,1,0,0,Free,0,0.0
USR-006706,2026-08-19,2026-09-24,Pro,Organic Search,France,13,13,9,4,4,14.0,1,1,1,Active Paid,0,29.0
USR-006707,2026-08-30,2026-09-24,Free,Referral,Australia,8,8,7,5,1,11.3,1,1,0,Free,0,0.0
USR-006708,2026-01-23,2026-09-25,Free,Partnership,United States,15,13,5,3,3,9.4,0,1,0,Free,0,0.0
USR-006709,2026-04-25,2026-09-23,Free,Referral,Canada,9,9,12,3,1,19.1,0,1,1,Free,0,0.0
USR-006710,2025-09-26,2026-09-24,Pro,Social,Other,7,7,4,4,1,18.0,0,0,1,Active Paid,0,29.0
USR-006711,2026-02-13,2026-09-22,Team,Social,United States,8,8,5,2,7,16.0,1,1,1,Active Paid,0,89.0
USR-006712,2026-01-04,2026-09-27,Pro,Partnership,France,14,14,10,9,10,13.3,1,1,1,Active Paid,0,29.0
USR-006713,2025-08-08,2026-09-20,Free,Paid Search,United States,3,3,1,0,1,8.7,0,1,1,Free,0,0.0
USR-006714,2025-08-11,2026-09-20,Pro,Content,Other,0,0,0,0,0,0.0,0,0,1,Active Paid,0,29.0
USR-006715,2024-11-16,2026-08-17,Free,Paid Search,United States,0,0,0,0,1,0.0,1,1,0,Churned,1,0.0
USR-006716,2025-10-07,2026-09-22,Pro,Referral,United States,9,9,4,4,3,9.7,0,1,1,Active Paid,0,29.0
USR-006717,2025-08-08,2026-07-11,Free,Content,Other,4,4,0,0,0,10.9,0,1,0,Churned,1,0.0
USR-006718,2025-05-19,2026-09-21,Free,Social,France,0,0,1,0,0,0.0,0,0,0,Free,0,0.0
USR-006719,2026-05-14,2026-09-21,Free,Paid Search,United States,3,3,0,0,0,7.8,0,1,1,Free,0,0.0
USR-006720,2025-05-27,2026-09-22,Free,Organic Search,Australia,1,1,0,0,0,2.6,0,0,1,Free,0,0.0
USR-006721,2025-01-07,2026-09-16,Free,Content,Other,4,2,0,0,0,13.7,0,0,0,Free,0,0.0
USR-006722,2026-01-31,2026-09-22,Pro,Referral,Canada,7,7,8,2,4,17.7,0,1,1,Active Paid,0,29.0
USR-006723,2026-05-11,2026-09-19,Pro,Paid Search,United States,1,1,0,0,0,17.6,0,1,1,Active Paid,0,29.0
USR-006724,2026-01-11,2026-09-21,Pro,Content,United States,8,8,6,2,5,18.7,0,1,1,Active Paid,0,29.0
USR-006725,2026-03-03,2026-09-11,Free,Partnership,Other,6,6,6,3,1,19.6,0,1,0,Churned,1,0.0
USR-006726,2025-07-24,2026-09-23,Free,Content,United States,7,7,6,2,4,18.3,0,1,0,Free,0,0.0
USR-006727,2025-01-06,2026-09-21,Free,Social,United Kingdom,2,2,0,0,0,14.1,1,0,0,Free,0,0.0
USR-006728,2025-07-16,2026-09-28,Free,Partnership,United States,14,13,9,2,5,22.0,0,1,1,Free,0,0.0
USR-006729,2026-06-18,2026-09-23,Free,Content,United States,5,5,4,1,0,12.9,0,1,0,Free,0,0.0
USR-006730,2026-02-02,2026-09-24,Team,Organic Search,Canada,13,11,11,5,10,17.4,2,1,1,Active Paid,0,89.0
USR-006731,2025-05-11,2026-09-28,Team,Partnership,United Kingdom,14,14,15,9,11,27.1,0,1,1,Active Paid,0,89.0
USR-006732,2026-01-22,2026-09-12,Free,Social,United States,0,0,0,0,0,0.0,1,1,0,Churned,1,0.0
USR-006733,2025-07-23,2026-08-19,Pro,Partnership,United States,8,6,8,0,2,19.5,1,1,1,Churned,1,0.0
USR-006734,2025-05-07,2026-09-27,Pro,Referral,United States,6,6,2,2,1,23.8,0,1,1,Active Paid,0,29.0
USR-006735,2026-01-23,2026-09-23,Free,Referral,United States,0,0,1,0,1,0.0,0,1,1,Free,0,0.0
USR-006736,2025-06-10,2026-09-21,Pro,Paid Search,United States,4,4,0,0,1,10.5,0,1,1,Active Paid,0,29.0
USR-006737,2025-12-05,2026-09-13,Free,Organic Search,France,5,5,1,1,2,7.3,1,0,0,Churned,1,0.0
USR-006738,2026-06-11,2026-09-02,Free,Paid Search,United States,0,0,0,0,0,0.0,0,1,0,Churned,1,0.0
USR-006739,2025-12-23,2026-09-27,Team,Referral,United States,9,9,12,4,4,15.1,0,1,1,Active Paid,0,89.0
USR-006740,2025-11-04,2026-09-23,Pro,Content,Canada,10,10,7,7,3,20.2,0,1,1,Active Paid,0,29.0
USR-006741,2026-09-14,2026-09-25,Free,Organic Search,France,1,1,0,0,0,14.0,0,1,1,Free,0,0.0
USR-006742,2024-12-16,2026-09-22,Free,Organic Search,France,9,9,6,0,1,12.6,1,1,0,Free,0,0.0
USR-006743,2025-09-03,2026-09-30,Team,Referral,Other,16,16,18,13,19,20.2,1,1,1,Active Paid,0,89.0
USR-006744,2026-08-21,2026-09-18,Free,Paid Search,United States,7,7,9,1,2,12.5,0,0,0,Free,0,0.0
USR-006745,2025-01-03,2026-09-23,Team,Organic Search,United States,10,7,9,7,4,13.9,2,1,1,Active Paid,0,89.0
USR-006746,2025-01-12,2026-07-18,Pro,Organic Search,United States,3,3,1,2,1,11.8,0,1,1,Churned,1,0.0
USR-006747,2026-09-07,2026-09-22,Free,Referral,United States,6,6,3,1,1,19.8,0,1,0,Free,0,0.0
USR-006748,2026-05-22,2026-09-24,Pro,Social,Other,8,8,6,6,3,14.3,1,1,1,Active Paid,0,29.0
USR-006749,2025-12-29,2026-09-19,Pro,Content,Germany,5,4,3,0,0,11.5,1,1,1,Active Paid,0,29.0
USR-006750,2025-09-18,2026-09-22,Pro,Paid Search,Australia,5,5,2,2,0,12.1,0,0,1,Active Paid,0,29.0
USR-006751,2025-04-15,2026-09-21,Free,Organic Search,Other,6,6,2,1,2,9.7,0,1,1,Free,0,0.0
USR-006752,2025-11-16,2026-08-07,Free,Content,Other,12,12,14,0,3,21.7,1,1,0,Churned,1,0.0
USR-006753,2025-07-05,2026-08-28,Free,Partnership,United Kingdom,0,0,1,0,0,0.0,0,0,0,Churned,1,0.0
USR-006754,2026-09-08,2026-09-20,Pro,Paid Search,Other,3,3,1,0,0,11.5,0,1,1,Active Paid,0,29.0
USR-006755,2025-06-02,2026-07-23,Pro,Content,United Kingdom,0,0,0,0,0,0.0,0,0,1,Churned,1,0.0
USR-006756,2024-11-30,2026-07-15,Pro,Referral,United States,0,0,1,0,0,0.0,0,1,1,Churned,1,0.0
USR-006757,2025-09-04,2026-09-24,Pro,Content,Canada,8,8,6,5,1,6.4,0,0,1,Active Paid,0,29.0
USR-006758,2025-10-25,2026-09-21,Free,Paid Search,Other,3,3,3,1,0,14.1,0,1,1,Free,0,0.0
USR-006759,2026-02-15,2026-09-22,Free,Organic Search,Australia,4,4,3,1,0,13.1,2,1,1,Free,0,0.0
USR-006760,2024-11-02,2026-09-25,Pro,Organic Search,United Kingdom,14,10,8,8,2,15.3,2,1,1,Active Paid,0,29.0
USR-006761,2026-08-23,2026-09-18,Free,Referral,Other,2,2,2,0,0,10.2,2,0,0,Free,0,0.0
USR-006762,2026-02-22,2026-09-25,Pro,Content,Canada,15,14,18,4,7,19.7,1,1,1,Active Paid,0,29.0
USR-006763,2026-06-08,2026-09-23,Free,Social,France,1,1,0,0,0,13.9,0,1,0,Free,0,0.0
USR-006764,2025-01-04,2026-09-24,Free,Organic Search,United Kingdom,14,13,8,2,1,13.2,1,1,1,Free,0,0.0
USR-006765,2025-10-05,2026-09-23,Team,Organic Search,United States,11,11,8,4,7,16.4,1,1,1,Active Paid,0,89.0
USR-006766,2024-11-25,2026-09-15,Free,Social,United Kingdom,4,1,1,0,0,9.5,0,0,1,Free,0,0.0
USR-006767,2025-05-28,2026-09-21,Free,Content,Other,6,4,2,0,0,17.8,0,0,1,Free,0,0.0
USR-006768,2025-08-13,2026-09-25,Pro,Paid Search,Other,10,10,9,3,2,21.3,0,1,1,Active Paid,0,29.0
USR-006769,2025-09-11,2026-09-25,Pro,Referral,United States,12,12,14,6,1,25.0,0,1,1,Active Paid,0,29.0
USR-006770,2026-04-24,2026-09-24,Team,Social,United States,9,7,8,7,6,20.3,0,1,1,Active Paid,0,89.0
USR-006771,2025-08-10,2026-09-29,Team,Content,United States,10,10,7,5,8,14.7,0,1,1,Active Paid,0,89.0
USR-006772,2025-05-14,2026-09-18,Pro,Content,France,2,2,2,0,0,12.4,1,1,1,Active Paid,0,29.0
USR-006773,2024-10-25,2026-09-23,Free,Organic Search,Canada,3,3,3,0,0,16.7,1,1,0,Free,0,0.0
USR-006774,2025-08-19,2026-09-24,Free,Referral,Canada,0,0,0,0,0,0.0,0,1,1,Free,0,0.0
USR-006775,2024-11-13,2026-07-03,Team,Content,United States,5,5,4,0,1,18.3,0,0,1,Churned,1,0.0
USR-006776,2024-11-09,2026-09-21,Free,Partnership,United States,8,8,4,1,0,14.6,0,1,1,Free,0,0.0
USR-006777,2025-09-07,2026-09-23,Team,Social,Other,11,7,8,3,8,18.7,1,0,1,Active Paid,0,89.0
USR-006778,2025-11-05,2026-09-03,Pro,Organic Search,Germany,4,4,6,1,2,23.4,1,1,1,Churned,1,0.0
USR-006779,2026-06-05,2026-09-18,Free,Social,United States,8,8,8,2,0,8.4,0,0,0,Free,0,0.0
USR-006780,2026-03-08,2026-09-08,Free,Referral,United States,4,4,2,0,0,7.8,2,0,1,Churned,1,0.0
USR-006781,2024-12-26,2026-09-25,Pro,Paid Search,United States,10,10,7,4,1,13.2,1,1,1,Active Paid,0,29.0
USR-006782,2026-06-09,2026-07-18,Free,Partnership,United States,1,1,1,0,0,12.0,0,1,1,Churned,1,0.0
USR-006783,2025-12-06,2026-09-18,Free,Organic Search,United States,3,3,2,0,0,9.7,0,0,0,Free,0,0.0
USR-006784,2025-05-04,2026-09-22,Pro,Content,France,10,10,3,4,1,17.7,1,0,1,Active Paid,0,29.0
USR-006785,2026-03-27,2026-07-09,Free,Paid Search,United States,2,2,0,0,0,7.5,0,1,1,Churned,1,0.0
USR-006786,2024-10-19,2026-08-15,Free,Organic Search,United Kingdom,6,6,5,1,0,9.2,0,1,0,Churned,1,0.0
USR-006787,2025-06-08,2026-09-19,Pro,Social,Canada,6,6,3,2,1,13.7,1,0,1,Active Paid,0,29.0
USR-006788,2026-08-26,2026-09-21,Pro,Referral,United Kingdom,8,8,4,1,0,17.8,0,1,1,Active Paid,0,29.0
USR-006789,2026-03-23,2026-09-20,Free,Content,Canada,3,3,1,0,0,13.1,0,1,1,Free,0,0.0
USR-006790,2025-04-04,2026-09-19,Team,Social,Other,10,8,5,5,4,24.5,0,1,1,Active Paid,0,89.0
USR-006791,2025-01-06,2026-09-23,Team,Organic Search,United States,11,10,3,6,5,15.3,0,1,1,Active Paid,0,89.0
USR-006792,2024-11-22,2026-07-05,Free,Partnership,Australia,3,3,0,0,2,9.5,0,1,1,Churned,1,0.0
USR-006793,2025-01-15,2026-08-23,Free,Social,United States,4,4,1,1,0,11.2,0,1,0,Churned,1,0.0
USR-006794,2026-07-24,2026-09-24,Pro,Paid Search,United States,7,7,4,0,1,6.7,2,0,1,Active Paid,0,29.0
USR-006795,2025-04-12,2026-07-04,Free,Content,United States,4,3,2,1,0,19.2,0,1,1,Churned,1,0.0
USR-006796,2026-06-29,2026-09-21,Pro,Organic Search,France,15,11,13,7,6,24.6,0,0,1,Active Paid,0,29.0
USR-006797,2026-07-23,2026-09-26,Pro,Organic Search,United Kingdom,13,13,19,13,2,25.6,0,1,1,Active Paid,0,29.0
USR-006798,2025-05-09,2026-08-14,Free,Social,Australia,0,0,1,0,0,0.0,0,0,1,Churned,1,0.0
USR-006799,2025-10-09,2026-09-10,Free,Referral,United States,6,6,2,2,0,10.9,0,1,0,Churned,1,0.0
USR-006800,2025-06-09,2026-09-22,Free,Social,Germany,5,5,2,0,0,12.8,0,0,0,Free,0,0.0
USR-006801,2025-01-15,2026-09-27,Team,Partnership,United States,13,12,12,9,6,19.1,1,1,1,Active Paid,0,89.0
USR-006802,2026-07-28,2026-09-28,Free,Paid Search,United States,8,8,5,2,0,19.9,0,1,0,Free,0,0.0
USR-006803,2025-09-03,2026-09-29,Team,Partnership,Germany,20,17,26,11,14,26.2,0,1,1,Active Paid,0,89.0
USR-006804,2025-01-27,2026-08-22,Free,Organic Search,United States,0,0,0,0,0,0.0,0,1,0,Churned,1,0.0
USR-006805,2025-11-05,2026-07-12,Pro,Organic Search,United Kingdom,11,11,10,8,3,22.1,2,1,1,Churned,1,0.0
USR-006806,2025-09-06,2026-08-16,Team,Organic Search,Canada,5,5,2,3,5,16.6,1,1,1,Churned,1,0.0
USR-006807,2025-09-25,2026-09-20,Free,Organic Search,France,8,8,4,0,1,13.2,0,0,0,Free,0,0.0
USR-006808,2024-12-06,2026-09-25,Free,Paid Search,France,5,5,1,0,0,17.8,1,1,1,Free,0,0.0
USR-006809,2026-08-11,2026-09-25,Pro,Content,United States,12,12,10,3,2,13.7,1,1,1,Active Paid,0,29.0
USR-006810,2024-12-27,2026-09-23,Pro,Content,United States,3,3,2,1,0,16.6,0,0,1,Active Paid,0,29.0
USR-006811,2025-02-09,2026-09-24,Free,Referral,United Kingdom,6,6,2,1,2,20.3,0,1,0,Free,0,0.0
USR-006812,2025-02-12,2026-09-22,Free,Organic Search,United States,3,2,0,0,0,13.0,0,0,1,Free,0,0.0
USR-006813,2025-11-25,2026-09-28,Pro,Content,United States,18,16,13,10,4,23.7,0,1,1,Active Paid,0,29.0
USR-006814,2025-09-12,2026-09-19,Free,Paid Search,United Kingdom,2,2,0,0,0,12.8,0,1,1,Free,0,0.0
USR-006815,2025-12-26,2026-09-22,Pro,Referral,United Kingdom,15,15,15,2,5,23.5,0,0,1,Active Paid,0,29.0
USR-006816,2026-03-20,2026-09-05,Free,Referral,Canada,5,5,1,1,1,15.4,0,1,0,Churned,1,0.0
USR-006817,2024-12-29,2026-09-23,Free,Organic Search,United States,0,0,0,0,0,0.0,0,1,0,Free,0,0.0
USR-006818,2025-09-19,2026-09-25,Pro,Social,United States,6,6,3,1,0,13.6,0,1,1,Active Paid,0,29.0
USR-006819,2025-04-16,2026-09-22,Free,Partnership,United States,3,3,0,0,0,6.1,0,0,0,Free,0,0.0
USR-006820,2026-07-05,2026-09-23,Team,Paid Search,United States,6,6,7,1,2,6.9,0,1,1,Active Paid,0,89.0
USR-006821,2025-02-28,2026-08-13,Pro,Referral,Australia,5,5,6,1,3,19.3,0,1,1,Churned,1,0.0
USR-006822,2025-06-01,2026-08-10,Free,Partnership,United States,1,1,0,0,0,14.1,0,1,0,Churned,1,0.0
USR-006823,2024-10-02,2026-09-24,Free,Paid Search,United States,13,13,12,3,1,23.5,1,1,0,Free,0,0.0
USR-006824,2026-06-12,2026-09-22,Free,Paid Search,Other,3,3,1,1,0,11.5,0,0,1,Free,0,0.0
USR-006825,2025-08-25,2026-09-19,Pro,Social,United Kingdom,1,1,0,0,0,17.2,0,0,1,Active Paid,0,29.0
USR-006826,2025-09-15,2026-09-26,Pro,Content,United States,4,4,2,0,1,19.1,1,1,1,Active Paid,0,29.0
USR-006827,2025-08-27,2026-07-02,Pro,Paid Search,France,0,0,0,0,0,0.0,1,0,1,Churned,1,0.0
USR-006828,2026-08-08,2026-09-16,Free,Social,Germany,0,0,0,0,0,0.0,0,0,1,Free,0,0.0
USR-006829,2025-10-12,2026-09-28,Free,Organic Search,Other,3,3,1,0,0,11.3,0,1,0,Free,0,0.0
USR-006830,2026-02-13,2026-09-24,Free,Partnership,Other,8,8,3,0,1,9.6,0,1,0,Free,0,0.0
USR-006831,2025-07-01,2026-09-25,Pro,Content,France,12,12,6,1,0,21.0,0,1,1,Active Paid,0,29.0
USR-006832,2026-04-03,2026-09-26,Free,Social,United States,11,11,4,3,2,21.4,0,1,0,Free,0,0.0
USR-006833,2025-11-08,2026-09-21,Free,Partnership,Canada,4,4,2,0,0,14.2,0,0,0,Free,0,0.0
USR-006834,2025-06-29,2026-09-27,Free,Referral,United States,7,6,5,0,3,12.8,0,1,1,Free,0,0.0
USR-006835,2026-08-01,2026-08-01,Free,Partnership,Canada,10,7,1,1,3,8.0,1,1,1,Churned,1,0.0
USR-006836,2025-03-02,2026-09-24,Pro,Organic Search,Other,2,2,1,1,0,14.2,1,0,1,Active Paid,0,29.0
USR-006837,2025-04-22,2026-09-28,Pro,Organic Search,United States,9,9,7,4,2,17.3,0,1,1,Active Paid,0,29.0
USR-006838,2026-08-06,2026-09-19,Team,Content,Other,0,0,1,0,0,0.0,0,0,1,Active Paid,0,89.0
USR-006839,2026-07-31,2026-09-11,Free,Paid Search,Canada,4,4,0,0,0,11.4,1,0,0,Free,0,0.0
USR-006840,2025-01-16,2026-09-23,Pro,Paid Search,United States,1,1,1,1,0,14.0,0,1,1,Active Paid,0,29.0
USR-006841,2026-02-25,2026-09-24,Free,Referral,Other,0,0,1,0,0,0.0,0,1,1,Free,0,0.0
USR-006842,2025-01-08,2026-09-23,Pro,Referral,Canada,13,13,14,7,2,14.6,1,1,1,Active Paid,0,29.0
USR-006843,2025-09-24,2026-09-23,Pro,Paid Search,United Kingdom,5,5,2,0,0,15.5,0,1,1,Active Paid,0,29.0
USR-006844,2026-01-14,2026-08-10,Free,Paid Search,Canada,5,5,2,0,2,8.9,0,0,0,Churned,1,0.0
USR-006845,2026-03-04,2026-09-24,Pro,Paid Search,United States,8,8,4,2,1,16.0,0,1,1,Active Paid,0,29.0
USR-006846,2025-06-01,2026-07-16,Free,Organic Search,United States,5,5,3,0,0,10.4,0,1,0,Churned,1,0.0
USR-006847,2026-06-29,2026-09-20,Free,Organic Search,Germany,0,0,0,0,0,0.0,0,1,0,Free,0,0.0
USR-006848,2025-12-02,2026-09-22,Free,Social,Other,0,0,0,0,0,0.0,0,0,0,Free,0,0.0
USR-006849,2026-01-11,2026-09-25,Free,Content,France,13,13,13,1,3,21.6,1,1,1,Free,0,0.0
USR-006850,2026-05-28,2026-09-27,Team,Paid Search,Other,6,6,6,5,3,17.0,0,1,1,Active Paid,0,89.0
USR-006851,2026-01-06,2026-09-21,Pro,Paid Search,Other,7,7,5,4,1,18.3,1,1,1,Active Paid,0,29.0
USR-006852,2025-09-03,2026-09-27,Pro,Referral,United States,7,7,4,8,2,12.9,0,1,1,Active Paid,0,29.0
USR-006853,2025-05-19,2026-09-24,Team,Organic Search,Australia,5,5,5,1,5,14.5,1,1,1,Active Paid,0,89.0
USR-006854,2026-07-16,2026-09-20,Pro,Paid Search,Australia,10,10,4,5,3,18.6,0,1,1,Active Paid,0,29.0
USR-006855,2024-12-31,2026-09-23,Free,Organic Search,United Kingdom,10,10,5,2,4,11.5,0,1,1,Free,0,0.0
USR-006856,2024-12-26,2026-09-27,Free,Referral,United Kingdom,4,4,4,1,1,20.9,0,1,1,Free,0,0.0
USR-006857,2025-05-09,2026-09-26,Free,Organic Search,France,3,3,0,0,0,18.3,0,1,1,Free,0,0.0
USR-006858,2024-11-24,2026-08-24,Team,Paid Search,Other,8,8,9,2,5,15.2,0,1,1,Churned,1,0.0
USR-006859,2025-11-14,2026-09-24,Team,Social,Other,11,11,9,6,3,19.9,0,1,1,Active Paid,0,89.0
USR-006860,2025-02-05,2026-09-23,Pro,Content,Canada,3,3,1,1,1,10.8,0,1,1,Active Paid,0,29.0
USR-006861,2025-04-14,2026-07-23,Free,Referral,Australia,0,0,0,0,0,0.0,0,0,1,Churned,1,0.0
USR-006862,2025-08-09,2026-07-29,Free,Partnership,Canada,4,4,2,0,0,6.6,0,0,1,Churned,1,0.0
USR-006863,2026-05-10,2026-09-27,Team,Referral,Other,4,4,6,2,0,21.1,1,1,1,Active Paid,0,89.0
USR-006864,2025-08-13,2026-09-22,Free,Paid Search,Germany,6,5,0,1,0,7.6,0,1,1,Free,0,0.0
USR-006865,2024-12-10,2026-09-27,Pro,Organic Search,Other,6,6,5,2,1,20.7,0,1,1,Active Paid,0,29.0
USR-006866,2024-10-12,2026-07-22,Free,Organic Search,Other,3,3,2,2,0,9.9,0,1,0,Churned,1,0.0
USR-006867,2025-10-30,2026-09-10,Free,Paid Search,United Kingdom,0,0,0,0,1,0.0,0,1,1,Churned,1,0.0
USR-006868,2026-03-22,2026-09-26,Pro,Organic Search,Other,9,9,11,2,2,18.4,0,1,1,Active Paid,0,29.0
USR-006869,2025-03-30,2026-09-25,Team,Paid Search,France,15,11,13,9,18,19.8,1,1,1,Active Paid,0,89.0
USR-006870,2026-07-23,2026-09-24,Pro,Referral,United States,14,12,9,11,5,21.2,1,1,1,Active Paid,0,29.0
USR-006871,2026-05-30,2026-09-21,Free,Referral,United States,6,6,6,1,1,11.8,0,1,0,Free,0,0.0
USR-006872,2025-08-10,2026-09-26,Free,Paid Search,France,5,2,2,0,0,4.9,0,1,0,Free,0,0.0
USR-006873,2024-10-08,2026-09-25,Team,Social,United States,11,11,5,10,3,13.0,1,1,1,Active Paid,0,89.0
USR-006874,2026-01-23,2026-09-25,Pro,Organic Search,United States,10,10,5,2,8,21.9,1,1,1,Active Paid,0,29.0
USR-006875,2025-11-03,2026-09-26,Free,Social,Canada,7,7,6,0,0,10.7,2,1,0,Free,0,0.0
USR-006876,2026-01-28,2026-09-28,Pro,Social,United States,7,7,5,4,1,14.0,0,1,1,Active Paid,0,29.0
USR-006877,2025-11-05,2026-09-23,Free,Paid Search,United Kingdom,3,3,1,0,1,17.1,0,0,1,Free,0,0.0
USR-006878,2026-09-10,2026-09-25,Free,Paid Search,Australia,8,8,10,3,4,13.1,0,1,1,Free,0,0.0
USR-006879,2025-07-17,2026-09-21,Pro,Partnership,United States,6,6,3,1,2,20.7,1,1,1,Active Paid,0,29.0
USR-006880,2025-07-16,2026-09-24,Pro,Social,Germany,5,5,3,2,1,11.8,1,1,1,Active Paid,0,29.0
USR-006881,2026-02-02,2026-07-20,Free,Social,United States,0,0,1,0,0,0.0,0,1,1,Churned,1,0.0
USR-006882,2026-03-11,2026-09-23,Free,Organic Search,Other,9,9,5,1,2,19.6,0,0,0,Free,0,0.0
USR-006883,2025-03-20,2026-09-24,Team,Organic Search,United Kingdom,6,6,1,1,3,17.7,0,1,1,Active Paid,0,89.0
USR-006884,2026-05-04,2026-09-28,Pro,Paid Search,Australia,9,3,7,0,2,9.4,0,0,1,Active Paid,0,29.0
USR-006885,2026-08-13,2026-09-28,Pro,Partnership,France,10,10,9,5,6,10.1,0,1,1,Active Paid,0,29.0
USR-006886,2026-08-18,2026-09-10,Free,Organic Search,Other,4,4,0,0,0,14.0,0,1,1,Churned,1,0.0
USR-006887,2024-12-24,2026-09-25,Team,Paid Search,Canada,6,6,2,1,6,15.1,0,1,1,Active Paid,0,89.0
USR-006888,2025-12-29,2026-09-25,Team,Partnership,Canada,10,10,6,4,5,24.1,1,1,1,Active Paid,0,89.0
USR-006889,2026-07-05,2026-09-22,Free,Social,United States,5,5,0,0,1,7.4,1,1,1,Free,0,0.0
USR-006890,2024-12-26,2026-09-21,Free,Paid Search,Canada,6,6,2,0,1,12.6,1,1,0,Free,0,0.0
USR-006891,2026-06-01,2026-09-26,Pro,Referral,Canada,16,16,21,9,6,20.3,1,1,1,Active Paid,0,29.0
USR-006892,2026-01-18,2026-09-22,Pro,Social,Germany,4,4,4,0,0,14.8,0,0,1,Active Paid,0,29.0
USR-006893,2026-09-01,2026-09-25,Pro,Partnership,United States,11,11,11,5,4,16.2,0,1,1,Active Paid,0,29.0
USR-006894,2025-05-18,2026-09-22,Team,Organic Search,Canada,16,8,11,4,7,14.7,0,1,1,Active Paid,0,89.0
USR-006895,2025-05-03,2026-09-25,Pro,Content,United Kingdom,5,5,3,2,0,15.6,0,0,1,Active Paid,0,29.0
USR-006896,2025-03-24,2026-07-06,Free,Paid Search,Germany,3,3,1,0,0,11.4,0,1,0,Churned,1,0.0
USR-006897,2026-03-11,2026-09-24,Free,Content,Germany,8,8,3,1,1,18.3,1,1,0,Free,0,0.0
USR-006898,2026-01-24,2026-07-24,Pro,Content,United Kingdom,0,0,0,0,0,0.0,0,1,1,Churned,1,0.0
USR-006899,2024-11-14,2026-09-24,Free,Content,Canada,9,9,11,4,1,15.9,1,1,0,Free,0,0.0
USR-006900,2025-02-05,2026-09-24,Free,Content,United Kingdom,9,9,4,3,1,22.0,0,1,0,Free,0,0.0
USR-006901,2026-08-20,2026-09-24,Pro,Referral,Australia,11,11,5,6,3,18.2,0,1,1,Active Paid,0,29.0
USR-006902,2025-05-09,2026-09-19,Free,Organic Search,Australia,3,3,0,0,0,11.7,0,0,0,Free,0,0.0
USR-006903,2025-02-11,2026-09-22,Pro,Organic Search,United States,9,9,8,3,0,11.9,0,1,1,Active Paid,0,29.0
USR-006904,2025-08-12,2026-09-20,Free,Paid Search,United States,0,0,0,0,0,0.0,0,0,0,Free,0,0.0
USR-006905,2025-06-15,2026-09-22,Free,Social,France,3,3,5,1,1,15.9,0,1,0,Free,0,0.0
USR-006906,2026-09-15,2026-09-26,Free,Paid Search,Australia,4,4,1,2,0,17.7,0,1,1,Free,0,0.0
USR-006907,2026-08-25,2026-09-26,Pro,Referral,United States,15,13,11,7,2,17.0,0,1,1,Active Paid,0,29.0
USR-006908,2026-08-21,2026-09-24,Pro,Referral,United Kingdom,14,14,19,9,8,16.2,1,1,1,Active Paid,0,29.0
USR-006909,2026-05-25,2026-07-16,Free,Partnership,United States,5,5,2,2,1,5.8,0,1,1,Churned,1,0.0
USR-006910,2024-10-07,2026-09-25,Free,Paid Search,Australia,6,6,1,0,1,12.3,0,1,0,Free,0,0.0
USR-006911,2025-06-19,2026-09-25,Free,Content,United States,9,8,6,2,1,11.4,0,1,1,Free,0,0.0
USR-006912,2025-03-05,2026-09-25,Pro,Referral,Australia,7,7,6,2,2,12.0,0,1,1,Active Paid,0,29.0
USR-006913,2026-02-16,2026-09-20,Team,Partnership,Germany,9,9,6,5,6,17.9,0,1,1,Active Paid,0,89.0
USR-006914,2024-11-14,2026-09-23,Pro,Referral,Other,6,6,7,2,1,17.3,0,1,1,Active Paid,0,29.0
USR-006915,2026-04-26,2026-09-29,Free,Paid Search,Other,11,6,9,1,0,12.0,0,1,0,Free,0,0.0
USR-006916,2024-12-09,2026-09-22,Pro,Organic Search,Canada,15,15,9,5,1,5.1,0,1,1,Active Paid,0,29.0
USR-006917,2026-08-24,2026-09-23,Free,Partnership,France,5,5,3,1,1,9.5,2,1,0,Free,0,0.0
USR-006918,2026-09-01,2026-09-01,Free,Referral,France,2,2,0,1,1,21.3,0,1,0,Churned,1,0.0
USR-006919,2026-07-21,2026-09-23,Free,Content,Other,8,8,3,1,1,15.6,0,1,0,Free,0,0.0
USR-006920,2025-02-26,2026-07-27,Free,Content,Canada,6,6,4,1,1,9.1,0,0,0,Churned,1,0.0
USR-006921,2026-03-15,2026-08-10,Free,Referral,United States,0,0,0,0,0,0.0,0,0,0,Churned,1,0.0
USR-006922,2025-10-28,2026-09-27,Pro,Referral,Other,12,10,4,5,3,13.7,1,1,1,Active Paid,0,29.0
USR-006923,2025-10-14,2026-09-21,Free,Partnership,United States,8,8,4,0,0,10.9,0,1,0,Free,0,0.0
USR-006924,2025-02-28,2026-09-25,Pro,Content,Other,3,3,0,0,2,15.1,1,0,1,Active Paid,0,29.0
USR-006925,2026-01-09,2026-09-20,Team,Paid Search,United States,5,5,4,3,2,17.1,1,1,1,Active Paid,0,89.0
USR-006926,2026-09-11,2026-09-11,Pro,Organic Search,Canada,5,5,5,1,1,10.7,0,1,1,Churned,1,0.0
USR-006927,2025-12-13,2026-09-05,Free,Organic Search,Other,9,8,4,0,0,12.8,0,1,1,Churned,1,0.0
USR-006928,2026-02-21,2026-09-27,Pro,Paid Search,France,4,4,4,3,2,12.3,1,1,1,Active Paid,0,29.0
USR-006929,2025-04-11,2026-09-24,Free,Content,Germany,8,8,5,2,1,14.6,2,1,0,Free,0,0.0
USR-006930,2025-03-27,2026-09-23,Free,Content,United Kingdom,0,0,0,0,0,0.0,0,1,1,Free,0,0.0
USR-006931,2026-07-12,2026-09-26,Free,Paid Search,United States,4,4,1,1,1,17.9,0,1,0,Free,0,0.0
USR-006932,2025-02-25,2026-09-24,Pro,Paid Search,United States,11,8,10,1,1,12.1,0,1,1,Active Paid,0,29.0
USR-006933,2026-07-27,2026-08-15,Pro,Social,Germany,5,5,3,2,1,16.7,0,1,1,Churned,1,0.0
USR-006934,2025-06-29,2026-09-17,Pro,Content,United Kingdom,7,7,5,2,0,12.7,0,1,1,Active Paid,0,29.0
USR-006935,2025-12-11,2026-09-24,Pro,Referral,United States,12,12,5,7,3,20.6,0,1,1,Active Paid,0,29.0
USR-006936,2026-02-12,2026-09-24,Free,Organic Search,United Kingdom,5,5,4,1,0,6.6,2,1,1,Free,0,0.0
USR-006937,2025-10-05,2026-09-20,Pro,Paid Search,Other,9,9,3,0,1,18.1,1,1,1,Active Paid,0,29.0
USR-006938,2026-02-06,2026-07-12,Team,Social,Other,8,8,5,1,4,15.6,0,0,1,Churned,1,0.0
USR-006939,2025-02-25,2026-09-23,Free,Social,United Kingdom,8,7,3,1,0,12.3,0,1,0,Free,0,0.0
USR-006940,2024-10-24,2026-09-23,Team,Content,Other,9,9,7,5,3,23.9,0,1,1,Active Paid,0,89.0
USR-006941,2025-02-09,2026-09-21,Team,Partnership,Canada,2,2,1,1,0,11.1,0,1,1,Active Paid,0,89.0
USR-006942,2025-11-05,2026-09-24,Free,Organic Search,United Kingdom,16,11,8,2,5,20.8,0,1,1,Free,0,0.0
USR-006943,2025-09-21,2026-09-21,Free,Organic Search,United Kingdom,4,4,3,0,0,16.5,0,1,1,Free,0,0.0
USR-006944,2025-10-31,2026-09-12,Free,Paid Search,Other,0,0,0,0,1,0.0,0,1,0,Free,0,0.0
USR-006945,2025-02-25,2026-09-21,Pro,Paid Search,United States,2,2,2,2,0,18.3,0,0,1,Active Paid,0,29.0
USR-006946,2025-08-17,2026-09-25,Free,Paid Search,United States,2,2,1,0,1,14.1,1,1,0,Free,0,0.0
USR-006947,2025-10-16,2026-09-19,Free,Organic Search,Other,8,8,2,0,1,9.3,0,1,1,Free,0,0.0
USR-006948,2025-11-27,2026-09-25,Pro,Organic Search,France,12,10,8,2,5,20.2,0,0,1,Active Paid,0,29.0
USR-006949,2025-12-21,2026-09-28,Team,Content,Australia,6,6,3,2,4,16.9,0,1,1,Active Paid,0,89.0
USR-006950,2025-08-16,2026-09-21,Pro,Organic Search,France,9,9,7,5,3,13.7,1,1,1,Active Paid,0,29.0
USR-006951,2025-05-11,2026-09-23,Pro,Content,France,3,3,2,0,1,16.4,0,1,1,Active Paid,0,29.0
USR-006952,2025-11-10,2026-09-29,Free,Paid Search,United States,11,10,7,1,0,15.4,0,1,1,Free,0,0.0
USR-006953,2025-02-16,2026-09-19,Free,Paid Search,France,3,3,1,0,0,12.3,0,1,0,Free,0,0.0
USR-006954,2025-02-01,2026-07-09,Pro,Organic Search,United States,9,9,6,1,4,16.2,0,1,1,Churned,1,0.0
USR-006955,2025-11-13,2026-07-04,Free,Organic Search,United States,4,4,0,0,0,12.8,0,1,0,Churned,1,0.0
USR-006956,2024-12-05,2026-09-23,Pro,Paid Search,Other,4,4,4,1,3,12.6,2,1,1,Active Paid,0,29.0
USR-006957,2026-05-15,2026-09-24,Team,Content,United States,14,14,19,10,12,23.8,1,1,1,Active Paid,0,89.0
USR-006958,2024-11-18,2026-09-26,Free,Content,United States,11,8,12,1,0,15.3,0,1,0,Free,0,0.0
USR-006959,2026-02-17,2026-09-23,Pro,Organic Search,United States,7,7,5,2,0,14.3,0,0,1,Active Paid,0,29.0
USR-006960,2025-08-08,2026-09-26,Pro,Organic Search,Other,13,13,8,7,2,12.8,0,1,1,Active Paid,0,29.0
USR-006961,2026-02-25,2026-09-28,Pro,Organic Search,Other,6,6,6,6,0,22.0,1,1,1,Active Paid,0,29.0
USR-006962,2025-11-03,2026-08-02,Free,Referral,United States,7,7,2,1,2,12.4,0,1,1,Churned,1,0.0
USR-006963,2026-01-15,2026-09-28,Free,Organic Search,United Kingdom,8,8,5,5,3,12.9,0,0,0,Free,0,0.0
USR-006964,2025-04-29,2026-09-24,Free,Organic Search,France,5,5,1,1,1,15.9,0,1,0,Free,0,0.0
USR-006965,2026-07-19,2026-09-22,Pro,Content,Germany,11,11,9,3,1,13.9,0,1,1,Active Paid,0,29.0
USR-006966,2025-01-24,2026-09-16,Free,Content,United States,6,6,2,0,1,14.4,1,1,1,Free,0,0.0
USR-006967,2024-12-08,2026-09-18,Free,Referral,United Kingdom,7,5,5,1,1,15.1,0,1,0,Free,0,0.0
USR-006968,2025-08-09,2026-08-19,Pro,Organic Search,Germany,5,5,2,5,1,16.9,1,1,1,Churned,1,0.0
USR-006969,2025-08-20,2026-09-19,Free,Paid Search,United States,7,7,2,0,3,12.5,0,1,0,Free,0,0.0
USR-006970,2025-05-03,2026-09-22,Pro,Organic Search,France,5,5,0,1,0,14.1,0,0,1,Active Paid,0,29.0
USR-006971,2026-04-26,2026-09-22,Free,Referral,United States,4,4,1,0,1,17.1,0,0,1,Free,0,0.0
USR-006972,2025-03-28,2026-09-25,Free,Referral,Australia,6,6,4,0,1,16.6,0,0,1,Free,0,0.0
USR-006973,2026-04-12,2026-08-17,Free,Organic Search,France,0,0,0,0,0,0.0,0,1,0,Churned,1,0.0
USR-006974,2025-05-20,2026-09-24,Free,Content,Germany,6,6,2,0,1,12.4,0,0,0,Free,0,0.0
USR-006975,2026-02-09,2026-09-27,Team,Social,Australia,19,13,17,9,14,19.2,0,1,1,Active Paid,0,89.0
USR-006976,2025-03-31,2026-09-23,Team,Content,United States,11,11,9,9,7,27.1,2,1,1,Active Paid,0,89.0
USR-006977,2025-02-27,2026-09-24,Pro,Organic Search,United States,4,4,0,0,0,10.0,1,0,1,Active Paid,0,29.0
USR-006978,2026-04-19,2026-09-26,Pro,Paid Search,Canada,2,2,0,1,0,11.2,0,0,1,Active Paid,0,29.0
USR-006979,2025-07-01,2026-09-23,Pro,Organic Search,Australia,7,7,3,0,2,13.5,0,0,1,Active Paid,0,29.0
USR-006980,2025-09-24,2026-09-25,Team,Referral,Other,10,10,10,3,8,24.0,1,1,1,Active Paid,0,89.0
USR-006981,2026-02-17,2026-09-26,Free,Organic Search,United Kingdom,4,4,3,0,1,17.5,1,1,0,Free,0,0.0
USR-006982,2025-07-22,2026-09-24,Free,Paid Search,Australia,8,8,5,1,0,16.9,0,0,0,Free,0,0.0
USR-006983,2024-10-06,2026-07-30,Pro,Content,United States,0,0,1,1,0,0.0,0,0,1,Churned,1,0.0
USR-006984,2026-09-14,2026-09-27,Team,Referral,United States,14,14,15,12,5,14.9,0,1,1,Active Paid,0,89.0
USR-006985,2024-10-31,2026-09-20,Free,Referral,United States,0,0,0,0,0,0.0,0,1,1,Free,0,0.0
USR-006986,2025-01-11,2026-09-24,Free,Referral,Other,8,8,3,0,0,13.5,0,1,0,Free,0,0.0
USR-006987,2025-09-02,2026-09-23,Free,Referral,Canada,3,3,4,1,1,18.9,1,1,1,Free,0,0.0
USR-006988,2025-07-06,2026-09-23,Free,Referral,Canada,6,6,1,2,0,17.9,2,1,0,Free,0,0.0
USR-006989,2025-12-26,2026-09-26,Pro,Paid Search,France,8,8,3,2,1,18.8,0,0,1,Active Paid,0,29.0
USR-006990,2026-06-15,2026-09-23,Free,Organic Search,United States,14,10,10,7,1,8.1,0,1,0,Free,0,0.0
USR-006991,2025-08-03,2026-09-26,Team,Paid Search,United States,5,5,1,1,2,13.5,0,1,1,Active Paid,0,89.0
USR-006992,2025-02-09,2026-09-23,Pro,Organic Search,United States,10,6,8,2,1,12.1,0,1,1,Active Paid,0,29.0
USR-006993,2026-04-03,2026-08-17,Free,Social,United States,1,1,0,0,0,11.7,0,1,0,Churned,1,0.0
USR-006994,2025-04-21,2026-09-29,Pro,Social,United Kingdom,15,15,18,4,9,25.5,0,1,1,Active Paid,0,29.0
USR-006995,2025-03-30,2026-07-02,Pro,Organic Search,United States,1,1,0,0,0,18.9,1,1,1,Churned,1,0.0
USR-006996,2025-03-22,2026-09-22,Free,Content,Australia,6,6,0,1,1,9.9,0,0,0,Free,0,0.0
USR-006997,2026-01-15,2026-09-19,Free,Referral,Australia,8,7,5,2,2,7.8,1,1,0,Free,0,0.0
USR-006998,2025-12-09,2026-07-21,Pro,Social,Other,5,5,1,1,0,13.0,2,0,1,Churned,1,0.0
USR-006999,2025-11-22,2026-09-20,Free,Partnership,United States,6,6,1,3,3,15.2,0,1,0,Free,0,0.0
USR-007000,2025-01-13,2026-09-18,Free,Paid Search,Canada,4,4,0,0,1,12.7,0,0,0,Free,0,0.0
USR-007001,2024-12-11,2026-09-25,Free,Paid Search,United States,0,0,0,0,0,0.0,1,1,0,Free,0,0.0
USR-007002,2025-11-23,2026-09-19,Free,Organic Search,United States,7,6,2,0,1,14.3,1,1,1,Free,0,0.0
USR-007003,2024-10-22,2026-09-20,Pro,Social,Germany,8,8,4,3,1,15.2,0,1,1,Active Paid,0,29.0
USR-007004,2025-08-04,2026-07-23,Free,Organic Search,United Kingdom,8,5,5,1,0,8.8,1,1,0,Churned,1,0.0
USR-007005,2025-12-14,2026-09-23,Pro,Content,France,11,11,6,5,0,21.5,1,1,1,Active Paid,0,29.0
USR-007006,2026-09-15,2026-09-15,Free,Paid Search,Australia,4,4,2,0,0,14.0,0,0,0,Churned,1,0.0
USR-007007,2025-07-06,2026-09-24,Pro,Social,United States,1,1,0,0,0,15.7,0,0,1,Active Paid,0,29.0
USR-007008,2025-06-11,2026-07-10,Free,Social,Other,4,4,1,0,1,15.0,1,1,0,Churned,1,0.0
USR-007009,2024-10-23,2026-09-28,Team,Paid Search,United States,8,8,10,3,5,21.1,1,1,1,Active Paid,0,89.0
USR-007010,2025-04-20,2026-09-22,Team,Referral,Other,10,9,6,5,4,26.3,0,1,1,Active Paid,0,89.0
USR-007011,2026-08-25,2026-08-25,Free,Referral,Germany,10,8,6,1,1,16.9,0,0,0,Churned,1,0.0
USR-007012,2025-08-06,2026-09-24,Pro,Referral,United States,5,5,5,2,3,10.0,0,1,1,Active Paid,0,29.0
USR-007013,2025-04-02,2026-09-17,Free,Social,United Kingdom,7,7,1,0,0,7.3,1,1,0,Free,0,0.0
USR-007014,2025-09-25,2026-09-24,Pro,Social,United States,4,4,1,1,1,10.9,0,1,1,Active Paid,0,29.0
USR-007015,2025-11-13,2026-09-18,Pro,Paid Search,Australia,5,5,0,0,0,6.0,0,1,1,Active Paid,0,29.0
USR-007016,2025-02-13,2026-09-24,Free,Referral,United States,6,6,4,0,0,9.0,1,1,1,Free,0,0.0
USR-007017,2025-07-05,2026-09-24,Free,Paid Search,Australia,1,1,1,0,0,19.5,0,1,1,Free,0,0.0
USR-007018,2025-05-16,2026-09-20,Free,Paid Search,United Kingdom,6,6,3,2,0,16.5,1,1,0,Free,0,0.0
USR-007019,2025-10-19,2026-09-27,Pro,Organic Search,Other,10,10,10,3,1,20.5,0,0,1,Active Paid,0,29.0
USR-007020,2026-03-01,2026-09-23,Pro,Referral,United States,4,4,5,2,1,14.1,1,1,1,Active Paid,0,29.0
USR-007021,2025-09-09,2026-09-24,Free,Organic Search,France,3,3,2,0,0,4.4,0,0,0,Free,0,0.0
USR-007022,2024-10-30,2026-09-11,Free,Partnership,Australia,2,2,0,0,0,11.7,0,0,1,Churned,1,0.0
USR-007023,2025-07-12,2026-09-21,Free,Organic Search,United States,3,3,0,0,0,15.8,0,1,1,Free,0,0.0
USR-007024,2025-04-28,2026-09-26,Pro,Paid Search,United States,8,8,8,3,3,15.6,0,1,1,Active Paid,0,29.0
USR-007025,2026-06-19,2026-09-25,Free,Organic Search,Canada,3,3,0,0,0,12.5,0,1,1,Free,0,0.0
USR-007026,2024-10-09,2026-09-06,Free,Paid Search,France,0,0,0,0,0,0.0,0,0,0,Churned,1,0.0
USR-007027,2026-03-25,2026-09-27,Team,Paid Search,Australia,11,11,12,1,3,17.1,0,1,1,Active Paid,0,89.0
USR-007028,2024-10-21,2026-07-26,Free,Referral,United States,1,1,0,0,0,9.7,0,0,0,Churned,1,0.0
USR-007029,2025-11-01,2026-09-27,Pro,Organic Search,Other,9,9,1,3,1,23.5,0,1,1,Active Paid,0,29.0
USR-007030,2024-11-27,2026-07-13,Free,Paid Search,Other,7,7,2,1,1,15.3,0,1,0,Churned,1,0.0
USR-007031,2024-12-17,2026-09-22,Free,Organic Search,Australia,9,8,4,1,0,9.4,0,1,1,Free,0,0.0
USR-007032,2025-03-24,2026-09-26,Pro,Paid Search,United States,8,8,6,3,0,12.3,0,1,1,Active Paid,0,29.0
USR-007033,2024-11-29,2026-09-25,Free,Partnership,United States,12,11,5,2,2,19.4,2,1,0,Free,0,0.0
USR-007034,2025-07-07,2026-09-20,Free,Paid Search,Other,5,5,0,1,0,11.0,0,1,1,Free,0,0.0
USR-007035,2025-01-17,2026-09-25,Team,Referral,France,11,9,7,7,6,12.9,0,1,1,Active Paid,0,89.0
USR-007036,2026-05-15,2026-09-27,Pro,Social,Germany,4,4,2,1,0,7.8,0,1,1,Active Paid,0,29.0
USR-007037,2026-07-27,2026-09-24,Pro,Paid Search,Other,7,7,2,3,4,20.2,0,1,1,Active Paid,0,29.0
USR-007038,2025-08-23,2026-08-14,Free,Content,United States,5,5,3,0,1,14.2,0,0,0,Churned,1,0.0
USR-007039,2025-02-13,2026-08-25,Free,Organic Search,France,5,5,2,0,0,18.1,0,1,1,Churned,1,0.0
USR-007040,2025-03-17,2026-09-29,Free,Content,Germany,6,6,3,2,1,6.0,1,1,1,Free,0,0.0
USR-007041,2025-09-03,2026-09-22,Team,Social,Other,11,11,11,5,4,16.8,1,1,1,Active Paid,0,89.0
USR-007042,2025-09-08,2026-09-20,Pro,Paid Search,Australia,5,5,2,2,0,11.0,0,1,1,Active Paid,0,29.0
USR-007043,2025-07-06,2026-09-22,Free,Content,Canada,10,10,5,1,1,10.3,0,1,1,Free,0,0.0
USR-007044,2025-01-03,2026-09-22,Team,Paid Search,United States,8,8,4,2,2,15.5,0,1,1,Active Paid,0,89.0
USR-007045,2025-01-22,2026-08-28,Free,Partnership,Other,1,1,1,0,0,10.3,1,0,1,Churned,1,0.0
USR-007046,2026-06-29,2026-09-28,Free,Partnership,Australia,3,3,2,1,0,19.9,1,1,1,Free,0,0.0
USR-007047,2025-07-17,2026-09-14,Free,Paid Search,United Kingdom,0,0,0,0,0,0.0,1,1,0,Churned,1,0.0
USR-007048,2025-12-17,2026-07-19,Free,Paid Search,Other,9,9,7,3,3,15.3,1,1,0,Churned,1,0.0
USR-007049,2025-02-21,2026-09-24,Team,Content,United Kingdom,0,0,0,0,0,0.0,0,1,1,Active Paid,0,89.0
USR-007050,2025-09-19,2026-09-14,Pro,Organic Search,United Kingdom,0,0,0,0,0,0.0,0,1,1,Churned,1,0.0
USR-007051,2024-10-07,2026-09-25,Free,Referral,Other,16,13,17,4,5,11.3,1,0,0,Free,0,0.0
USR-007052,2025-11-10,2026-09-21,Free,Organic Search,Germany,4,4,7,0,0,18.6,0,1,1,Free,0,0.0
USR-007053,2025-05-18,2026-09-28,Pro,Organic Search,Other,7,7,4,1,1,21.2,0,1,1,Active Paid,0,29.0
USR-007054,2026-06-30,2026-09-24,Free,Social,Other,5,5,2,0,0,13.3,0,0,0,Free,0,0.0
USR-007055,2024-11-18,2026-08-08,Free,Referral,Canada,8,3,2,1,0,14.1,0,1,0,Churned,1,0.0
USR-007056,2026-05-29,2026-09-25,Pro,Referral,United States,5,5,2,0,0,11.5,0,1,1,Active Paid,0,29.0
USR-007057,2025-12-19,2026-09-20,Free,Social,Other,11,11,7,3,2,18.3,0,1,1,Free,0,0.0
USR-007058,2025-01-25,2026-09-14,Free,Paid Search,Canada,5,2,0,0,0,10.7,1,1,0,Churned,1,0.0
USR-007059,2024-10-24,2026-09-24,Free,Paid Search,Canada,12,7,7,2,3,13.8,0,0,1,Free,0,0.0
USR-007060,2025-10-04,2026-09-24,Team,Organic Search,Canada,10,10,8,4,6,19.9,0,0,1,Active Paid,0,89.0
USR-007061,2025-10-04,2026-09-22,Free,Paid Search,United States,3,3,1,0,0,11.2,0,1,0,Free,0,0.0
USR-007062,2026-08-12,2026-08-25,Pro,Paid Search,United States,4,4,3,0,0,17.3,1,0,1,Churned,1,0.0
USR-007063,2024-10-16,2026-09-20,Free,Social,Germany,8,8,7,1,1,20.9,0,0,0,Free,0,0.0
USR-007064,2026-09-04,2026-09-25,Pro,Organic Search,Australia,15,7,15,4,3,17.5,0,1,1,Active Paid,0,29.0
USR-007065,2026-08-28,2026-08-28,Free,Organic Search,United Kingdom,4,4,0,1,0,11.4,0,0,0,Churned,1,0.0
USR-007066,2025-10-12,2026-09-24,Free,Referral,United States,7,7,4,4,0,15.3,0,1,0,Free,0,0.0
USR-007067,2026-09-13,2026-09-13,Pro,Organic Search,United Kingdom,4,4,2,0,0,11.8,2,0,1,Churned,1,0.0
USR-007068,2026-05-21,2026-09-22,Pro,Partnership,Australia,7,6,5,2,2,14.0,0,0,1,Active Paid,0,29.0
USR-007069,2025-06-24,2026-09-21,Free,Paid Search,United States,8,8,5,0,1,9.6,0,1,0,Free,0,0.0
USR-007070,2025-04-29,2026-09-21,Free,Organic Search,Canada,8,6,3,1,1,11.5,0,1,0,Free,0,0.0
USR-007071,2026-02-14,2026-09-28,Team,Content,France,10,10,11,7,6,16.2,0,0,1,Active Paid,0,89.0
USR-007072,2025-02-24,2026-09-23,Free,Social,United Kingdom,8,8,8,0,0,15.6,1,1,1,Free,0,0.0
USR-007073,2025-07-08,2026-09-24,Free,Content,Germany,6,5,0,1,3,7.0,2,1,0,Free,0,0.0
USR-007074,2026-04-05,2026-09-24,Free,Paid Search,Other,11,11,7,2,0,10.7,0,1,0,Free,0,0.0
USR-007075,2025-04-24,2026-09-21,Free,Paid Search,United States,0,0,0,0,0,0.0,0,1,0,Free,0,0.0
USR-007076,2025-07-19,2026-09-27,Pro,Referral,United States,9,9,6,4,2,15.1,1,1,1,Active Paid,0,29.0
USR-007077,2025-02-12,2026-09-22,Pro,Paid Search,United States,6,6,3,4,0,13.6,0,1,1,Active Paid,0,29.0
USR-007078,2026-05-28,2026-07-17,Free,Social,France,0,0,0,0,0,0.0,0,0,0,Churned,1,0.0
USR-007079,2026-04-03,2026-09-22,Pro,Paid Search,Other,5,5,0,1,0,15.9,1,0,1,Active Paid,0,29.0
USR-007080,2026-02-10,2026-08-02,Free,Paid Search,France,0,0,0,0,0,0.0,0,0,1,Churned,1,0.0
USR-007081,2026-01-14,2026-08-30,Pro,Organic Search,Other,0,0,0,0,0,0.0,1,1,1,Churned,1,0.0
USR-007082,2024-12-19,2026-09-23,Free,Content,France,8,8,6,2,1,20.2,0,1,0,Free,0,0.0
USR-007083,2025-04-10,2026-09-23,Free,Paid Search,United States,6,6,2,0,2,12.8,0,1,1,Free,0,0.0
USR-007084,2025-08-22,2026-09-23,Pro,Partnership,United States,8,8,6,0,0,15.5,0,1,1,Active Paid,0,29.0
USR-007085,2025-08-25,2026-09-09,Free,Paid Search,Germany,4,4,1,0,1,15.5,0,0,0,Churned,1,0.0
USR-007086,2024-12-21,2026-08-29,Free,Social,France,3,3,0,0,0,13.6,0,1,1,Churned,1,0.0
USR-007087,2025-10-31,2026-09-22,Free,Paid Search,Canada,6,6,0,0,0,17.5,0,0,0,Free,0,0.0
USR-007088,2026-04-07,2026-08-05,Pro,Referral,Canada,2,2,1,0,1,11.7,2,0,1,Churned,1,0.0
USR-007089,2026-06-10,2026-09-24,Free,Content,United Kingdom,9,9,10,1,0,19.3,0,1,1,Free,0,0.0
USR-007090,2026-01-23,2026-09-11,Pro,Social,United Kingdom,7,3,6,1,1,13.1,0,0,1,Churned,1,0.0
USR-007091,2025-06-05,2026-09-21,Pro,Paid Search,Germany,4,4,2,1,0,15.0,0,0,1,Active Paid,0,29.0
USR-007092,2025-10-14,2026-09-23,Pro,Referral,France,8,8,7,3,1,16.5,0,1,1,Active Paid,0,29.0
USR-007093,2025-11-18,2026-09-17,Free,Organic Search,Australia,8,8,5,3,2,9.2,2,1,1,Free,0,0.0
USR-007094,2025-10-07,2026-09-20,Pro,Social,United States,5,5,1,1,2,16.6,1,0,1,Active Paid,0,29.0
USR-007095,2024-10-18,2026-07-06,Free,Referral,Other,6,6,3,2,1,15.2,0,0,0,Churned,1,0.0
USR-007096,2024-10-02,2026-09-18,Team,Paid Search,United States,10,10,11,4,4,6.9,1,1,1,Active Paid,0,89.0
USR-007097,2026-05-23,2026-09-24,Pro,Referral,United States,16,15,8,9,4,19.2,0,1,1,Active Paid,0,29.0
USR-007098,2026-06-26,2026-09-25,Free,Referral,Australia,10,10,5,0,1,18.4,1,1,0,Free,0,0.0
USR-007099,2026-03-25,2026-09-22,Pro,Organic Search,Other,6,6,3,1,1,14.3,0,1,1,Active Paid,0,29.0
USR-007100,2025-01-14,2026-09-25,Free,Paid Search,Other,13,10,13,2,4,17.3,0,1,0,Free,0,0.0
USR-007101,2025-10-22,2026-07-25,Free,Paid Search,United States,0,0,0,0,0,0.0,0,1,1,Churned,1,0.0
USR-007102,2025-01-06,2026-09-21,Free,Referral,United States,7,7,1,1,0,15.8,0,0,0,Free,0,0.0
USR-007103,2025-06-10,2026-09-18,Pro,Social,France,7,7,4,2,1,21.3,0,1,1,Active Paid,0,29.0
USR-007104,2025-08-16,2026-09-26,Pro,Paid Search,Australia,8,8,5,3,3,11.0,2,1,1,Active Paid,0,29.0
USR-007105,2026-02-26,2026-09-27,Team,Paid Search,Canada,12,12,8,5,11,22.0,0,1,1,Active Paid,0,89.0
USR-007106,2026-01-13,2026-09-20,Free,Organic Search,United States,8,7,3,0,1,11.3,0,0,1,Free,0,0.0
USR-007107,2026-06-02,2026-09-23,Pro,Organic Search,Canada,6,6,1,2,0,12.8,0,0,1,Active Paid,0,29.0
USR-007108,2025-09-09,2026-07-18,Pro,Organic Search,United States,8,8,11,2,2,19.9,1,0,1,Churned,1,0.0
USR-007109,2026-02-27,2026-09-07,Pro,Organic Search,United States,9,9,6,0,4,16.0,2,1,1,Churned,1,0.0
USR-007110,2026-02-18,2026-08-19,Free,Organic Search,Germany,4,4,1,0,0,15.6,0,1,0,Churned,1,0.0
USR-007111,2026-08-18,2026-09-24,Free,Social,United States,8,7,4,2,0,13.3,0,1,0,Free,0,0.0
USR-007112,2025-02-21,2026-09-24,Pro,Social,France,5,5,1,1,1,6.7,0,1,1,Active Paid,0,29.0
USR-007113,2024-11-13,2026-09-22,Free,Organic Search,Germany,7,7,6,2,0,20.9,0,1,0,Free,0,0.0
USR-007114,2025-09-24,2026-09-22,Free,Social,United Kingdom,4,4,2,0,1,16.9,1,1,0,Free,0,0.0
USR-007115,2025-08-28,2026-09-23,Free,Organic Search,United Kingdom,0,0,0,0,0,0.0,1,1,0,Free,0,0.0
USR-007116,2024-11-23,2026-09-25,Free,Paid Search,Other,6,6,0,0,1,9.8,0,1,0,Free,0,0.0
USR-007117,2025-09-15,2026-08-13,Free,Partnership,Canada,3,3,2,0,1,11.8,0,1,0,Churned,1,0.0
USR-007118,2025-06-27,2026-07-30,Free,Social,Other,3,3,1,0,0,13.1,1,0,0,Churned,1,0.0
USR-007119,2025-11-13,2026-09-23,Pro,Organic Search,United Kingdom,14,13,9,7,5,13.5,1,1,1,Active Paid,0,29.0
USR-007120,2025-09-13,2026-09-22,Team,Paid Search,Germany,3,3,1,0,2,9.9,0,1,1,Active Paid,0,89.0
USR-007121,2025-09-07,2026-09-22,Free,Referral,Other,7,7,7,0,4,18.0,0,1,0,Free,0,0.0
USR-007122,2025-04-25,2026-09-22,Free,Organic Search,United States,10,8,7,2,1,12.0,1,1,0,Free,0,0.0
USR-007123,2025-07-11,2026-09-06,Pro,Partnership,United States,7,7,8,2,4,16.0,1,0,1,Churned,1,0.0
USR-007124,2025-09-20,2026-08-17,Free,Paid Search,Other,7,7,8,2,0,16.1,0,1,0,Churned,1,0.0
USR-007125,2026-07-23,2026-09-26,Team,Organic Search,United Kingdom,11,11,10,2,2,9.9,0,1,1,Active Paid,0,89.0
USR-007126,2024-12-08,2026-09-25,Pro,Social,United States,4,4,1,1,0,13.8,1,0,1,Active Paid,0,29.0
USR-007127,2024-12-19,2026-09-03,Free,Referral,Other,7,6,2,1,1,10.6,0,1,1,Churned,1,0.0
USR-007128,2026-05-07,2026-07-09,Free,Social,United States,4,4,4,1,0,23.6,0,1,1,Churned,1,0.0
USR-007129,2026-02-18,2026-09-22,Free,Partnership,Germany,0,0,0,0,0,0.0,0,1,1,Free,0,0.0
USR-007130,2024-10-20,2026-09-27,Pro,Content,Australia,8,8,3,8,1,23.9,1,1,1,Active Paid,0,29.0
USR-007131,2026-01-29,2026-07-30,Free,Organic Search,Australia,3,3,2,2,1,9.7,0,1,1,Churned,1,0.0
USR-007132,2025-02-12,2026-09-26,Pro,Organic Search,United Kingdom,10,10,11,7,2,13.5,3,1,1,Active Paid,0,29.0
USR-007133,2025-03-03,2026-08-23,Pro,Paid Search,United States,2,2,2,0,0,11.9,1,1,1,Churned,1,0.0
USR-007134,2025-01-08,2026-09-24,Pro,Social,Other,13,13,14,7,1,20.9,0,1,1,Active Paid,0,29.0
USR-007135,2026-09-04,2026-09-26,Team,Social,Australia,5,3,5,3,1,17.5,0,1,1,Active Paid,0,89.0
USR-007136,2025-10-05,2026-09-21,Free,Paid Search,United States,5,5,1,0,0,8.6,0,1,0,Free,0,0.0
USR-007137,2025-08-07,2026-09-23,Free,Partnership,United Kingdom,13,12,12,4,1,8.8,0,1,0,Free,0,0.0
USR-007138,2025-01-25,2026-09-21,Pro,Paid Search,Canada,0,0,0,0,0,0.0,0,0,1,Active Paid,0,29.0
USR-007139,2026-04-08,2026-08-02,Free,Content,United States,5,5,4,1,0,8.4,0,1,1,Churned,1,0.0
USR-007140,2026-02-08,2026-08-16,Free,Content,Australia,0,0,0,0,0,0.0,0,0,0,Churned,1,0.0
USR-007141,2026-05-10,2026-08-03,Free,Organic Search,Other,1,1,1,0,0,15.3,1,1,0,Churned,1,0.0
USR-007142,2025-03-20,2026-07-11,Free,Organic Search,United States,5,5,3,0,1,11.8,1,1,1,Churned,1,0.0
USR-007143,2024-10-01,2026-09-21,Team,Organic Search,Other,9,9,2,5,1,24.4,1,1,1,Active Paid,0,89.0
USR-007144,2026-06-07,2026-09-25,Free,Content,Australia,8,8,4,0,0,16.5,0,1,0,Free,0,0.0
USR-007145,2026-04-02,2026-09-24,Pro,Paid Search,France,14,14,13,6,3,21.2,0,1,1,Active Paid,0,29.0
USR-007146,2026-02-08,2026-09-23,Team,Content,Other,8,8,14,4,4,23.3,3,1,1,Active Paid,0,89.0
USR-007147,2024-12-19,2026-09-17,Free,Social,United Kingdom,0,0,0,0,0,0.0,0,0,0,Free,0,0.0
USR-007148,2025-11-01,2026-09-25,Pro,Social,Other,8,7,2,1,0,12.5,0,0,1,Active Paid,0,29.0
USR-007149,2026-02-26,2026-08-15,Free,Content,United States,15,11,18,2,4,12.1,1,1,0,Churned,1,0.0
USR-007150,2026-01-28,2026-09-22,Free,Paid Search,Canada,4,4,3,1,0,13.1,0,1,0,Free,0,0.0
USR-007151,2025-07-15,2026-09-21,Free,Referral,Canada,4,4,2,0,2,12.2,0,1,0,Free,0,0.0
USR-007152,2025-12-13,2026-09-19,Free,Paid Search,United States,0,0,1,0,0,0.0,0,0,0,Free,0,0.0
USR-007153,2026-06-07,2026-09-22,Free,Organic Search,France,7,7,2,1,1,12.2,0,1,0,Free,0,0.0
USR-007154,2025-02-06,2026-09-19,Free,Organic Search,Canada,8,8,3,2,1,11.5,1,0,0,Free,0,0.0
USR-007155,2025-11-18,2026-09-24,Free,Organic Search,United Kingdom,10,8,7,3,5,20.8,1,1,0,Free,0,0.0
USR-007156,2026-03-16,2026-09-24,Free,Referral,Germany,0,0,0,0,0,0.0,0,1,0,Free,0,0.0
USR-007157,2025-04-13,2026-08-27,Pro,Paid Search,United States,7,7,5,2,1,14.9,0,0,1,Churned,1,0.0
USR-007158,2025-04-01,2026-09-23,Free,Social,United States,8,8,3,1,2,24.5,0,1,0,Free,0,0.0
USR-007159,2026-05-28,2026-08-23,Pro,Organic Search,United States,5,5,3,1,0,10.2,0,0,1,Churned,1,0.0
USR-007160,2026-07-25,2026-09-18,Team,Referral,Other,8,8,2,3,6,9.2,0,0,1,Active Paid,0,89.0
USR-007161,2026-08-14,2026-09-24,Pro,Content,Australia,12,10,4,4,2,20.0,0,1,1,Active Paid,0,29.0
USR-007162,2025-03-17,2026-09-22,Pro,Referral,Canada,14,14,12,6,6,23.9,0,1,1,Active Paid,0,29.0
USR-007163,2025-06-25,2026-09-28,Pro,Partnership,Germany,7,7,7,1,1,21.1,1,1,1,Active Paid,0,29.0
USR-007164,2025-02-26,2026-09-25,Pro,Organic Search,Germany,8,8,10,4,3,23.5,1,1,1,Active Paid,0,29.0
USR-007165,2025-06-25,2026-09-09,Team,Organic Search,United States,5,5,4,1,8,21.9,0,0,1,Churned,1,0.0
USR-007166,2025-12-02,2026-09-24,Team,Social,United States,5,5,1,2,2,13.9,1,1,1,Active Paid,0,89.0
USR-007167,2025-07-21,2026-08-10,Free,Paid Search,Canada,5,4,1,0,1,11.7,0,0,0,Churned,1,0.0
USR-007168,2025-04-17,2026-09-26,Pro,Referral,United States,10,10,5,5,5,21.8,0,1,1,Active Paid,0,29.0
USR-007169,2025-12-04,2026-09-22,Pro,Content,Other,5,5,4,0,0,10.1,0,1,1,Active Paid,0,29.0
USR-007170,2024-11-30,2026-09-25,Free,Organic Search,United States,7,7,10,2,2,13.7,0,1,1,Free,0,0.0
USR-007171,2024-12-11,2026-09-20,Free,Content,Germany,6,6,3,0,0,18.2,1,0,0,Free,0,0.0
USR-007172,2025-02-20,2026-09-27,Pro,Organic Search,United Kingdom,9,9,9,4,3,12.5,0,1,1,Active Paid,0,29.0
USR-007173,2024-10-06,2026-09-23,Pro,Referral,France,7,7,2,4,0,17.2,0,1,1,Active Paid,0,29.0
USR-007174,2025-12-10,2026-09-22,Free,Paid Search,Other,5,5,0,0,0,11.5,1,0,0,Free,0,0.0
USR-007175,2026-06-26,2026-07-17,Free,Referral,United Kingdom,6,6,1,0,2,15.4,0,1,0,Churned,1,0.0
USR-007176,2025-10-04,2026-07-24,Free,Organic Search,United States,4,4,3,0,0,7.4,1,0,1,Churned,1,0.0
USR-007177,2025-03-31,2026-07-17,Free,Partnership,Germany,8,8,4,3,1,17.5,0,1,0,Churned,1,0.0
USR-007178,2025-03-07,2026-09-24,Team,Partnership,United States,12,10,11,3,7,9.1,1,0,1,Active Paid,0,89.0
USR-007179,2025-12-12,2026-09-24,Team,Social,United States,14,14,10,6,8,19.3,0,1,1,Active Paid,0,89.0
USR-007180,2026-02-18,2026-09-21,Free,Social,Germany,5,5,3,0,1,14.1,0,1,1,Free,0,0.0
USR-007181,2025-11-01,2026-09-24,Free,Referral,United States,4,4,2,0,1,15.4,0,1,1,Free,0,0.0
USR-007182,2025-02-18,2026-09-19,Pro,Social,United States,4,4,2,1,2,20.3,0,1,1,Active Paid,0,29.0
USR-007183,2026-08-03,2026-09-24,Pro,Social,United Kingdom,2,2,1,1,0,12.9,0,1,1,Active Paid,0,29.0
USR-007184,2026-01-24,2026-07-19,Free,Social,United Kingdom,6,6,3,3,0,18.1,1,1,1,Churned,1,0.0
USR-007185,2026-04-04,2026-09-25,Free,Content,Other,3,3,1,0,1,17.6,0,1,1,Free,0,0.0
USR-007186,2025-02-16,2026-09-24,Free,Social,United States,8,8,1,1,0,11.4,0,1,1,Free,0,0.0
USR-007187,2025-10-15,2026-09-23,Pro,Organic Search,United Kingdom,4,4,0,0,1,5.8,0,0,1,Active Paid,0,29.0
USR-007188,2026-07-15,2026-08-07,Pro,Content,France,1,1,0,1,0,16.8,0,1,1,Churned,1,0.0
USR-007189,2026-03-12,2026-09-20,Free,Organic Search,Australia,14,9,13,3,1,21.0,0,1,1,Free,0,0.0
USR-007190,2026-08-15,2026-08-15,Team,Organic Search,United Kingdom,12,8,6,3,5,21.5,0,0,1,Churned,1,0.0
USR-007191,2025-10-10,2026-09-09,Pro,Partnership,Germany,3,3,2,0,0,9.0,0,1,1,Churned,1,0.0
USR-007192,2024-10-02,2026-09-17,Team,Organic Search,Germany,4,4,1,2,0,12.9,1,0,1,Active Paid,0,89.0
USR-007193,2025-08-06,2026-09-25,Free,Organic Search,United States,3,3,2,0,2,18.2,0,1,0,Free,0,0.0
USR-007194,2025-01-02,2026-09-21,Free,Social,United States,5,3,0,0,0,10.2,0,0,0,Free,0,0.0
USR-007195,2025-04-03,2026-09-25,Team,Content,France,8,8,10,8,5,22.2,0,1,1,Active Paid,0,89.0
USR-007196,2024-12-23,2026-07-02,Team,Organic Search,United States,16,15,23,12,14,25.4,0,1,1,Churned,1,0.0
USR-007197,2026-02-05,2026-09-25,Team,Social,United Kingdom,13,13,13,8,3,22.1,2,1,1,Active Paid,0,89.0
USR-007198,2024-11-04,2026-09-23,Pro,Organic Search,Germany,7,4,5,1,0,16.1,1,1,1,Active Paid,0,29.0
USR-007199,2026-03-29,2026-09-20,Free,Paid Search,United States,9,9,3,1,2,15.3,0,1,1,Free,0,0.0
USR-007200,2025-11-06,2026-09-18,Free,Paid Search,United States,6,5,0,1,1,14.7,1,1,0,Free,0,0.0
USR-007201,2025-05-16,2026-09-16,Free,Organic Search,United Kingdom,0,0,0,0,0,0.0,0,0,0,Free,0,0.0
USR-007202,2026-02-22,2026-09-29,Team,Partnership,Other,16,16,21,9,13,13.4,0,1,1,Active Paid,0,89.0
USR-007203,2026-03-10,2026-09-28,Free,Referral,Australia,9,9,6,2,4,15.4,0,1,1,Free,0,0.0
USR-007204,2026-06-15,2026-09-26,Pro,Content,United Kingdom,8,8,6,4,3,19.9,0,1,1,Active Paid,0,29.0
USR-007205,2026-09-12,2026-09-23,Team,Content,United States,5,5,5,2,3,20.5,0,1,1,Active Paid,0,89.0
USR-007206,2025-09-22,2026-09-24,Team,Partnership,Other,16,11,12,5,5,22.8,3,1,1,Active Paid,0,89.0
USR-007207,2024-10-10,2026-09-23,Team,Referral,Germany,15,15,17,11,5,11.7,0,1,1,Active Paid,0,89.0
USR-007208,2026-04-11,2026-09-23,Free,Paid Search,France,6,6,6,2,0,20.6,0,1,0,Free,0,0.0
USR-007209,2025-11-05,2026-09-20,Free,Content,United States,11,11,7,5,2,17.1,1,1,1,Free,0,0.0
USR-007210,2024-11-16,2026-09-21,Team,Social,United States,0,0,0,0,0,0.0,1,0,1,Active Paid,0,89.0
USR-007211,2025-03-12,2026-08-05,Free,Paid Search,United States,4,4,1,0,0,9.7,0,0,1,Churned,1,0.0
USR-007212,2026-09-13,2026-09-27,Free,Paid Search,Other,8,8,3,2,0,8.2,0,1,1,Free,0,0.0
USR-007213,2025-09-23,2026-09-27,Team,Paid Search,Other,11,11,6,4,3,20.5,0,1,1,Active Paid,0,89.0
USR-007214,2026-06-05,2026-09-22,Pro,Social,United States,8,8,9,5,2,15.2,0,1,1,Active Paid,0,29.0
USR-007215,2026-03-23,2026-09-28,Free,Content,France,13,13,15,2,5,15.6,0,1,0,Free,0,0.0
USR-007216,2026-03-23,2026-09-12,Free,Social,Other,0,0,0,0,0,0.0,0,0,0,Churned,1,0.0
USR-007217,2025-07-05,2026-09-23,Free,Paid Search,Other,5,5,4,0,0,16.8,0,1,0,Free,0,0.0
USR-007218,2026-04-26,2026-09-22,Team,Organic Search,United Kingdom,15,15,11,8,7,22.7,0,1,1,Active Paid,0,89.0
USR-007219,2026-03-19,2026-09-24,Pro,Content,United States,6,6,4,3,3,16.2,2,0,1,Active Paid,0,29.0
USR-007220,2026-04-07,2026-09-19,Free,Paid Search,Other,8,8,6,1,0,14.9,0,0,0,Free,0,0.0
USR-007221,2026-01-03,2026-09-01,Free,Paid Search,United States,6,6,1,1,1,11.3,0,1,0,Churned,1,0.0
USR-007222,2025-06-03,2026-09-24,Team,Referral,United States,8,8,10,6,5,25.5,1,1,1,Active Paid,0,89.0
USR-007223,2025-12-04,2026-09-25,Team,Content,United States,10,10,8,4,9,23.5,1,1,1,Active Paid,0,89.0
USR-007224,2026-01-24,2026-09-24,Free,Social,Canada,6,6,0,0,0,11.3,0,0,0,Free,0,0.0
USR-007225,2025-09-10,2026-09-26,Pro,Referral,United States,10,10,6,4,3,12.3,0,1,1,Active Paid,0,29.0
USR-007226,2025-07-03,2026-09-25,Free,Organic Search,Germany,11,5,12,1,0,20.0,0,1,1,Free,0,0.0
USR-007227,2026-09-05,2026-09-26,Free,Partnership,Other,0,0,0,1,0,0.0,1,1,0,Free,0,0.0
USR-007228,2024-12-18,2026-09-20,Free,Social,Canada,7,7,2,0,1,6.5,0,1,1,Free,0,0.0
USR-007229,2024-11-29,2026-07-26,Free,Referral,Other,6,6,5,2,0,23.6,1,1,1,Churned,1,0.0
USR-007230,2025-07-12,2026-09-26,Pro,Organic Search,Other,14,13,14,9,4,19.5,0,1,1,Active Paid,0,29.0
USR-007231,2025-08-01,2026-09-17,Free,Referral,Australia,4,4,1,2,0,14.5,1,1,0,Free,0,0.0
USR-007232,2025-05-07,2026-07-29,Free,Paid Search,Germany,3,3,0,0,0,6.7,0,0,0,Churned,1,0.0
USR-007233,2025-11-04,2026-09-23,Free,Social,Other,8,8,1,2,2,19.8,0,1,1,Free,0,0.0
USR-007234,2025-12-28,2026-09-22,Free,Referral,Canada,4,4,2,2,0,5.9,0,0,0,Free,0,0.0
USR-007235,2026-01-06,2026-09-26,Pro,Content,United States,11,9,12,9,4,24.4,0,1,1,Active Paid,0,29.0
USR-007236,2026-05-24,2026-09-26,Free,Paid Search,Other,11,11,6,2,4,6.4,1,1,1,Free,0,0.0
USR-007237,2025-01-22,2026-09-23,Free,Content,Canada,6,6,3,0,0,18.3,0,1,1,Free,0,0.0
USR-007238,2026-01-29,2026-09-27,Team,Organic Search,Other,9,8,6,2,2,21.0,0,1,1,Active Paid,0,89.0
USR-007239,2026-02-24,2026-09-23,Free,Social,United Kingdom,3,3,1,0,0,15.8,0,1,0,Free,0,0.0
USR-007240,2024-10-26,2026-09-21,Team,Organic Search,United Kingdom,9,9,6,3,7,17.0,1,1,1,Active Paid,0,89.0
USR-007241,2025-09-18,2026-09-25,Pro,Paid Search,Australia,7,7,4,2,1,17.7,0,1,1,Active Paid,0,29.0
USR-007242,2025-06-28,2026-09-24,Pro,Content,Germany,4,4,3,0,0,8.0,0,1,1,Active Paid,0,29.0
USR-007243,2026-03-24,2026-09-20,Pro,Organic Search,United Kingdom,9,9,15,8,2,16.1,0,1,1,Active Paid,0,29.0
USR-007244,2026-03-01,2026-08-21,Free,Content,Other,0,0,0,0,0,0.0,1,1,1,Churned,1,0.0
USR-007245,2025-04-13,2026-09-22,Pro,Paid Search,Canada,13,11,15,4,2,21.3,0,1,1,Active Paid,0,29.0
USR-007246,2025-10-28,2026-09-23,Pro,Referral,United States,5,5,3,4,1,20.7,0,1,1,Active Paid,0,29.0
USR-007247,2026-06-02,2026-09-21,Free,Organic Search,France,5,5,5,0,0,9.1,0,1,1,Free,0,0.0
USR-007248,2025-01-26,2026-09-27,Pro,Referral,United States,14,11,14,9,4,21.5,0,1,1,Active Paid,0,29.0
USR-007249,2025-12-02,2026-09-23,Free,Content,Canada,2,2,1,1,1,15.0,0,1,1,Free,0,0.0
USR-007250,2025-05-26,2026-09-25,Team,Social,United States,11,11,11,9,8,12.1,0,1,1,Active Paid,0,89.0
USR-007251,2026-01-14,2026-09-16,Pro,Paid Search,United States,9,9,5,2,0,10.2,1,1,1,Active Paid,0,29.0
USR-007252,2025-08-11,2026-09-20,Free,Content,Other,0,0,0,0,0,0.0,0,1,1,Free,0,0.0
USR-007253,2025-03-10,2026-09-28,Team,Referral,United States,9,9,7,2,5,17.7,1,1,1,Active Paid,0,89.0
USR-007254,2024-12-22,2026-09-26,Team,Organic Search,France,5,5,4,2,1,22.3,0,1,1,Active Paid,0,89.0
USR-007255,2026-04-20,2026-09-25,Pro,Referral,Germany,14,14,14,7,2,27.4,0,1,1,Active Paid,0,29.0
USR-007256,2025-05-23,2026-09-21,Free,Referral,United States,4,4,2,0,1,18.2,1,1,1,Free,0,0.0
USR-007257,2024-12-01,2026-09-21,Pro,Referral,Other,9,9,7,4,1,14.8,3,1,1,Active Paid,0,29.0
USR-007258,2025-06-13,2026-09-08,Pro,Paid Search,United States,5,5,4,5,2,14.2,2,1,1,Churned,1,0.0
USR-007259,2026-06-05,2026-09-24,Free,Paid Search,Canada,6,6,2,0,1,14.3,0,0,0,Free,0,0.0
USR-007260,2026-05-03,2026-09-26,Team,Partnership,Australia,15,15,18,4,9,22.0,0,1,1,Active Paid,0,89.0
USR-007261,2026-04-23,2026-07-12,Pro,Social,Australia,11,11,7,6,1,22.0,1,0,1,Churned,1,0.0
USR-007262,2026-07-01,2026-09-23,Pro,Social,United Kingdom,7,7,6,3,2,8.9,0,1,1,Active Paid,0,29.0
USR-007263,2025-03-26,2026-09-21,Pro,Partnership,Australia,13,13,16,11,1,20.1,1,1,1,Active Paid,0,29.0
USR-007264,2024-10-25,2026-09-25,Free,Organic Search,Other,14,11,11,2,3,20.4,0,1,0,Free,0,0.0
USR-007265,2025-09-11,2026-09-23,Team,Paid Search,Canada,12,12,7,6,7,23.5,1,1,1,Active Paid,0,89.0
USR-007266,2025-07-14,2026-09-24,Pro,Referral,Germany,7,7,6,6,2,24.3,1,1,1,Active Paid,0,29.0
USR-007267,2025-03-11,2026-09-25,Free,Referral,United Kingdom,6,6,4,1,0,6.9,1,1,1,Free,0,0.0
USR-007268,2025-11-22,2026-09-26,Free,Partnership,United Kingdom,9,9,10,2,2,10.8,0,1,1,Free,0,0.0
USR-007269,2025-10-13,2026-09-25,Free,Referral,Canada,9,9,4,2,1,16.4,1,1,0,Free,0,0.0
USR-007270,2025-07-21,2026-07-20,Pro,Paid Search,United States,14,13,8,7,4,24.2,1,1,1,Churned,1,0.0
USR-007271,2026-02-10,2026-09-25,Free,Paid Search,France,9,8,8,3,0,15.9,1,1,0,Free,0,0.0
USR-007272,2026-08-02,2026-08-02,Team,Organic Search,United States,8,8,4,2,2,14.8,2,1,1,Churned,1,0.0
USR-007273,2025-08-06,2026-09-25,Team,Partnership,United States,10,10,12,2,6,12.7,0,1,1,Active Paid,0,89.0
USR-007274,2025-02-05,2026-09-26,Pro,Organic Search,United Kingdom,7,5,5,0,1,12.6,1,0,1,Active Paid,0,29.0
USR-007275,2026-07-25,2026-09-26,Free,Social,United States,2,2,2,1,0,9.1,0,1,0,Free,0,0.0
USR-007276,2026-04-14,2026-09-25,Pro,Paid Search,Canada,9,9,8,4,1,14.9,0,1,1,Active Paid,0,29.0
USR-007277,2026-03-11,2026-09-20,Free,Organic Search,Canada,5,5,6,0,2,14.6,0,1,0,Free,0,0.0
USR-007278,2025-02-17,2026-09-24,Pro,Paid Search,United States,3,3,2,2,0,16.7,0,1,1,Active Paid,0,29.0
USR-007279,2025-09-20,2026-09-24,Free,Referral,United States,0,0,0,0,0,0.0,0,0,0,Free,0,0.0
USR-007280,2025-08-29,2026-08-25,Team,Organic Search,United States,5,5,5,2,2,13.6,2,0,1,Churned,1,0.0
USR-007281,2025-06-11,2026-07-26,Free,Partnership,Germany,2,2,1,1,0,13.4,0,1,0,Churned,1,0.0
USR-007282,2026-03-02,2026-09-27,Free,Content,United States,8,8,4,1,4,13.8,0,1,1,Free,0,0.0
USR-007283,2025-04-23,2026-07-12,Team,Organic Search,France,11,11,8,4,9,26.0,1,1,1,Churned,1,0.0
USR-007284,2026-08-25,2026-09-21,Free,Content,Germany,15,7,11,4,0,10.0,0,0,0,Free,0,0.0
USR-007285,2026-06-26,2026-09-26,Pro,Paid Search,United Kingdom,6,6,3,2,1,17.2,0,1,1,Active Paid,0,29.0
USR-007286,2025-02-09,2026-09-25,Team,Organic Search,United States,7,7,4,2,2,12.2,0,1,1,Active Paid,0,89.0
USR-007287,2025-06-02,2026-09-17,Free,Paid Search,United Kingdom,5,5,0,1,1,3.8,0,1,0,Free,0,0.0
USR-007288,2026-05-12,2026-09-24,Free,Content,United Kingdom,7,7,1,1,2,10.1,0,1,0,Free,0,0.0
USR-007289,2025-11-06,2026-08-01,Free,Referral,United Kingdom,5,4,5,0,0,13.0,0,0,1,Churned,1,0.0
USR-007290,2026-08-09,2026-09-26,Pro,Organic Search,Other,9,9,8,4,1,14.7,2,1,1,Active Paid,0,29.0
USR-007291,2025-05-23,2026-09-23,Team,Referral,United States,10,10,10,4,0,13.2,0,0,1,Active Paid,0,89.0
USR-007292,2025-03-24,2026-09-23,Free,Referral,United States,10,9,8,0,1,10.1,0,1,0,Free,0,0.0
USR-007293,2026-02-28,2026-09-24,Pro,Referral,Australia,0,0,2,1,0,0.0,0,1,1,Active Paid,0,29.0
USR-007294,2026-01-08,2026-07-18,Free,Social,Other,5,5,3,0,0,15.7,0,0,0,Churned,1,0.0
USR-007295,2026-03-30,2026-09-23,Pro,Content,Canada,8,8,5,1,0,21.1,1,1,1,Active Paid,0,29.0
USR-007296,2025-12-11,2026-09-22,Pro,Referral,Canada,6,6,4,1,2,19.5,1,0,1,Active Paid,0,29.0
USR-007297,2026-03-05,2026-09-20,Team,Organic Search,United States,16,16,14,7,7,19.5,0,1,1,Active Paid,0,89.0
USR-007298,2026-03-23,2026-07-10,Free,Content,Australia,3,3,2,0,1,9.3,0,1,0,Churned,1,0.0
USR-007299,2025-11-12,2026-09-23,Free,Paid Search,Germany,5,5,4,0,0,6.9,0,1,1,Free,0,0.0
USR-007300,2025-01-09,2026-09-22,Free,Referral,Canada,7,7,3,0,1,16.8,0,0,0,Free,0,0.0
USR-007301,2025-03-19,2026-09-22,Free,Referral,United States,0,0,2,0,0,0.0,1,1,1,Free,0,0.0
USR-007302,2026-02-15,2026-09-23,Free,Paid Search,United Kingdom,8,8,5,1,1,16.0,0,1,1,Free,0,0.0
USR-007303,2024-11-10,2026-07-30,Team,Organic Search,France,7,7,5,3,3,11.3,1,1,1,Churned,1,0.0
USR-007304,2026-04-18,2026-09-12,Free,Referral,United States,9,8,5,3,2,17.1,0,1,1,Free,0,0.0
USR-007305,2024-12-03,2026-09-21,Free,Content,Canada,2,2,1,0,0,14.4,0,0,0,Free,0,0.0
USR-007306,2026-02-06,2026-09-24,Pro,Content,United States,13,9,9,3,3,16.0,0,1,1,Active Paid,0,29.0
USR-007307,2025-08-25,2026-09-25,Free,Referral,Australia,8,7,2,1,1,12.7,0,0,0,Free,0,0.0
USR-007308,2026-04-23,2026-07-19,Free,Organic Search,United States,14,7,11,1,2,13.1,0,0,0,Churned,1,0.0
USR-007309,2025-03-20,2026-09-25,Team,Paid Search,Other,10,10,7,1,3,13.8,3,1,1,Active Paid,0,89.0
USR-007310,2026-01-31,2026-09-14,Free,Referral,Canada,5,5,3,0,1,15.6,0,0,1,Free,0,0.0
USR-007311,2024-12-31,2026-09-18,Free,Paid Search,United Kingdom,5,5,2,0,0,8.7,0,0,0,Free,0,0.0
USR-007312,2026-07-18,2026-09-27,Pro,Referral,United Kingdom,20,20,14,7,6,23.7,1,1,1,Active Paid,0,29.0
USR-007313,2025-09-22,2026-09-22,Free,Paid Search,Canada,4,4,3,0,0,7.4,1,0,0,Free,0,0.0
USR-007314,2026-05-25,2026-09-27,Free,Organic Search,United Kingdom,8,8,5,2,4,21.0,0,1,1,Free,0,0.0
USR-007315,2024-12-19,2026-09-23,Free,Social,United Kingdom,1,1,2,0,0,8.7,0,0,0,Free,0,0.0
USR-007316,2025-11-21,2026-09-19,Free,Social,United States,0,0,0,0,0,0.0,0,0,0,Free,0,0.0
USR-007317,2025-05-21,2026-09-26,Team,Referral,United Kingdom,9,9,7,0,9,20.1,1,1,1,Active Paid,0,89.0
USR-007318,2024-12-26,2026-09-27,Free,Paid Search,Australia,6,6,8,1,1,17.9,0,1,1,Free,0,0.0
USR-007319,2025-08-29,2026-09-21,Free,Content,United States,6,6,4,2,0,18.6,0,1,0,Free,0,0.0
USR-007320,2026-08-06,2026-09-11,Free,Social,Australia,2,2,1,0,1,6.8,0,0,1,Churned,1,0.0
USR-007321,2026-04-11,2026-07-24,Team,Referral,Other,12,9,12,7,6,17.2,1,0,1,Churned,1,0.0
USR-007322,2026-04-16,2026-09-22,Free,Social,Germany,6,6,1,0,1,5.5,0,0,0,Free,0,0.0
USR-007323,2024-12-01,2026-09-27,Team,Paid Search,United States,0,0,0,0,0,0.0,0,0,1,Active Paid,0,89.0
USR-007324,2024-12-05,2026-09-28,Free,Referral,Canada,0,0,0,0,0,0.0,0,1,0,Free,0,0.0
USR-007325,2025-10-09,2026-09-20,Team,Social,Australia,10,10,6,4,4,16.3,0,1,1,Active Paid,0,89.0
USR-007326,2024-12-18,2026-07-27,Free,Social,United Kingdom,7,3,1,1,0,7.1,1,0,0,Churned,1,0.0
USR-007327,2026-03-24,2026-07-08,Free,Referral,United States,3,3,3,0,0,17.1,0,1,0,Churned,1,0.0
USR-007328,2025-05-18,2026-09-23,Free,Organic Search,United Kingdom,6,2,1,0,0,11.4,0,1,0,Free,0,0.0
USR-007329,2025-12-09,2026-07-08,Free,Content,United Kingdom,4,4,1,1,0,7.0,1,1,1,Churned,1,0.0
USR-007330,2026-03-28,2026-09-23,Pro,Paid Search,United States,7,6,1,1,0,10.9,0,1,1,Active Paid,0,29.0
USR-007331,2026-03-21,2026-09-21,Pro,Organic Search,United States,8,7,4,2,1,8.6,0,1,1,Active Paid,0,29.0
USR-007332,2025-11-19,2026-09-24,Pro,Referral,Germany,7,7,5,1,0,12.3,0,1,1,Active Paid,0,29.0
USR-007333,2026-01-16,2026-08-19,Free,Organic Search,Canada,3,3,1,0,0,9.9,0,1,0,Churned,1,0.0
USR-007334,2026-04-17,2026-08-20,Pro,Partnership,United States,12,12,7,3,1,19.2,0,1,1,Churned,1,0.0
USR-007335,2026-01-20,2026-07-28,Free,Paid Search,Other,6,6,5,1,0,8.3,0,1,0,Churned,1,0.0
USR-007336,2026-06-16,2026-09-21,Team,Paid Search,United States,6,6,4,0,4,8.6,1,1,1,Active Paid,0,89.0
USR-007337,2024-10-22,2026-09-24,Pro,Organic Search,United States,3,3,0,0,0,16.0,2,0,1,Active Paid,0,29.0
USR-007338,2025-12-18,2026-09-24,Pro,Organic Search,United States,6,6,6,2,0,12.7,0,1,1,Active Paid,0,29.0
USR-007339,2026-07-01,2026-09-23,Pro,Organic Search,United States,8,8,3,2,1,20.6,1,0,1,Active Paid,0,29.0
USR-007340,2025-07-31,2026-09-21,Pro,Organic Search,Canada,12,12,14,8,4,19.9,2,1,1,Active Paid,0,29.0
USR-007341,2024-12-23,2026-09-23,Free,Paid Search,United States,12,8,12,2,2,31.1,0,1,1,Free,0,0.0
USR-007342,2026-01-01,2026-09-22,Free,Paid Search,Other,5,5,1,1,0,9.7,0,0,0,Free,0,0.0
USR-007343,2025-01-19,2026-09-21,Pro,Paid Search,Other,11,11,12,6,3,15.3,0,1,1,Active Paid,0,29.0
USR-007344,2025-07-06,2026-09-23,Free,Organic Search,United Kingdom,8,8,4,0,3,15.9,0,1,1,Free,0,0.0
USR-007345,2025-04-05,2026-09-25,Free,Organic Search,Australia,5,5,1,0,0,11.1,0,1,0,Free,0,0.0
USR-007346,2026-02-16,2026-09-24,Pro,Organic Search,Germany,6,5,2,1,0,14.9,0,0,1,Active Paid,0,29.0
USR-007347,2026-08-20,2026-09-20,Free,Organic Search,Other,4,4,0,0,0,10.6,0,0,1,Free,0,0.0
USR-007348,2026-01-11,2026-08-25,Pro,Paid Search,United States,7,7,9,5,3,21.0,0,1,1,Churned,1,0.0
USR-007349,2024-11-24,2026-09-20,Free,Organic Search,Germany,5,5,4,0,1,19.8,0,1,0,Free,0,0.0
USR-007350,2025-02-27,2026-09-21,Free,Paid Search,United States,8,5,3,2,1,10.9,0,1,1,Free,0,0.0
USR-007351,2025-03-04,2026-09-21,Pro,Partnership,United States,12,8,3,7,0,16.9,0,0,1,Active Paid,0,29.0
USR-007352,2024-12-27,2026-09-23,Free,Paid Search,Other,2,2,0,1,0,17.9,0,0,0,Free,0,0.0
USR-007353,2025-12-23,2026-09-26,Pro,Organic Search,United States,10,10,8,5,1,20.6,0,1,1,Active Paid,0,29.0
USR-007354,2026-01-28,2026-09-27,Pro,Referral,United Kingdom,10,10,7,7,4,11.7,0,1,1,Active Paid,0,29.0
USR-007355,2024-11-23,2026-07-30,Pro,Social,United States,4,4,0,1,0,15.1,2,0,1,Churned,1,0.0
USR-007356,2025-08-03,2026-09-21,Free,Organic Search,Other,3,3,1,0,0,9.7,0,1,1,Free,0,0.0
USR-007357,2026-02-14,2026-09-23,Pro,Content,United Kingdom,6,6,0,2,0,10.4,1,0,1,Active Paid,0,29.0
USR-007358,2026-03-01,2026-09-22,Free,Referral,United States,3,3,0,0,1,13.2,0,1,0,Free,0,0.0
USR-007359,2024-12-27,2026-09-06,Free,Partnership,Germany,9,9,12,2,3,14.7,0,0,0,Churned,1,0.0
USR-007360,2026-08-08,2026-09-22,Free,Partnership,United States,1,1,1,1,0,10.6,1,1,1,Free,0,0.0
USR-007361,2026-08-02,2026-09-23,Free,Social,United States,1,1,1,0,0,15.2,0,0,0,Free,0,0.0
USR-007362,2025-04-06,2026-09-26,Free,Referral,France,12,12,11,2,1,16.8,1,1,0,Free,0,0.0
USR-007363,2026-09-15,2026-09-15,Free,Paid Search,Other,0,0,0,0,0,0.0,0,0,0,Churned,1,0.0
USR-007364,2026-05-16,2026-09-27,Free,Content,France,3,3,1,2,1,14.0,0,0,0,Free,0,0.0
USR-007365,2024-10-07,2026-09-29,Pro,Social,United States,20,14,19,10,10,20.3,0,1,1,Active Paid,0,29.0
USR-007366,2025-11-15,2026-07-07,Free,Paid Search,United Kingdom,0,0,1,0,0,0.0,0,0,0,Churned,1,0.0
USR-007367,2025-04-13,2026-09-23,Free,Organic Search,Australia,15,10,10,4,7,13.0,0,1,1,Free,0,0.0
USR-007368,2025-10-02,2026-09-26,Free,Social,United States,8,8,8,2,1,14.0,1,1,1,Free,0,0.0
USR-007369,2026-07-13,2026-09-23,Free,Social,France,5,5,7,2,3,16.2,1,1,1,Free,0,0.0
USR-007370,2026-05-07,2026-09-24,Pro,Content,Canada,11,11,8,1,2,23.4,1,1,1,Active Paid,0,29.0
USR-007371,2025-03-20,2026-09-26,Team,Organic Search,Other,8,8,9,4,6,15.3,0,1,1,Active Paid,0,89.0
USR-007372,2026-07-10,2026-09-27,Free,Content,United Kingdom,2,2,0,1,0,12.9,0,0,1,Free,0,0.0
USR-007373,2025-07-17,2026-08-21,Pro,Organic Search,Other,8,8,4,2,2,15.0,0,1,1,Churned,1,0.0
USR-007374,2026-01-10,2026-09-23,Free,Social,United Kingdom,0,0,0,0,1,0.0,0,1,0,Free,0,0.0
USR-007375,2025-12-25,2026-09-28,Team,Paid Search,France,3,3,3,0,0,14.3,0,1,1,Active Paid,0,89.0
USR-007376,2024-11-04,2026-09-26,Free,Paid Search,United States,3,3,1,0,1,10.7,1,1,0,Free,0,0.0
USR-007377,2025-07-09,2026-09-22,Free,Paid Search,Canada,2,2,0,0,0,17.3,0,0,1,Free,0,0.0
USR-007378,2025-07-03,2026-08-23,Free,Organic Search,United Kingdom,2,2,0,0,0,6.3,0,0,0,Churned,1,0.0
USR-007379,2026-01-08,2026-09-21,Free,Organic Search,United States,7,7,4,0,1,11.7,0,1,0,Free,0,0.0
USR-007380,2025-12-17,2026-09-25,Pro,Content,United Kingdom,14,14,15,6,5,20.4,0,1,1,Active Paid,0,29.0
USR-007381,2025-05-13,2026-08-25,Free,Organic Search,United States,0,0,0,0,0,0.0,0,0,0,Churned,1,0.0
USR-007382,2026-08-19,2026-09-01,Free,Referral,Other,0,0,1,0,0,0.0,0,1,1,Churned,1,0.0
USR-007383,2026-03-30,2026-09-23,Free,Referral,Australia,5,5,2,0,4,10.0,0,1,0,Free,0,0.0
USR-007384,2025-07-13,2026-09-23,Team,Organic Search,France,12,12,9,3,6,19.5,0,1,1,Active Paid,0,89.0
USR-007385,2025-06-27,2026-09-26,Pro,Content,United Kingdom,8,8,9,4,0,22.6,0,0,1,Active Paid,0,29.0
USR-007386,2026-07-12,2026-09-24,Team,Content,United States,10,10,7,4,7,11.9,0,1,1,Active Paid,0,89.0
USR-007387,2025-03-01,2026-09-29,Pro,Content,United Kingdom,6,6,1,0,0,6.8,0,1,1,Active Paid,0,29.0
USR-007388,2025-08-24,2026-09-24,Team,Content,United States,13,13,9,12,11,22.4,0,1,1,Active Paid,0,89.0
USR-007389,2026-03-30,2026-09-24,Free,Social,Canada,5,5,2,0,0,13.2,1,1,1,Free,0,0.0
USR-007390,2025-03-27,2026-09-26,Free,Partnership,Australia,4,4,0,0,0,16.2,0,1,0,Free,0,0.0
USR-007391,2024-10-07,2026-09-27,Free,Organic Search,United States,6,6,2,0,1,15.9,0,1,0,Free,0,0.0
USR-007392,2025-11-17,2026-09-27,Free,Organic Search,United States,7,7,8,0,3,19.9,0,1,0,Free,0,0.0
USR-007393,2026-02-25,2026-09-23,Pro,Referral,United States,9,9,8,3,4,22.9,0,1,1,Active Paid,0,29.0
USR-007394,2026-02-13,2026-09-19,Free,Paid Search,Canada,2,2,2,1,0,9.3,0,1,0,Free,0,0.0
USR-007395,2025-07-19,2026-09-21,Free,Social,United States,0,0,0,0,0,0.0,0,1,0,Free,0,0.0
USR-007396,2026-08-13,2026-09-21,Pro,Paid Search,United Kingdom,13,6,13,1,0,23.0,0,0,1,Active Paid,0,29.0
USR-007397,2025-10-05,2026-09-25,Free,Paid Search,United States,10,10,5,2,2,14.2,1,1,0,Free,0,0.0
USR-007398,2026-08-29,2026-09-22,Free,Content,United States,6,6,2,0,0,13.3,1,1,0,Free,0,0.0
USR-007399,2026-08-19,2026-08-19,Free,Organic Search,France,0,0,0,0,0,0.0,0,0,0,Churned,1,0.0
USR-007400,2025-11-12,2026-09-24,Pro,Organic Search,Other,8,6,5,2,0,8.3,0,1,1,Active Paid,0,29.0
USR-007401,2025-03-31,2026-09-21,Free,Referral,United States,6,6,4,0,0,2.9,0,1,1,Free,0,0.0
USR-007402,2024-12-23,2026-07-20,Free,Content,United States,7,7,5,0,1,20.2,0,0,1,Churned,1,0.0
USR-007403,2026-07-15,2026-09-16,Free,Content,United States,3,3,2,0,0,9.9,0,1,1,Free,0,0.0
USR-007404,2026-03-25,2026-09-08,Pro,Organic Search,Australia,8,8,6,2,1,14.5,1,1,1,Churned,1,0.0
USR-007405,2025-11-18,2026-09-27,Free,Content,Canada,7,6,3,1,1,9.6,0,1,1,Free,0,0.0
USR-007406,2025-08-01,2026-09-28,Free,Social,Germany,4,4,1,1,0,11.7,0,1,1,Free,0,0.0
USR-007407,2024-10-10,2026-09-29,Team,Content,Canada,26,18,32,20,26,26.1,0,1,1,Active Paid,0,89.0
USR-007408,2025-05-14,2026-07-28,Team,Organic Search,Other,5,5,3,1,3,13.2,0,1,1,Churned,1,0.0
USR-007409,2025-08-27,2026-09-22,Free,Paid Search,United States,3,3,0,0,0,16.8,0,0,0,Free,0,0.0
USR-007410,2026-08-03,2026-09-24,Free,Social,United States,6,6,3,1,2,13.7,0,1,0,Free,0,0.0
USR-007411,2026-07-20,2026-09-18,Free,Social,United Kingdom,3,3,0,0,0,10.3,1,0,0,Free,0,0.0
USR-007412,2026-05-29,2026-09-23,Pro,Organic Search,Canada,7,7,9,2,4,22.3,0,1,1,Active Paid,0,29.0
USR-007413,2025-05-31,2026-08-28,Free,Social,United States,0,0,0,0,0,0.0,0,0,0,Churned,1,0.0
USR-007414,2026-01-22,2026-09-26,Team,Referral,Other,12,12,12,4,5,23.0,0,1,1,Active Paid,0,89.0
USR-007415,2026-03-27,2026-09-23,Pro,Paid Search,France,0,0,1,0,0,0.0,0,1,1,Active Paid,0,29.0
USR-007416,2025-05-24,2026-09-21,Pro,Social,Other,3,3,3,1,0,18.2,0,0,1,Active Paid,0,29.0
USR-007417,2025-02-10,2026-09-24,Free,Paid Search,Other,3,3,0,0,1,14.4,0,1,0,Free,0,0.0
USR-007418,2025-11-06,2026-09-30,Team,Content,Canada,14,14,11,2,11,21.0,0,1,1,Active Paid,0,89.0
USR-007419,2024-12-24,2026-09-20,Pro,Social,Other,5,5,1,0,0,8.0,2,0,1,Active Paid,0,29.0
USR-007420,2025-04-09,2026-09-28,Pro,Social,France,6,6,4,3,1,16.8,0,1,1,Active Paid,0,29.0
USR-007421,2025-04-21,2026-09-07,Free,Partnership,United Kingdom,9,9,3,3,3,24.3,0,1,0,Churned,1,0.0
USR-007422,2025-01-03,2026-09-23,Pro,Referral,Germany,9,8,4,3,1,13.1,0,0,1,Active Paid,0,29.0
USR-007423,2026-05-07,2026-09-22,Pro,Paid Search,Other,6,5,7,1,1,17.9,1,1,1,Active Paid,0,29.0
USR-007424,2025-03-22,2026-08-25,Team,Referral,Australia,9,9,7,6,9,16.1,1,0,1,Churned,1,0.0
USR-007425,2024-10-31,2026-09-24,Pro,Partnership,France,17,13,14,14,5,16.6,0,1,1,Active Paid,0,29.0
USR-007426,2024-10-06,2026-09-22,Free,Organic Search,United States,5,5,2,2,1,13.9,0,1,0,Free,0,0.0
USR-007427,2025-07-29,2026-09-24,Free,Referral,Australia,4,4,2,0,0,20.4,0,0,1,Free,0,0.0
USR-007428,2025-03-25,2026-09-23,Pro,Organic Search,United Kingdom,10,10,8,4,2,17.9,0,1,1,Active Paid,0,29.0
USR-007429,2024-12-19,2026-08-24,Team,Content,Germany,0,0,0,0,0,0.0,0,0,1,Churned,1,0.0
USR-007430,2025-01-14,2026-09-25,Pro,Referral,France,9,9,5,4,2,13.8,1,1,1,Active Paid,0,29.0
USR-007431,2024-12-13,2026-09-21,Free,Partnership,Canada,5,5,4,0,0,10.9,1,0,0,Free,0,0.0
USR-007432,2025-01-28,2026-07-15,Free,Referral,United States,8,8,9,2,3,17.8,0,1,1,Churned,1,0.0
USR-007433,2025-12-17,2026-09-24,Pro,Organic Search,France,14,11,7,2,3,13.3,0,1,1,Active Paid,0,29.0
USR-007434,2025-04-11,2026-09-28,Pro,Social,United States,12,9,6,1,1,16.4,1,1,1,Active Paid,0,29.0
USR-007435,2025-11-26,2026-08-16,Free,Content,United States,5,5,4,1,1,17.2,0,1,1,Churned,1,0.0
USR-007436,2025-02-19,2026-09-21,Free,Organic Search,United States,5,5,1,0,0,13.6,0,1,0,Free,0,0.0
USR-007437,2025-02-13,2026-09-25,Team,Organic Search,Germany,10,9,3,5,4,9.9,0,1,1,Active Paid,0,89.0
USR-007438,2024-11-16,2026-09-23,Free,Referral,United States,3,3,3,0,0,14.1,0,1,0,Free,0,0.0
USR-007439,2025-07-22,2026-09-22,Free,Social,United Kingdom,9,3,5,0,1,9.4,0,0,0,Free,0,0.0
USR-007440,2025-10-11,2026-07-02,Free,Organic Search,Other,0,0,0,0,0,0.0,0,0,1,Churned,1,0.0
USR-007441,2026-05-20,2026-09-19,Free,Paid Search,United Kingdom,7,7,3,0,0,14.6,0,1,0,Free,0,0.0
USR-007442,2025-06-16,2026-09-24,Free,Paid Search,Other,9,9,5,0,1,4.5,0,1,1,Free,0,0.0
USR-007443,2025-08-07,2026-09-14,Pro,Referral,Canada,11,11,8,1,2,17.3,0,1,1,Active Paid,0,29.0
USR-007444,2025-09-12,2026-09-26,Pro,Social,United States,9,8,8,0,1,19.3,2,1,1,Active Paid,0,29.0
USR-007445,2025-05-20,2026-09-24,Pro,Social,France,9,9,4,3,3,26.0,0,1,1,Active Paid,0,29.0
USR-007446,2025-01-15,2026-09-20,Pro,Content,United Kingdom,4,4,5,0,1,7.1,0,1,1,Active Paid,0,29.0
USR-007447,2026-06-01,2026-09-26,Free,Paid Search,Other,9,9,4,2,1,13.4,0,1,1,Free,0,0.0
USR-007448,2025-11-11,2026-08-29,Free,Referral,United States,7,5,1,2,0,8.7,0,0,0,Churned,1,0.0
USR-007449,2025-04-17,2026-09-17,Free,Paid Search,Australia,6,6,1,2,2,14.7,0,1,0,Free,0,0.0
USR-007450,2025-02-06,2026-09-25,Free,Paid Search,Canada,11,11,9,3,4,13.3,0,1,0,Free,0,0.0
USR-007451,2025-03-08,2026-09-20,Pro,Social,Other,1,1,1,0,0,19.8,0,0,1,Active Paid,0,29.0
USR-007452,2025-02-21,2026-09-23,Free,Referral,United States,9,6,4,1,0,10.4,0,0,1,Free,0,0.0
USR-007453,2025-01-12,2026-09-27,Pro,Partnership,Germany,10,10,11,5,6,19.3,0,1,1,Active Paid,0,29.0
USR-007454,2024-10-28,2026-07-26,Free,Paid Search,United States,3,3,1,0,0,12.7,1,0,0,Churned,1,0.0
USR-007455,2025-07-08,2026-09-23,Free,Organic Search,Australia,6,6,3,0,1,14.9,1,1,1,Free,0,0.0
USR-007456,2026-03-22,2026-09-21,Free,Paid Search,United States,9,5,5,0,0,11.6,0,1,0,Free,0,0.0
USR-007457,2025-08-09,2026-09-19,Free,Social,United Kingdom,5,5,3,0,0,4.9,0,1,0,Free,0,0.0
USR-007458,2025-04-26,2026-09-21,Pro,Organic Search,Germany,10,10,14,2,1,15.8,0,1,1,Active Paid,0,29.0
USR-007459,2026-07-05,2026-09-22,Pro,Content,Canada,18,16,16,9,11,12.6,0,1,1,Active Paid,0,29.0
USR-007460,2025-03-23,2026-09-22,Free,Content,Australia,11,11,6,1,0,13.3,1,1,0,Free,0,0.0
USR-007461,2025-08-22,2026-07-12,Pro,Social,France,14,13,12,6,4,18.7,0,1,1,Churned,1,0.0
USR-007462,2024-11-15,2026-09-25,Pro,Social,United States,11,11,4,9,2,14.6,0,0,1,Active Paid,0,29.0
USR-007463,2026-04-17,2026-09-25,Free,Organic Search,Australia,7,7,3,1,0,13.1,0,1,0,Free,0,0.0
USR-007464,2024-12-06,2026-08-24,Free,Social,United Kingdom,3,3,0,0,0,9.5,0,1,0,Churned,1,0.0
USR-007465,2025-10-30,2026-07-27,Free,Social,Germany,0,0,0,0,0,0.0,0,0,0,Churned,1,0.0
USR-007466,2025-08-01,2026-09-18,Free,Content,United States,0,0,1,0,0,0.0,0,0,0,Free,0,0.0
USR-007467,2025-06-01,2026-09-22,Team,Social,United Kingdom,5,5,2,2,4,11.1,0,0,1,Active Paid,0,89.0
USR-007468,2025-07-28,2026-09-18,Free,Organic Search,Australia,1,1,0,1,0,9.6,0,0,0,Free,0,0.0
USR-007469,2024-12-08,2026-09-19,Free,Organic Search,Other,1,1,0,0,0,14.6,0,0,0,Free,0,0.0
USR-007470,2026-05-19,2026-09-22,Pro,Organic Search,Other,9,9,4,4,2,10.8,1,1,1,Active Paid,0,29.0
USR-007471,2025-04-12,2026-09-19,Free,Partnership,France,7,3,2,0,2,9.6,2,1,0,Free,0,0.0
USR-007472,2024-10-18,2026-09-24,Pro,Content,United States,10,10,9,4,0,21.5,0,1,1,Active Paid,0,29.0
USR-007473,2026-04-11,2026-09-24,Free,Content,United Kingdom,12,11,11,4,3,19.4,0,0,0,Free,0,0.0
USR-007474,2026-03-17,2026-09-26,Free,Content,United States,10,10,7,1,1,16.9,0,1,1,Free,0,0.0
USR-007475,2025-10-11,2026-09-22,Free,Organic Search,France,7,7,9,1,1,16.7,0,1,1,Free,0,0.0
USR-007476,2025-04-15,2026-09-23,Free,Referral,United States,6,6,2,1,2,24.0,0,1,1,Free,0,0.0
USR-007477,2024-10-30,2026-09-14,Free,Referral,Other,2,2,0,1,0,6.2,0,0,1,Churned,1,0.0
USR-007478,2025-02-24,2026-09-24,Pro,Organic Search,United States,0,0,0,0,0,0.0,0,1,1,Active Paid,0,29.0
USR-007479,2025-02-25,2026-09-12,Pro,Social,United States,8,8,3,0,0,19.2,1,0,1,Churned,1,0.0
USR-007480,2025-11-04,2026-09-26,Pro,Referral,Other,5,5,0,2,0,13.1,0,0,1,Active Paid,0,29.0
USR-007481,2025-06-11,2026-09-21,Free,Content,United States,5,4,2,0,0,15.9,1,1,1,Free,0,0.0
USR-007482,2026-04-17,2026-09-27,Team,Organic Search,United States,7,7,9,3,1,21.7,0,1,1,Active Paid,0,89.0
USR-007483,2025-10-19,2026-08-10,Free,Content,Canada,4,4,1,1,0,24.5,0,1,1,Churned,1,0.0
USR-007484,2026-05-03,2026-09-23,Pro,Partnership,Other,4,3,2,0,0,10.9,2,1,1,Active Paid,0,29.0
USR-007485,2026-08-27,2026-09-19,Pro,Partnership,United States,8,8,3,3,3,17.5,1,1,1,Active Paid,0,29.0
USR-007486,2025-01-11,2026-09-27,Pro,Organic Search,United Kingdom,0,0,0,0,0,0.0,0,1,1,Active Paid,0,29.0
USR-007487,2025-02-17,2026-09-19,Free,Organic Search,United States,0,0,0,0,0,0.0,0,1,0,Free,0,0.0
USR-007488,2025-09-15,2026-09-25,Pro,Referral,Canada,2,2,1,0,1,18.0,0,1,1,Active Paid,0,29.0
USR-007489,2026-09-05,2026-09-18,Pro,Paid Search,United Kingdom,1,1,0,0,0,14.9,0,0,1,Active Paid,0,29.0
USR-007490,2026-07-13,2026-09-21,Free,Organic Search,Germany,6,6,3,1,0,16.6,0,1,1,Free,0,0.0
USR-007491,2026-06-28,2026-09-27,Pro,Referral,Canada,12,12,5,5,2,22.4,0,1,1,Active Paid,0,29.0
USR-007492,2025-04-21,2026-09-22,Free,Organic Search,Other,10,10,2,1,1,10.5,0,1,1,Free,0,0.0
USR-007493,2026-04-23,2026-09-01,Free,Paid Search,France,3,3,2,1,0,17.9,0,1,1,Churned,1,0.0
USR-007494,2026-03-21,2026-09-27,Pro,Partnership,France,13,13,15,5,5,24.6,0,0,1,Active Paid,0,29.0
USR-007495,2025-01-08,2026-09-25,Pro,Paid Search,Canada,3,3,3,1,0,11.9,2,1,1,Active Paid,0,29.0
USR-007496,2024-12-28,2026-09-25,Free,Content,United States,5,5,2,1,1,19.0,0,0,1,Free,0,0.0
USR-007497,2025-03-19,2026-09-17,Free,Paid Search,United Kingdom,5,5,0,0,0,10.9,0,0,0,Free,0,0.0
USR-007498,2026-02-06,2026-09-21,Free,Paid Search,Canada,5,5,7,0,1,16.2,0,1,1,Free,0,0.0
USR-007499,2025-07-28,2026-09-23,Free,Organic Search,United States,5,5,2,2,0,3.0,0,1,0,Free,0,0.0
USR-007500,2026-04-25,2026-09-23,Free,Paid Search,United States,1,1,0,0,0,4.2,0,0,0,Free,0,0.0
